Date,spy,tlt,gld,vix,hyg
2010-01-04,113.33000183105469,89.80999755859375,109.80000305175781,20.040000915527344,88.52999877929688
2010-01-05,113.62999725341797,90.38999938964844,109.69999694824219,19.350000381469727,88.94999694824219
2010-01-06,113.70999908447266,89.18000030517578,111.51000213623047,19.15999984741211,89.18000030517578
2010-01-07,114.19000244140625,89.33000183105469,110.81999969482422,19.059999465942383,89.54000091552734
2010-01-08,114.56999969482422,89.29000091552734,111.37000274658203,18.1299991607666,89.68000030517578
2010-01-11,114.7300033569336,88.80000305175781,112.8499984741211,17.549999237060547,89.5999984741211
2010-01-12,113.66000366210938,90.31999969482422,110.48999786376953,18.25,89.13999938964844
2010-01-13,114.62000274658203,89.2699966430664,111.54000091552734,17.850000381469727,89.33999633789062
2010-01-14,114.93000030517578,90.5199966430664,112.02999877929688,17.6299991607666,89.44000244140625
2010-01-15,113.63999938964844,91.08000183105469,110.86000061035156,17.90999984741211,89.08000183105469
2010-01-19,115.05999755859375,90.81999969482422,111.5199966430664,17.579999923706055,89.12000274658203
2010-01-20,113.88999938964844,91.73999786376953,108.94000244140625,18.68000030517578,88.98999786376953
2010-01-21,111.69999694824219,92.16000366210938,107.37000274658203,22.270000457763672,87.5999984741211
2010-01-22,109.20999908447266,92.0,107.16999816894531,27.309999465942383,86.7699966430664
2010-01-25,109.7699966430664,91.58000183105469,107.4800033569336,25.40999984741211,86.9000015258789
2010-01-26,109.30999755859375,91.61000061035156,107.55999755859375,24.549999237060547,87.01000213623047
2010-01-27,109.83000183105469,91.55999755859375,106.52999877929688,23.139999389648438,87.04000091552734
2010-01-28,108.56999969482422,91.51000213623047,106.4800033569336,23.729999542236328,86.66999816894531
2010-01-29,107.38999938964844,92.30999755859375,105.95999908447266,24.6200008392334,86.2300033569336
2010-02-01,109.05999755859375,91.1500015258789,108.3499984741211,22.59000015258789,85.9800033569336
2010-02-02,110.37999725341797,91.41000366210938,109.12999725341797,21.479999542236328,86.23999786376953
2010-02-03,109.83000183105469,90.3499984741211,108.69999694824219,21.600000381469727,86.68000030517578
2010-02-04,106.44000244140625,91.77999877929688,104.37000274658203,26.079999923706055,85.44999694824219
2010-02-05,106.66000366210938,91.9800033569336,104.68000030517578,26.110000610351562,84.94999694824219
2010-02-08,105.88999938964844,92.0999984741211,104.04000091552734,26.510000228881836,84.58000183105469
2010-02-09,107.22000122070312,91.18000030517578,105.41000366210938,26.0,84.75
2010-02-10,107.01000213623047,90.30999755859375,105.12000274658203,25.399999618530273,83.61000061035156
2010-02-11,108.12999725341797,89.81999969482422,107.12999725341797,23.959999084472656,83.94999694824219
2010-02-12,108.04000091552734,90.19000244140625,107.04000091552734,22.729999542236328,83.9000015258789
2010-02-16,109.73999786376953,90.36000061035156,109.62000274658203,22.25,84.7300033569336
2010-02-17,110.26000213623047,89.33000183105469,109.25,21.719999313354492,85.37999725341797
2010-02-18,110.91000366210938,88.97000122070312,109.9800033569336,20.6299991607666,86.19000244140625
2010-02-19,111.13999938964844,89.44999694824219,109.47000122070312,20.020000457763672,86.7699966430664
2010-02-22,111.16000366210938,89.08000183105469,109.06999969482422,19.940000534057617,86.87999725341797
2010-02-23,109.80999755859375,90.47000122070312,107.88999938964844,21.3700008392334,86.25
2010-02-24,110.81999969482422,90.69000244140625,107.36000061035156,20.270000457763672,86.58000183105469
2010-02-25,110.66999816894531,91.19999694824219,108.30999755859375,20.100000381469727,86.58999633789062
2010-02-26,110.73999786376953,91.66999816894531,109.43000030517578,19.5,87.16999816894531
2010-03-01,111.88999938964844,91.33999633789062,109.43000030517578,19.260000228881836,86.58999633789062
2010-03-02,112.19999694824219,91.22000122070312,111.0199966430664,19.059999465942383,87.1500015258789
2010-03-03,112.30000305175781,90.98999786376953,111.62999725341797,18.829999923706055,87.23999786376953
2010-03-04,112.63999938964844,91.47000122070312,110.83000183105469,18.719999313354492,87.30999755859375
2010-03-05,114.25,90.2699966430664,110.80999755859375,17.420000076293945,87.83000183105469
2010-03-08,114.2699966430664,89.80000305175781,109.87999725341797,17.790000915527344,87.8499984741211
2010-03-09,114.45999908447266,89.81999969482422,109.72000122070312,17.920000076293945,88.2300033569336
2010-03-10,114.97000122070312,89.58999633789062,108.47000122070312,18.56999969482422,88.26000213623047
2010-03-11,115.44999694824219,89.91999816894531,108.5999984741211,18.059999465942383,88.18000030517578
2010-03-12,115.45999908447266,90.4800033569336,107.94999694824219,17.579999923706055,88.19999694824219
2010-03-15,115.48999786376953,90.36000061035156,108.36000061035156,18.0,88.0999984741211
2010-03-16,116.41000366210938,91.08000183105469,110.4000015258789,17.690000534057617,88.4000015258789
2010-03-17,117.0999984741211,91.47000122070312,109.58999633789062,16.90999984741211,88.4000015258789
2010-03-18,117.04000091552734,91.16999816894531,110.33999633789062,16.6200008392334,88.52999877929688
2010-03-19,115.97000122070312,91.26000213623047,108.27999877929688,16.969999313354492,88.08999633789062
2010-03-22,116.58999633789062,91.36000061035156,107.75,16.8700008392334,88.51000213623047
2010-03-23,117.41000366210938,90.93000030517578,108.31999969482422,16.350000381469727,88.5
2010-03-24,116.83999633789062,89.2699966430664,106.30000305175781,17.549999237060547,88.44999694824219
2010-03-25,116.6500015258789,88.69999694824219,106.77999877929688,18.399999618530273,88.66000366210938
2010-03-26,116.58000183105469,88.94999694824219,108.58999633789062,17.770000457763672,88.62999725341797
2010-03-29,117.31999969482422,88.61000061035156,108.75,17.59000015258789,88.73999786376953
2010-03-30,117.4000015258789,88.88999938964844,107.97000122070312,17.1299991607666,88.6500015258789
2010-03-31,117.0,89.5,108.94999694824219,17.59000015258789,88.37000274658203
2010-04-01,117.80000305175781,88.94999694824219,110.26000213623047,17.469999313354492,87.5
2010-04-05,118.76000213623047,87.47000122070312,110.88999938964844,17.020000457763672,87.45999908447266
2010-04-06,119.04000091552734,87.61000061035156,111.02999877929688,16.229999542236328,88.02999877929688
2010-04-07,118.36000061035156,88.7300033569336,112.48999786376953,16.6200008392334,88.16000366210938
2010-04-08,118.7699966430664,88.7699966430664,112.6500015258789,16.479999542236328,88.30999755859375
2010-04-09,119.55000305175781,88.9800033569336,113.63999938964844,16.139999389648438,88.44000244140625
2010-04-12,119.73999786376953,89.44999694824219,113.01000213623047,15.579999923706055,88.45999908447266
2010-04-13,119.83000183105469,89.73999786376953,112.69000244140625,16.200000762939453,88.69999694824219
2010-04-14,121.19000244140625,89.11000061035156,113.02999877929688,15.59000015258789,88.94000244140625
2010-04-15,121.29000091552734,89.20999908447266,113.6500015258789,15.890000343322754,89.18000030517578
2010-04-16,119.36000061035156,89.86000061035156,111.23999786376953,18.360000610351562,88.45999908447266
2010-04-19,119.80999755859375,89.63999938964844,111.1500015258789,17.34000015258789,88.29000091552734
2010-04-20,120.87999725341797,89.95999908447266,111.45999908447266,15.729999542236328,89.23999786376953
2010-04-21,120.66000366210938,90.69999694824219,112.30999755859375,16.31999969482422,89.25
2010-04-22,121.0199966430664,90.43000030517578,111.83999633789062,16.469999313354492,88.98999786376953
2010-04-23,121.80999755859375,90.11000061035156,113.19000244140625,16.6200008392334,89.56999969482422
2010-04-26,121.3499984741211,90.20999908447266,112.75,17.469999313354492,89.56999969482422
2010-04-27,118.4800033569336,91.4800033569336,114.62999725341797,22.809999465942383,88.44000244140625
2010-04-28,119.37999725341797,90.69999694824219,114.30999755859375,21.079999923706055,88.5
2010-04-29,120.86000061035156,91.08000183105469,114.27999877929688,18.440000534057617,89.11000061035156
2010-04-30,118.80999755859375,92.12999725341797,115.36000061035156,22.049999237060547,89.4000015258789
2010-05-03,120.3499984741211,91.69000244140625,115.7300033569336,20.190000534057617,88.75
2010-05-04,117.5199966430664,93.33999633789062,114.87000274658203,23.84000015258789,87.83999633789062
2010-05-05,116.81999969482422,93.88999938964844,115.08999633789062,24.90999984741211,86.63999938964844
2010-05-06,112.94000244140625,96.79000091552734,118.48999786376953,32.79999923706055,84.48999786376953
2010-05-07,111.26000213623047,95.58000183105469,118.2699966430664,40.95000076293945,84.4800033569336
2010-05-10,116.16000366210938,93.5999984741211,117.56999969482422,28.84000015258789,86.05999755859375
2010-05-11,115.83000183105469,93.36000061035156,120.66000366210938,28.31999969482422,85.95999908447266
2010-05-12,117.44999694824219,92.6500015258789,121.4000015258789,25.520000457763672,87.01000213623047
2010-05-13,115.98999786376953,93.26000213623047,120.55999755859375,26.68000030517578,86.47000122070312
2010-05-14,113.88999938964844,94.87999725341797,120.37000274658203,31.239999771118164,85.97000122070312
2010-05-17,113.94999694824219,94.52999877929688,119.36000061035156,30.84000015258789,85.86000061035156
2010-05-18,112.4000015258789,95.9800033569336,119.48999786376953,33.54999923706055,85.68000030517578
2010-05-19,111.76000213623047,96.30000305175781,116.62999725341797,35.31999969482422,85.18000030517578
2010-05-20,107.54000091552734,98.33000183105469,115.83999633789062,45.790000915527344,82.63999938964844
2010-05-21,109.11000061035156,98.43000030517578,115.22000122070312,40.099998474121094,84.30000305175781
2010-05-24,107.70999908447266,98.08999633789062,116.83999633789062,38.31999969482422,84.43000030517578
2010-05-25,107.81999969482422,98.56999969482422,117.36000061035156,34.61000061035156,84.33000183105469
2010-05-26,107.16999816894531,98.29000091552734,118.47000122070312,35.02000045776367,83.31999969482422
2010-05-27,110.76000213623047,96.05999755859375,118.69000244140625,29.68000030517578,84.47000122070312
2010-05-28,109.37000274658203,96.5,118.87999725341797,32.06999969482422,84.61000061035156
2010-06-01,107.52999877929688,96.8499984741211,119.91000366210938,35.540000915527344,83.56999969482422
2010-06-02,110.33000183105469,95.93000030517578,119.77999877929688,30.170000076293945,84.0
2010-06-03,110.70999908447266,95.2300033569336,117.95999908447266,29.459999084472656,84.02999877929688
2010-06-04,106.81999969482422,97.79000091552734,119.19000244140625,35.47999954223633,83.55999755859375
2010-06-07,105.48999786376953,98.54000091552734,121.48999786376953,36.56999969482422,82.9800033569336
2010-06-08,106.62000274658203,98.05000305175781,121.0,33.70000076293945,83.11000061035156
2010-06-09,106.05000305175781,97.94000244140625,120.55999755859375,33.72999954223633,83.29000091552734
2010-06-10,109.1500015258789,96.19000244140625,118.97000122070312,30.56999969482422,84.13999938964844
2010-06-11,109.68000030517578,97.41000366210938,120.01000213623047,28.790000915527344,84.26000213623047
2010-06-14,109.51000213623047,96.91000366210938,119.5999984741211,28.579999923706055,84.37000274658203
2010-06-15,112.0,96.51000213623047,120.98999786376953,25.8700008392334,85.19000244140625
2010-06-16,111.95999908447266,97.05999755859375,120.33000183105469,25.920000076293945,85.26000213623047
2010-06-17,112.13999938964844,97.8499984741211,121.9000015258789,25.049999237060547,85.9000015258789
2010-06-18,111.7300033569336,97.69000244140625,122.83000183105469,23.950000762939453,86.2699966430664
2010-06-21,111.41000366210938,97.41000366210938,120.38999938964844,24.8799991607666,86.58000183105469
2010-06-22,109.56999969482422,98.56999969482422,121.44999694824219,27.049999237060547,85.95999908447266
2010-06-23,109.2300033569336,99.23999786376953,120.94999694824219,26.90999984741211,85.9000015258789
2010-06-24,107.41999816894531,98.6500015258789,121.30000305175781,29.739999771118164,85.30999755859375
2010-06-25,107.87000274658203,99.05000305175781,122.76000213623047,28.530000686645508,85.69999694824219
2010-06-28,107.52999877929688,99.9800033569336,121.08999633789062,29.0,85.88999938964844
2010-06-29,104.20999908447266,101.06999969482422,121.2699966430664,34.130001068115234,85.02999877929688
2010-06-30,103.22000122070312,101.75,121.68000030517578,34.540000915527344,84.9000015258789
2010-07-01,102.76000213623047,101.5999984741211,117.04000091552734,32.86000061035156,84.68000030517578
2010-07-02,102.19999694824219,100.79000091552734,118.48999786376953,30.1200008392334,84.69999694824219
2010-07-06,102.87000274658203,101.62000274658203,116.51000213623047,29.649999618530273,85.37000274658203
2010-07-07,106.11000061035156,100.43000030517578,117.7300033569336,26.84000015258789,86.4000015258789
2010-07-08,107.16000366210938,99.79000091552734,117.20999908447266,25.709999084472656,86.80000305175781
2010-07-09,107.95999908447266,99.22000122070312,118.36000061035156,24.979999542236328,86.5999984741211
2010-07-12,108.02999877929688,99.18000030517578,117.33999633789062,24.43000030517578,86.52999877929688
2010-07-13,109.66000366210938,98.33000183105469,118.36000061035156,24.559999465942383,87.19999694824219
2010-07-14,109.6500015258789,99.31999969482422,118.30000305175781,24.889999389648438,87.12000274658203
2010-07-15,109.68000030517578,100.30999755859375,118.2300033569336,25.139999389648438,87.25
2010-07-16,106.66000366210938,100.80000305175781,116.66999816894531,26.25,86.72000122070312
2010-07-19,107.29000091552734,100.18000030517578,115.7300033569336,25.969999313354492,87.01000213623047
2010-07-20,108.4800033569336,100.33000183105469,116.6500015258789,23.93000030517578,87.70999908447266
2010-07-21,107.06999969482422,102.02999877929688,115.8499984741211,25.639999389648438,87.66999816894531
2010-07-22,109.45999908447266,100.8499984741211,116.86000061035156,24.6299991607666,88.44999694824219
2010-07-23,110.41000366210938,99.77999877929688,116.08999633789062,23.469999313354492,88.8499984741211
2010-07-26,111.55999755859375,99.61000061035156,115.5199966430664,22.729999542236328,88.88999938964844
2010-07-27,111.55000305175781,98.6500015258789,113.51000213623047,23.190000534057617,88.7699966430664
2010-07-28,110.83000183105469,98.97000122070312,113.77999877929688,24.25,88.58000183105469
2010-07-29,110.29000091552734,98.94000244140625,114.29000091552734,24.1299991607666,88.8499984741211
2010-07-30,110.2699966430664,100.4800033569336,115.48999786376953,23.5,88.62000274658203
2010-08-02,112.76000213623047,98.75,115.54000091552734,22.010000228881836,88.4800033569336
2010-08-03,112.22000122070312,99.31999969482422,115.98999786376953,22.6299991607666,88.4800033569336
2010-08-04,112.97000122070312,98.55999755859375,116.72000122070312,22.209999084472656,88.43000030517578
2010-08-05,112.8499984741211,99.0199966430664,116.9800033569336,22.100000381469727,88.38999938964844
2010-08-06,112.38999938964844,100.0999984741211,117.83999633789062,21.739999771118164,88.37000274658203
2010-08-09,112.98999786376953,99.7300033569336,117.4000015258789,22.139999389648438,88.20999908447266
2010-08-10,112.37999725341797,99.94000244140625,117.7300033569336,22.3700008392334,88.18000030517578
2010-08-11,109.30000305175781,101.27999877929688,117.33999633789062,25.389999389648438,87.02999877929688
2010-08-12,108.62999725341797,101.02999877929688,118.7699966430664,25.729999542236328,86.7300033569336
2010-08-13,108.30999755859375,102.29000091552734,118.73999786376953,26.239999771118164,87.11000061035156
2010-08-16,108.26000213623047,104.8499984741211,119.7300033569336,26.100000381469727,87.22000122070312
2010-08-17,109.58999633789062,104.25,119.75,24.329999923706055,87.55000305175781
2010-08-18,109.79000091552734,104.52999877929688,120.22000122070312,24.59000015258789,87.69999694824219
2010-08-19,107.87999725341797,106.16000366210938,120.38999938964844,26.440000534057617,87.5199966430664
2010-08-20,107.52999877929688,106.04000091552734,119.97000122070312,25.489999771118164,87.7300033569336
2010-08-23,107.12000274658203,106.05999755859375,119.77999877929688,25.65999984741211,87.7300033569336
2010-08-24,105.52999877929688,107.76000213623047,120.36000061035156,27.459999084472656,87.2699966430664
2010-08-25,105.94000244140625,107.41000366210938,121.36000061035156,26.700000762939453,87.1500015258789
2010-08-26,105.2300033569336,108.41999816894531,120.95999908447266,27.3700008392334,87.02999877929688
2010-08-27,106.86000061035156,105.3499984741211,121.01000213623047,24.450000762939453,87.0199966430664
2010-08-30,105.30999755859375,107.37000274658203,120.91000366210938,27.209999084472656,87.18000030517578
2010-08-31,105.30999755859375,108.55999755859375,122.08000183105469,26.049999237060547,87.1500015258789
2010-09-01,108.45999908447266,106.0,121.69000244140625,23.889999389648438,87.45999908447266
2010-09-02,109.47000122070312,104.87999725341797,122.29000091552734,23.190000534057617,87.5999984741211
2010-09-03,110.88999938964844,103.58000183105469,121.86000061035156,21.309999465942383,87.86000061035156
2010-09-07,109.63999938964844,105.69999694824219,122.69999694824219,23.799999237060547,87.7300033569336
2010-09-08,110.41000366210938,104.86000061035156,122.70999908447266,23.25,87.75
2010-09-09,110.91999816894531,102.79000091552734,121.55999755859375,22.809999465942383,88.0999984741211
2010-09-10,111.4800033569336,102.31999969482422,121.7300033569336,21.989999771118164,88.33000183105469
2010-09-13,112.72000122070312,102.81999969482422,121.62000274658203,21.209999084472656,88.79000091552734
2010-09-14,112.6500015258789,103.80999755859375,124.0199966430664,21.559999465942383,88.7699966430664
2010-09-15,113.08000183105469,102.2699966430664,123.94000244140625,22.100000381469727,88.69000244140625
2010-09-16,113.05000305175781,101.26000213623047,124.62999725341797,21.719999313354492,88.83999633789062
2010-09-17,112.48999786376953,101.66999816894531,124.54000091552734,22.010000228881836,89.0
2010-09-20,114.20999908447266,102.26000213623047,124.87000274658203,21.5,89.13999938964844
2010-09-21,113.9800033569336,103.68000030517578,126.01000213623047,22.350000381469727,88.98999786376953
2010-09-22,113.41999816894531,104.61000061035156,126.19999694824219,22.510000228881836,88.62999725341797
2010-09-23,112.5,104.91000366210938,126.30000305175781,23.8700008392334,88.4000015258789
2010-09-24,114.81999969482422,103.5,126.69000244140625,21.709999084472656,88.75
2010-09-27,114.2699966430664,105.30000305175781,126.72000122070312,22.540000915527344,88.9000015258789
2010-09-28,114.66999816894531,106.0199966430664,127.8499984741211,22.600000381469727,89.02999877929688
2010-09-29,114.47000122070312,105.58000183105469,127.94999694824219,23.25,89.23999786376953
2010-09-30,114.12999725341797,105.51000213623047,127.91000366210938,23.700000762939453,89.69000244140625
2010-10-01,114.61000061035156,104.61000061035156,128.91000366210938,22.5,89.22000122070312
2010-10-04,113.75,104.87999725341797,128.4600067138672,23.530000686645508,88.91000366210938
2010-10-05,116.04000091552734,104.25,130.99000549316406,21.760000228881836,89.2300033569336
2010-10-06,116.02999877929688,105.55999755859375,131.80999755859375,21.489999771118164,89.1500015258789
2010-10-07,115.88999938964844,104.68000030517578,130.3699951171875,21.559999465942383,89.33000183105469
2010-10-08,116.54000091552734,104.22000122070312,131.66000366210938,20.709999084472656,89.62999725341797
2010-10-11,116.6500015258789,104.23999786376953,132.2899932861328,18.959999084472656,89.81999969482422
2010-10-12,117.01000213623047,103.20999908447266,131.9600067138672,18.93000030517578,89.73999786376953
2010-10-13,117.91999816894531,103.05000305175781,134.07000732421875,19.06999969482422,90.04000091552734
2010-10-14,117.45999908447266,101.51000213623047,134.75,19.8799991607666,89.61000061035156
2010-10-15,117.69999694824219,100.2699966430664,133.67999267578125,19.030000686645508,89.83999633789062
2010-10-18,118.27999877929688,101.08000183105469,134.27999877929688,19.09000015258789,89.72000122070312
2010-10-19,116.7300033569336,101.69000244140625,130.11000061035156,20.6299991607666,89.70999908447266
2010-10-20,117.87000274658203,101.91000366210938,131.32000732421875,19.790000915527344,89.98999786376953
2010-10-21,118.12999725341797,100.69999694824219,129.47000122070312,19.270000457763672,89.8499984741211
2010-10-22,118.3499984741211,101.37999725341797,129.72999572753906,18.780000686645508,90.26000213623047
2010-10-25,118.69999694824219,101.66999816894531,130.85000610351562,19.850000381469727,90.61000061035156
2010-10-26,118.72000122070312,100.0999984741211,130.8800048828125,20.219999313354492,90.75
2010-10-27,118.37999725341797,99.22000122070312,129.52000427246094,20.709999084472656,90.6500015258789
2010-10-28,118.4000015258789,99.48999786376953,131.24000549316406,20.8799991607666,90.69999694824219
2010-10-29,118.48999786376953,100.41999816894531,132.6199951171875,21.200000762939453,90.73999786376953
2010-11-01,118.52999877929688,99.66999816894531,131.9199981689453,21.829999923706055,89.97000122070312
2010-11-02,119.47000122070312,100.9800033569336,132.49000549316406,21.56999969482422,90.41000366210938
2010-11-03,119.94999694824219,98.91999816894531,131.57000732421875,19.559999465942383,90.70999908447266
2010-11-04,122.26000213623047,99.69000244140625,136.02999877929688,18.520000457763672,91.88999938964844
2010-11-05,122.72000122070312,97.9800033569336,136.3800048828125,18.260000228881836,91.79000091552734
2010-11-08,122.48999786376953,98.41999816894531,137.77999877929688,18.290000915527344,91.5199966430664
2010-11-09,121.61000061035156,96.25,135.58999633789062,19.079999923706055,91.26000213623047
2010-11-10,122.0999984741211,96.37999725341797,137.24000549316406,18.469999313354492,90.51000213623047
2010-11-11,121.63999938964844,96.33000183105469,137.66000366210938,18.639999389648438,90.1500015258789
2010-11-12,120.19999694824219,95.80999755859375,133.69000244140625,20.610000610351562,89.81999969482422
2010-11-15,120.02999877929688,93.80999755859375,132.4199981689453,20.200000762939453,89.6500015258789
2010-11-16,118.16000366210938,96.13999938964844,130.97000122070312,22.579999923706055,88.66000366210938
2010-11-17,118.22000122070312,95.61000061035156,130.3800048828125,21.760000228881836,89.11000061035156
2010-11-18,119.95999908447266,96.0,132.08999633789062,18.75,90.23999786376953
2010-11-19,120.29000091552734,96.58999633789062,132.1999969482422,18.040000915527344,90.20999908447266
2010-11-22,120.19000244140625,97.0,133.47999572753906,18.3700008392334,89.58000183105469
2010-11-23,118.44999694824219,97.4800033569336,134.41000366210938,20.6299991607666,88.3499984741211
2010-11-24,120.19999694824219,95.73999786376953,134.17999267578125,19.559999465942383,88.87999725341797
2010-11-26,118.80000305175781,97.06999969482422,133.11000061035156,22.219999313354492,88.55999755859375
2010-11-29,119.16000366210938,97.9000015258789,133.50999450683594,21.530000686645508,88.79000091552734
2010-11-30,118.48999786376953,98.41000366210938,135.4199981689453,23.540000915527344,88.98999786376953
2010-12-01,121.01000213623047,95.88999938964844,135.3800048828125,21.360000610351562,89.22000122070312
2010-12-02,122.55999755859375,95.63999938964844,135.1999969482422,19.389999389648438,89.2699966430664
2010-12-03,122.88999938964844,94.88999938964844,138.07000732421875,18.010000228881836,89.41999816894531
2010-12-06,122.76000213623047,96.2300033569336,139.11000061035156,18.020000457763672,89.37000274658203
2010-12-07,122.83000183105469,94.16999816894531,136.5,17.989999771118164,89.83000183105469
2010-12-08,123.27999877929688,93.26000213623047,134.7899932861328,17.739999771118164,89.54000091552734
2010-12-09,123.76000213623047,93.72000122070312,135.3699951171875,17.25,89.3499984741211
2010-12-10,124.4800033569336,93.1500015258789,135.41000366210938,17.610000610351562,89.38999938964844
2010-12-13,124.55999755859375,93.5,136.0500030517578,17.549999237060547,88.94000244140625
2010-12-14,124.66999816894531,92.13999938964844,136.17999267578125,17.610000610351562,89.37999725341797
2010-12-15,124.0999984741211,90.94000244140625,134.6999969482422,17.940000534057617,89.02999877929688
2010-12-16,124.81999969482422,91.56999969482422,133.80999755859375,17.389999389648438,89.36000061035156
2010-12-17,124.30000305175781,93.23999786376953,134.1999969482422,16.110000610351562,89.48999786376953
2010-12-20,124.5999984741211,93.13999938964844,135.11000061035156,16.40999984741211,89.6500015258789
2010-12-21,125.38999938964844,93.79000091552734,135.32000732421875,16.489999771118164,89.83999633789062
2010-12-22,125.77999877929688,93.12000274658203,135.0500030517578,15.449999809265137,90.08999633789062
2010-12-23,125.5999984741211,92.93000030517578,134.66000366210938,16.469999313354492,90.18000030517578
2010-12-27,125.6500015258789,93.76000213623047,135.02000427246094,17.670000076293945,90.25
2010-12-28,125.83000183105469,91.61000061035156,137.22000122070312,17.520000457763672,89.7300033569336
2010-12-29,125.91999816894531,93.16000366210938,137.7100067138672,17.280000686645508,90.02999877929688
2010-12-30,125.72000122070312,93.08999633789062,137.02999877929688,17.520000457763672,90.12999725341797
2010-12-31,125.75,94.12000274658203,138.72000122070312,17.75,90.29000091552734
2011-01-03,127.05000305175781,93.41000366210938,138.0,17.610000610351562,90.36000061035156
2011-01-04,126.9800033569336,93.5199966430664,134.75,17.3799991607666,90.7699966430664
2011-01-05,127.63999938964844,91.45999908447266,134.3699951171875,17.020000457763672,91.0
2011-01-06,127.38999938964844,91.86000061035156,133.8300018310547,17.399999618530273,91.11000061035156
2011-01-07,127.13999938964844,92.3499984741211,133.5800018310547,17.139999389648438,90.76000213623047
2011-01-10,126.9800033569336,92.8499984741211,134.1199951171875,17.540000915527344,90.69000244140625
2011-01-11,127.43000030517578,92.33000183105469,134.91000366210938,16.889999389648438,91.04000091552734
2011-01-12,128.5800018310547,91.61000061035156,135.4600067138672,16.239999771118164,91.2300033569336
2011-01-13,128.3699951171875,92.43000030517578,134.0500030517578,16.389999389648438,91.20999908447266
2011-01-14,129.3000030517578,91.83999633789062,132.69000244140625,15.460000038146973,91.36000061035156
2011-01-18,129.52000427246094,91.41000366210938,133.42999267578125,15.869999885559082,91.3499984741211
2011-01-19,128.25,92.06999969482422,133.72000122070312,17.309999465942383,91.06999969482422
2011-01-20,128.0800018310547,90.80000305175781,131.1999969482422,17.989999771118164,90.88999938964844
2011-01-21,128.3699951171875,91.5199966430664,131.02999877929688,18.469999313354492,91.26000213623047
2011-01-24,129.10000610351562,91.55999755859375,130.36000061035156,17.649999618530273,91.38999938964844
2011-01-25,129.1699981689453,92.43000030517578,130.10000610351562,17.59000015258789,91.52999877929688
2011-01-26,129.6699981689453,91.02999877929688,131.16000366210938,16.639999389648438,91.72000122070312
2011-01-27,129.99000549316406,91.44000244140625,127.93000030517578,16.149999618530273,91.83999633789062
2011-01-28,127.72000122070312,91.91999816894531,130.27999877929688,20.040000915527344,91.29000091552734
2011-01-31,128.67999267578125,91.22000122070312,129.8699951171875,19.530000686645508,91.77999877929688
2011-02-01,130.74000549316406,90.44999694824219,130.8000030517578,17.6299991607666,91.37000274658203
2011-02-02,130.49000549316406,90.47000122070312,130.4499969482422,17.299999237060547,91.47000122070312
2011-02-03,130.77999877929688,89.72000122070312,132.1999969482422,16.690000534057617,91.47000122070312
2011-02-04,131.14999389648438,88.80999755859375,131.66000366210938,15.930000305175781,91.87000274658203
2011-02-07,131.97000122070312,89.2699966430664,131.67999267578125,16.280000686645508,92.04000091552734
2011-02-08,132.57000732421875,88.44999694824219,133.13999938964844,15.8100004196167,92.13999938964844
2011-02-09,132.27000427246094,89.22000122070312,133.07000732421875,15.869999885559082,91.62000274658203
2011-02-10,132.32000732421875,88.19000244140625,132.85000610351562,16.09000015258789,91.72000122070312
2011-02-11,133.11000061035156,89.45999908447266,132.32000732421875,15.6899995803833,91.94999694824219
2011-02-14,133.42999267578125,89.5199966430664,132.9499969482422,15.949999809265137,92.0199966430664
2011-02-15,133.00999450683594,89.91999816894531,133.97000122070312,16.3700008392334,91.83999633789062
2011-02-16,133.85000610351562,89.62999725341797,134.10000610351562,16.719999313354492,91.87000274658203
2011-02-17,134.25,89.7699966430664,135.0399932861328,16.59000015258789,92.08000183105469
2011-02-18,134.52999877929688,89.48999786376953,135.41000366210938,16.43000030517578,92.36000061035156
2011-02-22,131.8300018310547,90.83000183105469,136.2899932861328,20.799999237060547,91.5999984741211
2011-02-23,131.02000427246094,91.16000366210938,137.50999450683594,22.1299991607666,91.69000244140625
2011-02-24,130.92999267578125,91.73999786376953,136.47999572753906,21.31999969482422,91.76000213623047
2011-02-25,132.3300018310547,92.27999877929688,137.3800048828125,19.219999313354492,92.04000091552734
2011-02-28,133.14999389648438,92.4000015258789,137.66000366210938,18.350000381469727,92.5
2011-03-01,130.92999267578125,92.37000274658203,140.02999877929688,21.010000228881836,91.77999877929688
2011-03-02,131.2100067138672,90.94999694824219,139.9199981689453,20.700000762939453,91.86000061035156
2011-03-03,133.47000122070312,90.05999755859375,138.08999633789062,18.600000381469727,92.19000244140625
2011-03-04,132.47000122070312,90.80999755859375,139.35000610351562,19.059999465942383,92.0
2011-03-07,131.42999267578125,90.2300033569336,139.72000122070312,20.65999984741211,92.0199966430664
2011-03-08,132.5800018310547,89.68000030517578,139.36000061035156,19.81999969482422,91.94000244140625
2011-03-09,132.38999938964844,90.55000305175781,139.41000366210938,20.219999313354492,91.68000030517578
2011-03-10,129.94000244140625,92.06999969482422,137.77000427246094,21.8799991607666,91.19999694824219
2011-03-11,130.83999633789062,91.55000305175781,138.22000122070312,20.079999923706055,91.18000030517578
2011-03-14,130.0500030517578,91.51000213623047,138.86000061035156,21.1299991607666,90.80999755859375
2011-03-15,128.55999755859375,92.87999725341797,136.27000427246094,24.31999969482422,90.33999633789062
2011-03-16,126.18000030517578,93.93000030517578,136.24000549316406,29.399999618530273,89.77999877929688
2011-03-17,127.8499984741211,93.20999908447266,136.97000122070312,26.3700008392334,90.75
2011-03-18,127.76000213623047,93.45999908447266,138.3699951171875,24.440000534057617,91.18000030517578
2011-03-21,129.74000549316406,92.91000366210938,139.13999938964844,20.610000610351562,91.73999786376953
2011-03-22,129.2899932861328,93.22000122070312,139.0500030517578,20.209999084472656,91.79000091552734
2011-03-23,129.66000366210938,93.0999984741211,140.33999633789062,19.170000076293945,91.68000030517578
2011-03-24,130.89999389648438,92.4000015258789,139.22000122070312,18.0,91.76000213623047
2011-03-25,131.3000030517578,92.16999816894531,139.25999450683594,17.90999984741211,91.79000091552734
2011-03-28,130.97999572753906,92.30000305175781,138.5399932861328,19.440000534057617,91.81999969482422
2011-03-29,131.86000061035156,91.58999633789062,138.2100067138672,18.15999984741211,91.87000274658203
2011-03-30,132.77000427246094,92.31999969482422,138.6699981689453,17.709999084472656,92.01000213623047
2011-03-31,132.58999633789062,92.12999725341797,139.86000061035156,17.739999771118164,91.95999908447266
2011-04-01,133.14999389648438,92.19000244140625,139.1999969482422,17.399999618530273,91.27999877929688
2011-04-04,133.25999450683594,92.29000091552734,139.83999633789062,17.5,91.83999633789062
2011-04-05,133.24000549316406,91.91999816894531,142.0500030517578,17.25,91.73999786376953
2011-04-06,133.66000366210938,90.54000091552734,142.3800048828125,16.899999618530273,91.94000244140625
2011-04-07,133.32000732421875,90.36000061035156,142.50999450683594,17.110000610351562,92.02999877929688
2011-04-08,132.86000061035156,89.87999725341797,143.66000366210938,17.8700008392334,92.02999877929688
2011-04-11,132.4600067138672,89.95999908447266,142.63999938964844,16.59000015258789,91.94000244140625
2011-04-12,131.47000122070312,90.93000030517578,141.61000061035156,17.09000015258789,91.6500015258789
2011-04-13,131.4600067138672,91.5,141.89999389648438,16.920000076293945,92.08999633789062
2011-04-14,131.55999755859375,91.43000030517578,143.80999755859375,16.270000457763672,91.72000122070312
2011-04-15,132.0399932861328,92.66999816894531,145.0500030517578,15.319999694824219,91.83999633789062
2011-04-18,130.55999755859375,92.87999725341797,145.92999267578125,16.959999084472656,91.5199966430664
2011-04-19,131.30999755859375,93.27999877929688,145.92999267578125,15.829999923706055,91.83999633789062
2011-04-20,133.10000610351562,92.68000030517578,146.5,15.069999694824219,92.19000244140625
2011-04-21,133.77999877929688,92.5999984741211,146.74000549316406,14.6899995803833,92.41000366210938
2011-04-25,133.63999938964844,92.94999694824219,146.8699951171875,15.770000457763672,92.30999755859375
2011-04-26,134.7899932861328,93.8499984741211,146.3800048828125,15.619999885559082,92.5199966430664
2011-04-27,135.6699981689453,92.88999938964844,149.1999969482422,15.350000381469727,92.58000183105469
2011-04-28,136.11000061035156,93.5999984741211,149.82000732421875,14.619999885559082,92.62999725341797
2011-04-29,136.42999267578125,93.88999938964844,152.3699951171875,14.75,92.8499984741211
2011-05-02,136.22000122070312,93.63999938964844,150.41000366210938,15.989999771118164,92.2300033569336
2011-05-03,135.72999572753906,94.16999816894531,149.8800048828125,16.700000762939453,92.25
2011-05-04,134.8300018310547,94.58999633789062,147.72999572753906,17.079999923706055,92.22000122070312
2011-05-05,133.61000061035156,95.48999786376953,143.47000122070312,18.200000762939453,91.83999633789062
2011-05-06,134.1999969482422,95.06999969482422,145.3000030517578,18.399999618530273,92.30999755859375
2011-05-09,134.72000122070312,94.97000122070312,147.3800048828125,17.15999984741211,92.43000030517578
2011-05-10,135.8699951171875,94.29000091552734,147.89999389648438,15.90999984741211,92.62999725341797
2011-05-11,134.44000244140625,94.83000183105469,146.5399932861328,16.950000762939453,92.48999786376953
2011-05-12,135.0800018310547,94.2300033569336,146.58999633789062,16.030000686645508,92.58000183105469
2011-05-13,134.0399932861328,95.08000183105469,145.6300048828125,17.06999969482422,92.19999694824219
2011-05-16,133.19000244140625,95.61000061035156,145.3699951171875,18.239999771118164,92.37999725341797
2011-05-17,133.1699981689453,96.58999633789062,144.74000549316406,17.549999237060547,92.54000091552734
2011-05-18,134.36000061035156,95.30999755859375,145.60000610351562,16.229999542236328,92.6500015258789
2011-05-19,134.67999267578125,95.2699966430664,145.64999389648438,15.520000457763672,92.61000061035156
2011-05-20,133.61000061035156,95.31999969482422,147.49000549316406,17.43000030517578,92.54000091552734
2011-05-23,132.05999755859375,95.77999877929688,147.8300018310547,18.270000457763672,92.0999984741211
2011-05-24,131.9499969482422,96.13999938964844,148.58999633789062,17.81999969482422,91.94999694824219
2011-05-25,132.38999938964844,95.69000244140625,148.5800018310547,17.06999969482422,91.94999694824219
2011-05-26,133.0,96.51000213623047,148.22000122070312,16.09000015258789,91.87000274658203
2011-05-27,133.50999450683594,96.47000122070312,149.6999969482422,15.979999542236328,92.1500015258789
2011-05-31,134.89999389648438,96.69000244140625,149.63999938964844,15.449999809265137,92.4000015258789
2011-06-01,131.8699951171875,97.63999938964844,149.91000366210938,18.299999237060547,91.30000305175781
2011-06-02,131.72999572753906,95.77999877929688,149.5,18.09000015258789,91.23999786376953
2011-06-03,130.4199981689453,96.33000183105469,150.22000122070312,17.950000762939453,90.87999725341797
2011-06-06,129.0399932861328,95.5999984741211,150.47999572753906,18.489999771118164,90.66000366210938
2011-06-07,128.9600067138672,96.04000091552734,150.4199981689453,18.06999969482422,90.58999633789062
2011-06-08,128.4199981689453,96.79000091552734,149.80999755859375,18.790000915527344,90.16000366210938
2011-06-09,129.39999389648438,96.4000015258789,150.55999755859375,17.770000457763672,90.22000122070312
2011-06-10,127.5999984741211,97.13999938964844,149.24000549316406,18.860000610351562,89.62999725341797
2011-06-13,127.69999694824219,96.6500015258789,147.77000427246094,19.610000610351562,89.29000091552734
2011-06-14,129.32000732421875,95.19000244140625,148.6699981689453,18.260000228881836,89.8499984741211
2011-06-15,127.0199966430664,96.91999816894531,149.1199951171875,21.31999969482422,89.47000122070312
2011-06-16,127.30000305175781,97.36000061035156,148.97000122070312,22.729999542236328,87.87999725341797
2011-06-17,127.05000305175781,96.9000015258789,149.94000244140625,21.850000381469727,88.8499984741211
2011-06-20,127.69999694824219,97.0199966430664,150.02999877929688,19.989999771118164,89.47000122070312
2011-06-21,129.4499969482422,96.58999633789062,150.75999450683594,18.860000610351562,90.06999969482422
2011-06-22,128.6699981689453,96.6500015258789,150.99000549316406,18.520000457763672,89.41999816894531
2011-06-23,128.3000030517578,97.38999938964844,148.33999633789062,19.290000915527344,89.9000015258789
2011-06-24,126.80999755859375,96.9800033569336,146.25999450683594,21.100000381469727,89.47000122070312
2011-06-27,127.94000244140625,95.6500015258789,145.72999572753906,20.559999465942383,89.44999694824219
2011-06-28,129.61000061035156,94.87999725341797,146.24000549316406,19.170000076293945,89.80999755859375
2011-06-29,130.72000122070312,94.25,147.17999267578125,17.270000457763672,90.69999694824219
2011-06-30,131.97000122070312,94.0999984741211,146.0,16.520000457763672,91.30999755859375
2011-07-01,133.9199981689453,93.62999725341797,144.92999267578125,15.869999885559082,91.20999908447266
2011-07-05,133.80999755859375,93.83999633789062,147.6300048828125,16.059999465942383,91.33000183105469
2011-07-06,133.97000122070312,94.31999969482422,148.91000366210938,16.34000015258789,91.37000274658203
2011-07-07,135.36000061035156,94.04000091552734,149.14999389648438,15.949999809265137,91.7300033569336
2011-07-08,134.39999389648438,95.37000274658203,150.25,15.949999809265137,91.4800033569336
2011-07-11,131.97000122070312,96.80000305175781,151.58999633789062,18.389999389648438,90.58000183105469
2011-07-12,131.39999389648438,97.12999725341797,152.77000427246094,19.8700008392334,90.33000183105469
2011-07-13,131.83999633789062,97.4000015258789,154.13999938964844,19.90999984741211,91.02999877929688
2011-07-14,130.92999267578125,96.01000213623047,154.5399932861328,20.799999237060547,90.9800033569336
2011-07-15,131.69000244140625,96.16999816894531,155.1999969482422,19.530000686645508,90.94999694824219
2011-07-18,130.61000061035156,95.23999786376953,156.57000732421875,20.950000762939453,90.79000091552734
2011-07-19,132.72999572753906,97.22000122070312,154.66000366210938,19.209999084472656,91.19999694824219
2011-07-20,132.64999389648438,96.06999969482422,156.02000427246094,19.09000015258789,91.27999877929688
2011-07-21,134.49000549316406,95.33000183105469,154.8300018310547,17.559999465942383,91.72000122070312
2011-07-22,134.5800018310547,96.05000305175781,156.1199951171875,17.520000457763672,91.83999633789062
2011-07-25,133.8300018310547,95.0,157.33999633789062,19.350000381469727,91.3499984741211
2011-07-26,133.3300018310547,95.6500015258789,157.77000427246094,20.229999542236328,91.54000091552734
2011-07-27,130.60000610351562,95.66000366210938,157.19000244140625,22.979999542236328,90.81999969482422
2011-07-28,130.22000122070312,96.0199966430664,157.32000732421875,23.739999771118164,90.95999908447266
2011-07-29,129.3300018310547,97.91999816894531,158.2899932861328,25.25,91.05000305175781
2011-08-01,128.77999877929688,98.58000183105469,157.72000122070312,23.65999984741211,90.69999694824219
2011-08-02,125.48999786376953,101.54000091552734,161.52000427246094,24.790000915527344,89.58000183105469
2011-08-03,126.16999816894531,101.73999786376953,161.49000549316406,23.3799991607666,89.52999877929688
2011-08-04,120.26000213623047,105.36000061035156,160.63999938964844,31.65999984741211,86.94999694824219
2011-08-05,120.08000183105469,102.31999969482422,161.75,32.0,86.86000061035156
2011-08-08,112.26000213623047,105.55000305175781,167.1199951171875,48.0,83.16000366210938
2011-08-09,117.4800033569336,105.87000274658203,168.61000061035156,35.060001373291016,85.69999694824219
2011-08-10,112.29000091552734,109.0199966430664,174.5800018310547,42.9900016784668,84.25
2011-08-11,117.33000183105469,103.5199966430664,170.75,39.0,85.77999877929688
2011-08-12,118.12000274658203,105.56999969482422,169.97000122070312,36.36000061035156,85.37999725341797
2011-08-15,120.62000274658203,104.5,171.8000030517578,31.8700008392334,86.7699966430664
2011-08-16,119.58999633789062,106.2300033569336,173.9199981689453,32.849998474121094,86.22000122070312
2011-08-17,119.66999816894531,108.08999633789062,174.4199981689453,31.579999923706055,87.16999816894531
2011-08-18,114.51000213623047,110.30999755859375,177.72000122070312,42.66999816894531,86.11000061035156
2011-08-19,112.63999938964844,111.19999694824219,179.9499969482422,43.04999923706055,85.36000061035156
2011-08-22,112.7300033569336,110.91999816894531,184.58999633789062,42.439998626708984,85.45999908447266
2011-08-23,116.44000244140625,109.38999938964844,177.6699981689453,36.27000045776367,86.0999984741211
2011-08-24,118.08000183105469,106.27999877929688,171.64999389648438,35.900001525878906,85.70999908447266
2011-08-25,116.27999877929688,107.43000030517578,172.36000061035156,39.7599983215332,85.0199966430664
2011-08-26,117.97000122070312,108.48999786376953,177.47000122070312,35.59000015258789,85.87999725341797
2011-08-29,121.36000061035156,106.98999786376953,173.88999938964844,32.279998779296875,86.75
2011-08-30,121.68000030517578,108.70999908447266,179.10000610351562,32.88999938964844,86.91000366210938
2011-08-31,122.22000122070312,107.02999877929688,177.72000122070312,31.6200008392334,88.02999877929688
2011-09-01,120.94000244140625,108.97000122070312,177.8699951171875,31.81999969482422,87.41000366210938
2011-09-02,117.8499984741211,112.51000213623047,183.24000549316406,33.91999816894531,87.0
2011-09-06,116.98999786376953,113.68000030517578,182.89999389648438,37.0,85.97000122070312
2011-09-07,120.29000091552734,111.51000213623047,177.0800018310547,33.380001068115234,86.38999938964844
2011-09-08,119.04000091552734,112.51000213623047,181.80999755859375,34.31999969482422,86.66000366210938
2011-09-09,115.91999816894531,113.70999908447266,180.6999969482422,38.52000045776367,85.87999725341797
2011-09-12,116.66999816894531,113.83000183105469,176.6699981689453,38.59000015258789,85.13999938964844
2011-09-13,117.73999786376953,112.20999908447266,178.5399932861328,36.90999984741211,85.79000091552734
2011-09-14,119.37000274658203,113.16000366210938,177.2100067138672,34.599998474121094,86.36000061035156
2011-09-15,121.43000030517578,111.43000030517578,174.39999389648438,31.969999313354492,86.94000244140625
2011-09-16,121.5199966430664,112.23999786376953,176.02999877929688,30.979999542236328,86.88999938964844
2011-09-19,120.30999755859375,114.37999725341797,173.30999755859375,32.72999954223633,86.76000213623047
2011-09-20,120.16999816894531,114.86000061035156,175.77999877929688,32.86000061035156,86.9000015258789
2011-09-21,116.62999725341797,118.66000366210938,173.58999633789062,37.31999969482422,86.1500015258789
2011-09-22,112.86000061035156,123.12000274658203,169.0500030517578,41.349998474121094,84.9800033569336
2011-09-23,113.54000091552734,120.83000183105469,159.8000030517578,41.25,85.20999908447266
2011-09-26,116.23999786376953,118.88999938964844,157.5800018310547,39.02000045776367,85.52999877929688
2011-09-27,117.54000091552734,117.06999969482422,160.6300048828125,37.709999084472656,85.62999725341797
2011-09-28,115.13999938964844,117.02999877929688,156.22000122070312,41.08000183105469,84.66999816894531
2011-09-29,116.05000305175781,117.83999633789062,157.6999969482422,38.84000015258789,84.51000213623047
2011-09-30,113.1500015258789,120.80000305175781,158.05999755859375,42.959999084472656,82.83000183105469
2011-10-03,109.93000030517578,123.80999755859375,160.9600067138672,45.45000076293945,81.30000305175781
2011-10-04,112.33999633789062,122.23999786376953,157.63999938964844,40.81999969482422,81.05000305175781
2011-10-05,114.41999816894531,121.36000061035156,159.4600067138672,37.810001373291016,82.04000091552734
2011-10-06,116.48999786376953,119.12000274658203,160.49000549316406,36.27000045776367,83.30999755859375
2011-10-07,115.70999908447266,118.23999786376953,159.17999267578125,36.20000076293945,83.37999725341797
2011-10-10,119.58000183105469,116.56999969482422,163.27000427246094,33.02000045776367,85.16999816894531
2011-10-11,119.69999694824219,116.18000030517578,162.10000610351562,32.86000061035156,84.2300033569336
2011-10-12,120.75,114.48999786376953,163.25999450683594,31.260000228881836,86.19000244140625
2011-10-13,120.51000213623047,115.62999725341797,162.3000030517578,30.700000762939453,85.83000183105469
2011-10-14,122.56999969482422,113.94999694824219,163.39999389648438,28.239999771118164,86.43000030517578
2011-10-17,120.2300033569336,115.91999816894531,162.6199951171875,33.38999938964844,85.93000030517578
2011-10-18,122.58000183105469,115.19999694824219,161.83999633789062,31.559999465942383,86.38999938964844
2011-10-19,121.12999725341797,115.16000366210938,159.8699951171875,34.439998626708984,86.11000061035156
2011-10-20,121.66000366210938,114.33999633789062,157.77000427246094,34.779998779296875,86.87000274658203
2011-10-21,123.97000122070312,113.12999725341797,159.52000427246094,31.31999969482422,87.91999816894531
2011-10-24,125.48999786376953,113.31999969482422,161.02000427246094,29.260000228881836,90.30000305175781
2011-10-25,123.05000305175781,116.19999694824219,165.58999633789062,32.220001220703125,88.69999694824219
2011-10-26,124.30000305175781,114.16999816894531,167.39999389648438,29.860000610351562,89.08000183105469
2011-10-27,128.6300048828125,110.30000305175781,169.5500030517578,25.459999084472656,90.38999938964844
2011-10-28,128.60000610351562,111.45999908447266,169.6199951171875,24.530000686645508,90.12000274658203
2011-10-31,125.5,115.87999725341797,167.33999633789062,29.959999084472656,89.27999877929688
2011-11-01,122.0,119.44999694824219,167.3800048828125,34.77000045776367,87.16999816894531
2011-11-02,123.98999786376953,117.95999908447266,169.05999755859375,32.7400016784668,88.0
2011-11-03,126.25,116.33999633789062,171.72000122070312,30.5,88.87000274658203
2011-11-04,125.4800033569336,116.4800033569336,170.85000610351562,30.15999984741211,88.77999877929688
2011-11-07,126.26000213623047,117.22000122070312,174.97999572753906,29.850000381469727,88.4800033569336
2011-11-08,127.87999725341797,115.72000122070312,173.52999877929688,27.479999542236328,88.68000030517578
2011-11-09,123.16000366210938,118.12000274658203,172.07000732421875,36.15999984741211,86.80000305175781
2011-11-10,124.31999969482422,116.36000061035156,171.13999938964844,32.810001373291016,86.88999938964844
2011-11-11,126.66000366210938,115.6500015258789,173.9600067138672,30.040000915527344,88.04000091552734
2011-11-14,125.45999908447266,117.51000213623047,173.1999969482422,31.1299991607666,87.44999694824219
2011-11-15,126.08000183105469,117.3499984741211,173.36000061035156,31.219999313354492,87.22000122070312
2011-11-16,124.08000183105469,118.41999816894531,171.50999450683594,33.5099983215332,86.37000274658203
2011-11-17,122.11000061035156,119.37000274658203,167.10000610351562,34.5099983215332,85.94999694824219
2011-11-18,121.9800033569336,119.33999633789062,167.6199951171875,32.0,85.88999938964844
2011-11-21,119.66000366210938,120.05000305175781,163.5,32.90999984741211,84.91999816894531
2011-11-22,119.19000244140625,121.38999938964844,165.30999755859375,31.969999313354492,84.2699966430664
2011-11-23,116.55999755859375,122.58000183105469,164.8300018310547,33.97999954223633,82.75
2011-11-25,116.33999633789062,120.80000305175781,163.39999389648438,34.470001220703125,82.75
2011-11-28,119.70999908447266,120.73999786376953,166.6300048828125,32.130001068115234,84.5999984741211
2011-11-29,120.05000305175781,119.75,166.8800048828125,30.639999389648438,85.1500015258789
2011-11-30,124.98999786376953,117.87999725341797,170.1300048828125,27.799999237060547,86.5999984741211
2011-12-01,124.97000122070312,117.0,169.6300048828125,27.40999984741211,86.43000030517578
2011-12-02,124.86000061035156,118.63999938964844,169.82000732421875,27.520000457763672,86.91999816894531
2011-12-05,126.22000122070312,118.4000015258789,167.32000732421875,27.84000015258789,87.41000366210938
2011-12-06,126.26000213623047,117.2699966430664,168.17999267578125,28.1299991607666,87.80000305175781
2011-12-07,126.7300033569336,117.69000244140625,169.39999389648438,28.670000076293945,87.5199966430664
2011-12-08,123.94999694824219,119.16000366210938,165.97999572753906,30.59000015258789,86.94999694824219
2011-12-09,126.05000305175781,116.70999908447266,166.39999389648438,26.3799991607666,87.69999694824219
2011-12-12,124.20999908447266,118.01000213623047,161.99000549316406,25.670000076293945,87.2300033569336
2011-12-13,123.05000305175781,119.11000061035156,158.4499969482422,25.40999984741211,86.9000015258789
2011-12-14,121.73999786376953,121.36000061035156,152.88999938964844,26.040000915527344,86.75
2011-12-15,122.18000030517578,120.91000366210938,152.3300018310547,25.110000610351562,87.05999755859375
2011-12-16,121.58999633789062,122.31999969482422,155.22999572753906,24.290000915527344,87.47000122070312
2011-12-19,120.29000091552734,123.87000274658203,154.8699951171875,24.920000076293945,87.36000061035156
2011-12-20,123.93000030517578,120.77999877929688,156.97999572753906,23.219999313354492,88.44999694824219
2011-12-21,124.16999816894531,119.0999984741211,157.16000366210938,21.43000030517578,88.69999694824219
2011-12-22,125.2699966430664,119.5999984741211,156.0399932861328,21.15999984741211,89.04000091552734
2011-12-23,126.38999938964844,118.2699966430664,156.30999755859375,20.729999542236328,89.44999694824219
2011-12-27,126.48999786376953,118.44999694824219,154.91000366210938,21.90999984741211,89.2699966430664
2011-12-28,124.83000183105469,120.63999938964844,151.02999877929688,23.520000457763672,88.8499984741211
2011-12-29,126.12000274658203,120.86000061035156,150.33999633789062,22.649999618530273,89.37999725341797
2011-12-30,125.5,121.25,151.99000549316406,23.399999618530273,89.43000030517578
2012-01-03,127.5,119.43000030517578,155.9199981689453,22.969999313354492,89.72000122070312
2012-01-04,127.69999694824219,118.01000213623047,156.7100067138672,22.219999313354492,89.56999969482422
2012-01-05,128.0399932861328,117.80000305175781,157.77999877929688,21.479999542236328,89.18000030517578
2012-01-06,127.70999908447266,118.7300033569336,157.1999969482422,20.6299991607666,88.9000015258789
2012-01-09,128.02000427246094,118.5199966430664,156.5,21.06999969482422,89.0199966430664
2012-01-10,129.1300048828125,118.31999969482422,158.63999938964844,20.690000534057617,89.33000183105469
2012-01-11,129.1999969482422,119.86000061035156,159.6699981689453,21.049999237060547,89.23999786376953
2012-01-12,129.50999450683594,119.69000244140625,160.3800048828125,20.469999313354492,89.12000274658203
2012-01-13,128.83999633789062,120.87999725341797,159.25999450683594,20.90999984741211,89.0199966430664
2012-01-17,129.33999633789062,121.44000244140625,160.5,22.200000762939453,89.19999694824219
2012-01-18,130.77000427246094,119.97000122070312,161.60000610351562,20.889999389648438,89.44999694824219
2012-01-19,131.4600067138672,118.31999969482422,161.22000122070312,19.8700008392334,89.58000183105469
2012-01-20,131.9499969482422,116.9800033569336,162.07000732421875,18.280000686645508,89.58000183105469
2012-01-23,131.61000061035156,116.23999786376953,163.16000366210938,18.670000076293945,89.88999938964844
2012-01-24,131.4600067138672,116.44999694824219,162.00999450683594,18.90999984741211,90.12000274658203
2012-01-25,132.55999755859375,116.16999816894531,166.4199981689453,18.309999465942383,90.91000366210938
2012-01-26,131.8800048828125,117.70999908447266,167.27000427246094,18.56999969482422,91.12999725341797
2012-01-27,131.82000732421875,118.08000183105469,168.97000122070312,18.530000686645508,90.80000305175781
2012-01-30,131.3699951171875,119.47000122070312,168.02999877929688,19.399999618530273,90.51000213623047
2012-01-31,131.32000732421875,120.8499984741211,169.30999755859375,19.440000534057617,90.73999786376953
2012-02-01,132.47000122070312,119.18000030517578,169.55999755859375,18.549999237060547,90.4000015258789
2012-02-02,132.67999267578125,119.12999725341797,171.0500030517578,17.979999542236328,90.45999908447266
2012-02-03,134.5399932861328,116.56999969482422,167.63999938964844,17.100000381469727,90.72000122070312
2012-02-06,134.4499969482422,117.7300033569336,167.17999267578125,17.760000228881836,90.73999786376953
2012-02-07,134.7899932861328,116.2699966430664,169.6999969482422,17.649999618530273,90.91999816894531
2012-02-08,135.19000244140625,116.36000061035156,168.5,18.15999984741211,91.0
2012-02-09,135.36000061035156,115.48999786376953,168.02000427246094,18.6299991607666,91.04000091552734
2012-02-10,134.36000061035156,116.98999786376953,167.13999938964844,20.790000915527344,90.25
2012-02-13,135.36000061035156,117.13999938964844,167.50999450683594,19.040000915527344,90.51000213623047
2012-02-14,135.19000244140625,117.76000213623047,167.1199951171875,19.540000915527344,90.51000213623047
2012-02-15,134.55999755859375,117.55000305175781,168.11000061035156,21.139999389648438,90.22000122070312
2012-02-16,136.0500030517578,116.61000061035156,168.0,19.219999313354492,90.5999984741211
2012-02-17,136.41000366210938,116.58000183105469,167.35000610351562,17.780000686645508,90.56999969482422
2012-02-21,136.47000122070312,115.29000091552734,171.02000427246094,18.190000534057617,90.91000366210938
2012-02-22,136.02999877929688,116.73999786376953,172.94000244140625,18.190000534057617,91.19999694824219
2012-02-23,136.6300048828125,116.73999786376953,173.02000427246094,16.799999237060547,91.52999877929688
2012-02-24,136.92999267578125,117.5,172.22999572753906,17.309999465942383,91.80999755859375
2012-02-27,137.16000366210938,118.54000091552734,171.6999969482422,18.190000534057617,91.83000183105469
2012-02-28,137.55999755859375,118.1500015258789,173.49000549316406,17.959999084472656,92.01000213623047
2012-02-29,137.02000427246094,117.43000030517578,164.2899932861328,18.43000030517578,92.12999725341797
2012-03-01,137.72999572753906,116.05999755859375,166.61000061035156,17.260000228881836,91.75
2012-03-02,137.30999755859375,117.1500015258789,166.33999633789062,17.290000915527344,91.37000274658203
2012-03-05,136.75,116.22000122070312,165.64999389648438,18.049999237060547,90.86000061035156
2012-03-06,134.75,117.62999725341797,162.6999969482422,20.8700008392334,89.6500015258789
2012-03-07,135.69000244140625,116.91000366210938,163.6300048828125,19.06999969482422,89.9000015258789
2012-03-08,137.0399932861328,115.73999786376953,165.27999877929688,17.950000762939453,90.5999984741211
2012-03-09,137.57000732421875,115.97000122070312,166.3800048828125,17.110000610351562,90.69999694824219
2012-03-12,137.5800018310547,115.94999694824219,165.07000732421875,15.640000343322754,90.69999694824219
2012-03-13,140.05999755859375,113.91000366210938,162.3000030517578,14.800000190734863,91.36000061035156
2012-03-14,139.91000366210938,111.04000091552734,159.57000732421875,15.3100004196167,91.12999725341797
2012-03-15,140.72000122070312,111.20999908447266,161.0800018310547,15.420000076293945,90.81999969482422
2012-03-16,140.3000030517578,111.43000030517578,161.3000030517578,14.470000267028809,90.48999786376953
2012-03-19,140.85000610351562,110.0999984741211,161.58999633789062,15.039999961853027,90.83000183105469
2012-03-20,140.44000244140625,110.54000091552734,160.1300048828125,15.579999923706055,90.76000213623047
2012-03-21,140.2100067138672,111.79000091552734,160.2100067138672,15.130000114440918,90.47000122070312
2012-03-22,139.1999969482422,112.1500015258789,159.57000732421875,15.569999694824219,90.69000244140625
2012-03-23,139.64999389648438,113.20999908447266,161.52999877929688,14.819999694824219,90.5
2012-03-26,141.61000061035156,112.62999725341797,164.39999389648438,14.260000228881836,91.05000305175781
2012-03-27,141.1699981689453,113.44000244140625,163.24000549316406,15.59000015258789,91.20999908447266
2012-03-28,140.47000122070312,113.27999877929688,161.50999450683594,15.470000267028809,90.91000366210938
2012-03-29,140.22999572753906,114.12999725341797,161.27999877929688,15.479999542236328,90.9000015258789
2012-03-30,140.80999755859375,112.19999694824219,162.1199951171875,15.5,90.72000122070312
2012-04-02,141.83999633789062,112.52999877929688,162.94000244140625,15.640000343322754,90.33000183105469
2012-04-03,141.25999450683594,110.58000183105469,159.88999938964844,15.65999984741211,90.25
2012-04-04,139.86000061035156,112.0999984741211,157.2100067138672,16.440000534057617,89.91999816894531
2012-04-05,139.7899932861328,112.91000366210938,158.30999755859375,16.700000762939453,89.69999694824219
2012-04-09,138.22000122070312,115.55000305175781,159.3699951171875,18.809999465942383,89.23999786376953
2012-04-10,135.89999389648438,116.86000061035156,161.10000610351562,20.389999389648438,88.80000305175781
2012-04-11,137.0,115.45999908447266,161.07000732421875,20.020000457763672,89.33999633789062
2012-04-12,138.7899932861328,114.9800033569336,162.6999969482422,17.200000762939453,90.13999938964844
2012-04-13,137.13999938964844,116.83999633789062,160.85000610351562,19.549999237060547,89.8499984741211
2012-04-16,137.0500030517578,116.66999816894531,160.4600067138672,19.549999237060547,89.98999786376953
2012-04-17,139.0800018310547,116.5999984741211,160.25,18.459999084472656,90.37999725341797
2012-04-18,138.61000061035156,116.94000244140625,159.30999755859375,18.639999389648438,90.3499984741211
2012-04-19,137.72000122070312,117.05000305175781,159.42999267578125,18.360000610351562,90.18000030517578
2012-04-20,137.9499969482422,117.06999969482422,159.5399932861328,17.440000534057617,90.31999969482422
2012-04-23,136.7899932861328,117.91999816894531,159.07000732421875,18.969999313354492,90.12999725341797
2012-04-24,137.30999755859375,117.08999633789062,159.3000030517578,18.100000381469727,90.33999633789062
2012-04-25,139.19000244140625,116.48999786376953,159.6199951171875,16.81999969482422,91.0
2012-04-26,140.16000366210938,117.19000244140625,161.02999877929688,16.239999771118164,91.05999755859375
2012-04-27,140.38999938964844,117.29000091552734,161.3800048828125,16.31999969482422,91.0199966430664
2012-04-30,139.8699951171875,117.31999969482422,161.8800048828125,17.149999618530273,91.19999694824219
2012-05-01,140.74000549316406,116.43000030517578,161.32000732421875,16.600000381469727,90.76000213623047
2012-05-02,140.32000732421875,117.25,160.58999633789062,16.8799991607666,91.11000061035156
2012-05-03,139.25,117.22000122070312,158.97000122070312,17.559999465942383,91.05000305175781
2012-05-04,137.0,118.13999938964844,159.47000122070312,19.15999984741211,90.87000274658203
2012-05-07,137.10000610351562,118.16000366210938,159.0800018310547,18.940000534057617,91.0199966430664
2012-05-08,136.5500030517578,118.79000091552734,156.0,19.049999237060547,91.0
2012-05-09,135.74000549316406,118.87000274658203,154.47000122070312,20.079999923706055,90.68000030517578
2012-05-10,136.02000427246094,118.5199966430664,154.77000427246094,18.829999923706055,90.58000183105469
2012-05-11,135.61000061035156,119.5,153.55999755859375,19.889999389648438,90.80999755859375
2012-05-14,134.11000061035156,121.16999816894531,151.3300018310547,21.8700008392334,90.13999938964844
2012-05-15,133.33999633789062,121.66000366210938,149.74000549316406,21.969999313354492,89.69999694824219
2012-05-16,132.8300018310547,122.01000213623047,149.4600067138672,22.270000457763672,88.81999969482422
2012-05-17,130.86000061035156,124.16999816894531,152.8000030517578,24.489999771118164,87.58999633789062
2012-05-18,129.74000549316406,124.19999694824219,154.5500030517578,25.100000381469727,87.58999633789062
2012-05-21,131.97000122070312,123.94000244140625,154.64999389648438,22.010000228881836,88.5
2012-05-22,132.1999969482422,122.55999755859375,152.0800018310547,22.479999542236328,88.48999786376953
2012-05-23,132.27000427246094,123.41000366210938,151.6199951171875,22.329999923706055,88.4000015258789
2012-05-24,132.52999877929688,122.94000244140625,151.41000366210938,21.540000915527344,88.41999816894531
2012-05-25,132.10000610351562,123.4000015258789,152.67999267578125,21.760000228881836,88.13999938964844
2012-05-29,133.6999969482422,123.0199966430664,151.02000427246094,21.030000686645508,89.11000061035156
2012-05-30,131.75999450683594,126.13999938964844,151.91000366210938,24.139999389648438,88.70999908447266
2012-05-31,131.47000122070312,127.5999984741211,151.6199951171875,24.059999465942383,87.7699966430664
2012-06-01,128.16000366210938,130.36000061035156,157.5,26.65999984741211,86.47000122070312
2012-06-04,128.10000610351562,129.3300018310547,157.32000732421875,26.1200008392334,86.54000091552734
2012-06-05,129.07000732421875,127.5999984741211,157.13999938964844,24.68000030517578,87.08999633789062
2012-06-06,131.97000122070312,125.05000305175781,157.2100067138672,22.15999984741211,88.0199966430664
2012-06-07,132.0500030517578,125.23999786376953,154.5,21.719999313354492,88.3499984741211
2012-06-08,133.10000610351562,125.20999908447266,154.72999572753906,21.229999542236328,88.69000244140625
2012-06-11,131.41000366210938,125.77999877929688,155.36000061035156,23.559999465942383,88.11000061035156
2012-06-12,132.9199981689453,124.62999725341797,156.4600067138672,22.09000015258789,88.7300033569336
2012-06-13,132.07000732421875,125.86000061035156,157.1199951171875,24.270000457763672,88.47000122070312
2012-06-14,133.47000122070312,125.69999694824219,157.75,21.68000030517578,89.12999725341797
2012-06-15,134.13999938964844,126.4000015258789,157.83999633789062,21.110000610351562,89.29000091552734
2012-06-18,134.39999389648438,127.08000183105469,157.92999267578125,18.31999969482422,89.31999969482422
2012-06-19,135.6999969482422,125.41999816894531,157.16000366210938,18.3799991607666,89.94999694824219
2012-06-20,135.47999572753906,126.04000091552734,155.97000122070312,17.239999771118164,90.30000305175781
2012-06-21,132.44000244140625,126.70999908447266,152.02000427246094,20.079999923706055,89.55999755859375
2012-06-22,133.4600067138672,125.0199966430664,152.63999938964844,18.110000610351562,90.16999816894531
2012-06-25,131.32000732421875,126.83999633789062,153.75999450683594,20.3799991607666,90.02999877929688
2012-06-26,131.97999572753906,126.33999633789062,152.6199951171875,19.719999313354492,89.9000015258789
2012-06-27,133.1699981689453,126.54000091552734,152.8300018310547,19.450000762939453,90.44000244140625
2012-06-28,132.7899932861328,126.8499984741211,151.0500030517578,19.709999084472656,90.43000030517578
2012-06-29,136.10000610351562,125.19999694824219,155.19000244140625,17.079999923706055,91.29000091552734
2012-07-02,136.50999450683594,126.22000122070312,155.08999633789062,16.799999237060547,90.87000274658203
2012-07-03,137.41000366210938,125.25,157.4600067138672,16.65999984741211,91.19999694824219
2012-07-05,136.7899932861328,125.88999938964844,155.67999267578125,17.5,91.20999908447266
2012-07-06,135.49000549316406,127.05999755859375,153.7100067138672,17.100000381469727,91.08999633789062
2012-07-09,135.32000732421875,128.17999267578125,154.0399932861328,17.979999542236328,91.12000274658203
2012-07-10,134.13999938964844,128.44000244140625,152.14999389648438,18.719999313354492,90.72000122070312
2012-07-11,134.16000366210938,128.60000610351562,152.99000549316406,17.950000762939453,91.01000213623047
2012-07-12,133.50999450683594,129.50999450683594,152.58999633789062,18.329999923706055,90.80999755859375
2012-07-13,135.75,129.1699981689453,154.13999938964844,16.739999771118164,91.08999633789062
2012-07-16,135.42999267578125,129.77000427246094,154.2100067138672,17.110000610351562,90.73999786376953
2012-07-17,136.36000061035156,128.75,153.47000122070312,16.479999542236328,91.16999816894531
2012-07-18,137.3699951171875,128.82000732421875,153.0500030517578,16.15999984741211,91.55000305175781
2012-07-19,137.72999572753906,128.49000549316406,153.3800048828125,15.449999809265137,91.77999877929688
2012-07-20,136.47000122070312,130.05999755859375,153.6699981689453,16.270000457763672,91.3499984741211
2012-07-23,135.08999633789062,130.7899932861328,153.02999877929688,18.6200008392334,91.19999694824219
2012-07-24,133.92999267578125,131.82000732421875,153.52000427246094,20.469999313354492,90.63999938964844
2012-07-25,133.9600067138672,132.16000366210938,155.6699981689453,19.34000015258789,90.44999694824219
2012-07-26,136.1699981689453,130.9499969482422,156.77000427246094,17.530000686645508,91.37999725341797
2012-07-27,138.67999267578125,128.47999572753906,157.5399932861328,16.700000762939453,91.91999816894531
2012-07-30,138.67999267578125,129.44000244140625,157.42999267578125,18.030000686645508,91.91999816894531
2012-07-31,137.7100067138672,129.6999969482422,156.49000549316406,18.93000030517578,91.69999694824219
2012-08-01,137.58999633789062,128.77999877929688,155.13999938964844,18.959999084472656,91.69000244140625
2012-08-02,136.63999938964844,129.50999450683594,154.1300048828125,17.56999969482422,91.31999969482422
2012-08-03,139.35000610351562,127.41999816894531,155.5500030517578,15.640000343322754,91.69999694824219
2012-08-06,139.6199951171875,127.47000122070312,156.3000030517578,15.949999809265137,91.63999938964844
2012-08-07,140.32000732421875,125.83000183105469,156.27999877929688,15.989999771118164,91.45999908447266
2012-08-08,140.49000549316406,125.16000366210938,156.47999572753906,15.319999694824219,91.5199966430664
2012-08-09,140.61000061035156,125.06999969482422,156.99000549316406,15.279999732971191,91.52999877929688
2012-08-10,140.83999633789062,125.69999694824219,157.17999267578125,14.739999771118164,91.44999694824219
2012-08-13,140.77000427246094,125.48999786376953,155.99000549316406,13.699999809265137,91.5
2012-08-14,140.7899932861328,123.79000091552734,155.1300048828125,14.850000381469727,91.63999938964844
2012-08-15,140.9499969482422,122.05000305175781,155.6300048828125,14.630000114440918,91.19999694824219
2012-08-16,141.99000549316406,121.01000213623047,156.55999755859375,14.289999961853027,91.54000091552734
2012-08-17,142.17999267578125,121.5999984741211,156.72000122070312,13.449999809265137,91.54000091552734
2012-08-20,142.19000244140625,121.8499984741211,157.25999450683594,14.020000457763672,91.6500015258789
2012-08-21,141.75999450683594,122.38999938964844,158.8300018310547,15.020000457763672,91.8499984741211
2012-08-22,141.82000732421875,124.41000366210938,160.5399932861328,15.109999656677246,91.76000213623047
2012-08-23,140.66000366210938,124.93000030517578,161.88999938964844,15.960000038146973,91.73999786376953
2012-08-24,141.50999450683594,124.80999755859375,161.97000122070312,15.180000305175781,92.1500015258789
2012-08-27,141.5399932861328,125.54000091552734,161.36000061035156,16.350000381469727,92.08000183105469
2012-08-28,141.39999389648438,125.83999633789062,161.63999938964844,16.489999771118164,92.0
2012-08-29,141.50999450683594,125.29000091552734,160.58999633789062,17.059999465942383,92.12999725341797
2012-08-30,140.49000549316406,125.94000244140625,160.52000427246094,17.829999923706055,92.08999633789062
2012-08-31,141.16000366210938,127.72000122070312,164.22000122070312,17.469999313354492,92.33000183105469
2012-09-04,141.02999877929688,127.31999969482422,164.47999572753906,17.979999542236328,91.81999969482422
2012-09-05,140.91000366210938,126.72000122070312,164.30999755859375,17.739999771118164,91.83000183105469
2012-09-06,143.77000427246094,124.61000061035156,164.88999938964844,15.600000381469727,92.37000274658203
2012-09-07,144.3300018310547,124.02999877929688,168.44000244140625,14.380000114440918,92.52999877929688
2012-09-10,143.50999450683594,124.33000183105469,167.2899932861328,16.280000686645508,92.37999725341797
2012-09-11,143.91000366210938,123.55000305175781,167.89999389648438,16.40999984741211,93.01000213623047
2012-09-12,144.38999938964844,122.01000213623047,167.9199981689453,15.800000190734863,93.29000091552734
2012-09-13,146.58999633789062,121.52999877929688,171.30999755859375,14.050000190734863,93.88999938964844
2012-09-14,147.24000549316406,118.30000305175781,171.8000030517578,14.510000228881836,93.87999725341797
2012-09-17,146.74000549316406,119.72000122070312,170.39999389648438,14.59000015258789,93.80000305175781
2012-09-18,146.6199951171875,120.31999969482422,171.72000122070312,14.180000305175781,93.83999633789062
2012-09-19,146.6999969482422,121.11000061035156,171.74000549316406,13.880000114440918,93.72000122070312
2012-09-20,146.7100067138672,121.41000366210938,171.47000122070312,14.069999694824219,93.27999877929688
2012-09-21,145.8699951171875,121.55000305175781,171.9600067138672,13.979999542236328,93.1500015258789
2012-09-24,145.64999389648438,122.5,171.0500030517578,14.149999618530273,93.02999877929688
2012-09-25,144.10000610351562,123.70999908447266,170.77000427246094,15.430000305175781,92.19999694824219
2012-09-26,143.2899932861328,125.04000091552734,169.80999755859375,16.809999465942383,91.73999786376953
2012-09-27,144.63999938964844,124.1500015258789,172.33999633789062,14.84000015258789,92.73999786376953
2012-09-28,143.97000122070312,124.22000122070312,171.88999938964844,15.729999542236328,92.30000305175781
2012-10-01,144.35000610351562,124.41999816894531,172.2899932861328,16.31999969482422,91.66000366210938
2012-10-02,144.5,124.25,172.10000610351562,15.710000038146973,91.88999938964844
2012-10-03,145.08999633789062,124.29000091552734,172.41000366210938,15.430000305175781,92.12000274658203
2012-10-04,146.1300048828125,122.73999786376953,173.61000061035156,14.550000190734863,92.51000213623047
2012-10-05,146.13999938964844,121.1500015258789,172.6199951171875,14.329999923706055,92.45999908447266
2012-10-08,145.63999938964844,122.16999816894531,172.0500030517578,15.109999656677246,92.33000183105469
2012-10-09,144.1999969482422,121.94999694824219,170.99000549316406,16.3700008392334,92.06999969482422
2012-10-10,143.27999877929688,122.80999755859375,170.83999633789062,16.290000915527344,91.8499984741211
2012-10-11,143.36000061035156,123.66000366210938,171.32000732421875,15.59000015258789,92.3499984741211
2012-10-12,142.88999938964844,123.97000122070312,170.05999755859375,16.139999389648438,92.51000213623047
2012-10-15,144.0800018310547,123.69000244140625,168.35000610351562,15.270000457763672,92.93000030517578
2012-10-16,145.5399932861328,121.9800033569336,169.4199981689453,15.220000267028809,93.2699966430664
2012-10-17,146.1999969482422,120.8499984741211,169.5399932861328,15.069999694824219,93.4800033569336
2012-10-18,145.82000732421875,120.11000061035156,168.7899932861328,15.029999732971191,93.43000030517578
2012-10-19,143.38999938964844,121.73999786376953,166.97000122070312,17.059999465942383,92.95999908447266
2012-10-22,143.41000366210938,120.95999908447266,167.5800018310547,16.6200008392334,92.9800033569336
2012-10-23,141.4199981689453,122.69000244140625,165.42999267578125,18.829999923706055,92.62999725341797
2012-10-24,141.02000427246094,121.4800033569336,164.86000061035156,18.329999923706055,92.55000305175781
2012-10-25,141.42999267578125,120.86000061035156,166.02000427246094,18.1200008392334,92.69999694824219
2012-10-26,141.35000610351562,122.63999938964844,165.92999267578125,17.809999465942383,92.4800033569336
2012-10-31,141.35000610351562,123.36000061035156,166.8300018310547,18.600000381469727,92.58999633789062
2012-11-01,142.8300018310547,122.3499984741211,166.07000732421875,16.690000534057617,92.54000091552734
2012-11-02,141.55999755859375,122.26000213623047,162.60000610351562,17.59000015258789,92.41000366210938
2012-11-05,141.85000610351562,122.94999694824219,163.22999572753906,18.420000076293945,92.26000213623047
2012-11-06,142.9600067138672,121.79000091552734,166.3000030517578,17.579999923706055,92.4000015258789
2012-11-07,139.72000122070312,124.0,166.49000549316406,19.079999923706055,91.8499984741211
2012-11-08,138.0399932861328,125.83999633789062,167.99000549316406,18.489999771118164,91.55000305175781
2012-11-09,138.16000366210938,125.9800033569336,167.82000732421875,18.610000610351562,91.38999938964844
2012-11-12,138.27000427246094,126.19000244140625,167.4499969482422,16.68000030517578,91.41999816894531
2012-11-13,137.7899932861328,126.61000061035156,167.10000610351562,16.649999618530273,91.20999908447266
2012-11-14,135.92999267578125,126.7300033569336,167.13999938964844,17.920000076293945,90.70999908447266
2012-11-15,135.6999969482422,126.4800033569336,166.08999633789062,17.989999771118164,90.66999816894531
2012-11-16,136.3699951171875,126.37000274658203,165.8800048828125,16.40999984741211,90.93000030517578
2012-11-19,139.1300048828125,125.66000366210938,167.8699951171875,15.239999771118164,92.08000183105469
2012-11-20,139.19000244140625,124.4000015258789,167.38999938964844,15.079999923706055,92.08999633789062
2012-11-21,139.4499969482422,124.33000183105469,167.55999755859375,15.3100004196167,92.05999755859375
2012-11-23,141.35000610351562,124.20999908447266,169.61000061035156,15.140000343322754,92.37000274658203
2012-11-26,141.0500030517578,124.80000305175781,169.42999267578125,15.5,92.38999938964844
2012-11-27,140.3300018310547,125.29000091552734,168.7100067138672,15.920000076293945,92.4800033569336
2012-11-28,141.4600067138672,125.11000061035156,166.5500030517578,15.510000228881836,92.5
2012-11-29,142.1199951171875,125.12999725341797,167.17999267578125,15.0600004196167,92.91000366210938
2012-11-30,142.14999389648438,124.79000091552734,166.0500030517578,15.869999885559082,93.05000305175781
2012-12-03,141.4499969482422,124.66000366210938,166.1300048828125,16.639999389648438,93.02999877929688
2012-12-04,141.25,125.37999725341797,164.4199981689453,17.1200008392334,93.02999877929688
2012-12-05,141.5,125.31999969482422,164.1199951171875,16.459999084472656,93.18000030517578
2012-12-06,141.97999572753906,125.58999633789062,164.5,16.579999923706055,93.3499984741211
2012-12-07,142.41000366210938,124.43000030517578,165.16000366210938,15.899999618530273,93.20999908447266
2012-12-10,142.47000122070312,124.9800033569336,165.8000030517578,16.049999237060547,93.29000091552734
2012-12-11,143.44000244140625,124.02999877929688,165.64999389648438,15.569999694824219,93.37999725341797
2012-12-12,143.50999450683594,122.58999633789062,165.77000427246094,15.949999809265137,93.66000366210938
2012-12-13,142.6300048828125,122.68000030517578,164.3699951171875,16.559999465942383,93.33000183105469
2012-12-14,142.10000610351562,123.5999984741211,164.1300048828125,17.0,93.26000213623047
2012-12-17,143.77000427246094,121.75,164.44000244140625,16.34000015258789,93.62000274658203
2012-12-18,145.3699951171875,120.51000213623047,162.0800018310547,15.569999694824219,93.66999816894531
2012-12-19,144.2899932861328,120.91000366210938,161.69000244140625,17.360000610351562,93.56999969482422
2012-12-20,145.1199951171875,120.93000030517578,159.72999572753906,17.670000076293945,93.9000015258789
2012-12-21,142.7899932861328,122.25,160.3300018310547,17.84000015258789,93.62999725341797
2012-12-24,142.35000610351562,122.02999877929688,160.6199951171875,17.84000015258789,93.29000091552734
2012-12-26,141.75,122.19999694824219,160.77999877929688,19.479999542236328,93.01000213623047
2012-12-27,141.55999755859375,122.61000061035156,161.16000366210938,19.469999313354492,93.19999694824219
2012-12-28,140.02999877929688,123.30999755859375,160.5399932861328,22.719999313354492,92.94999694824219
2012-12-31,142.41000366210938,121.18000030517578,162.02000427246094,18.020000457763672,93.3499984741211
2013-01-02,146.05999755859375,119.55999755859375,163.1699981689453,14.680000305175781,94.2300033569336
2013-01-03,145.72999572753906,117.94000244140625,161.1999969482422,14.5600004196167,93.94000244140625
2013-01-04,146.3699951171875,118.4000015258789,160.44000244140625,13.829999923706055,94.0
2013-01-07,145.97000122070312,118.44999694824219,159.42999267578125,13.789999961853027,94.08000183105469
2013-01-08,145.5500030517578,119.2300033569336,160.55999755859375,13.619999885559082,94.01000213623047
2013-01-09,145.9199981689453,119.12000274658203,160.49000549316406,13.8100004196167,94.19000244140625
2013-01-10,147.0800018310547,118.79000091552734,161.97999572753906,13.489999771118164,94.3499984741211
2013-01-11,147.07000732421875,119.8499984741211,161.05999755859375,13.359999656677246,94.5199966430664
2013-01-14,146.97000122070312,119.5199966430664,161.5399932861328,13.520000457763672,94.38999938964844
2013-01-15,147.07000732421875,120.06999969482422,162.55999755859375,13.550000190734863,94.41000366210938
2013-01-16,147.0500030517578,120.31999969482422,162.64999389648438,13.420000076293945,94.25
2013-01-17,148.0,119.12000274658203,163.35000610351562,13.569999694824219,94.58999633789062
2013-01-18,148.3300018310547,120.04000091552734,163.08999633789062,12.460000038146973,94.72000122070312
2013-01-22,149.1300048828125,120.2699966430664,163.6699981689453,12.430000305175781,94.77999877929688
2013-01-23,149.3699951171875,120.08999633789062,163.2100067138672,12.460000038146973,94.66999816894531
2013-01-24,149.41000366210938,119.66999816894531,161.4199981689453,12.6899995803833,94.87999725341797
2013-01-25,150.25,118.02999877929688,160.64999389648438,12.890000343322754,94.8499984741211
2013-01-28,150.07000732421875,117.5999984741211,160.2899932861328,13.569999694824219,94.80000305175781
2013-01-29,150.66000366210938,116.94999694824219,160.99000549316406,13.3100004196167,94.63999938964844
2013-01-30,150.07000732421875,116.75,162.19000244140625,14.319999694824219,93.95999908447266
2013-01-31,149.6999969482422,117.31999969482422,161.1999969482422,14.279999732971191,93.66999816894531
2013-02-01,151.24000549316406,115.54000091552734,161.4499969482422,12.899999618530273,93.4800033569336
2013-02-04,149.5399932861328,117.0199966430664,162.0,14.670000076293945,93.08999633789062
2013-02-05,151.0500030517578,115.9800033569336,161.9600067138672,13.720000267028809,93.30000305175781
2013-02-06,151.16000366210938,116.93000030517578,162.38999938964844,13.40999984741211,93.16000366210938
2013-02-07,150.9600067138672,116.66999816894531,161.83999633789062,13.5,92.9800033569336
2013-02-08,151.8000030517578,117.12000274658203,161.57000732421875,13.020000457763672,93.0
2013-02-11,151.77000427246094,117.02999877929688,159.6999969482422,12.9399995803833,92.98999786376953
2013-02-12,152.02000427246094,116.73999786376953,159.88999938964844,12.640000343322754,93.30999755859375
2013-02-13,152.14999389648438,115.79000091552734,159.0500030517578,12.979999542236328,93.44999694824219
2013-02-14,152.2899932861328,116.83999633789062,158.35000610351562,12.65999984741211,93.41000366210938
2013-02-15,152.11000061035156,116.5,155.75999450683594,12.460000038146973,93.41999816894531
2013-02-19,153.25,115.91999816894531,155.3300018310547,12.3100004196167,93.51000213623047
2013-02-20,151.33999633789062,116.2699966430664,151.44000244140625,14.680000305175781,93.41999816894531
2013-02-21,150.4199981689453,116.94999694824219,152.6199951171875,15.220000267028809,93.5199966430664
2013-02-22,151.88999938964844,117.02999877929688,152.97000122070312,14.170000076293945,93.75
2013-02-25,149.0,119.33000183105469,154.33999633789062,18.989999771118164,93.45999908447266
2013-02-26,150.02000427246094,118.63999938964844,156.22000122070312,16.8700008392334,93.91999816894531
2013-02-27,151.91000366210938,118.29000091552734,154.57000732421875,14.729999542236328,94.08000183105469
2013-02-28,151.61000061035156,118.51000213623047,153.0,15.510000228881836,94.04000091552734
2013-03-01,152.11000061035156,118.9000015258789,152.44000244140625,15.359999656677246,93.72000122070312
2013-03-04,152.9199981689453,118.2699966430664,152.3000030517578,14.010000228881836,93.7300033569336
2013-03-05,154.2899932861328,117.93000030517578,152.3800048828125,13.479999542236328,93.91999816894531
2013-03-06,154.5,116.86000061035156,153.22999572753906,13.529999732971191,93.86000061035156
2013-03-07,154.77999877929688,115.95999908447266,152.69000244140625,13.0600004196167,94.0
2013-03-08,155.44000244140625,114.75,152.7100067138672,12.59000015258789,94.11000061035156
2013-03-11,156.02999877929688,114.86000061035156,152.99000549316406,11.5600004196167,94.05000305175781
2013-03-12,155.67999267578125,115.69000244140625,154.19000244140625,12.270000457763672,94.01000213623047
2013-03-13,155.89999389648438,115.56999969482422,153.66000366210938,11.829999923706055,94.02999877929688
2013-03-14,156.72999572753906,115.22000122070312,153.67999267578125,11.300000190734863,94.38999938964844
2013-03-15,155.8300018310547,115.76000213623047,154.0,11.300000190734863,94.37999725341797
2013-03-18,154.97000122070312,116.63999938964844,155.3800048828125,13.359999656677246,94.4000015258789
2013-03-19,154.61000061035156,117.43000030517578,156.0800018310547,14.390000343322754,94.23999786376953
2013-03-20,155.69000244140625,116.12000274658203,155.3699951171875,12.670000076293945,94.55000305175781
2013-03-21,154.36000061035156,117.23999786376953,156.25,13.989999771118164,94.37999725341797
2013-03-22,155.60000610351562,117.33000183105469,155.5500030517578,13.569999694824219,94.30999755859375
2013-03-25,154.9499969482422,117.22000122070312,155.24000549316406,13.739999771118164,94.16999816894531
2013-03-26,156.19000244140625,117.36000061035156,154.72000122070312,12.770000457763672,94.33999633789062
2013-03-27,156.19000244140625,118.36000061035156,155.36000061035156,13.149999618530273,94.18000030517578
2013-03-28,156.6699981689453,117.76000213623047,154.4499969482422,12.699999809265137,94.3499984741211
2013-04-01,156.0500030517578,118.38999938964844,154.6699981689453,13.579999923706055,94.02999877929688
2013-04-02,156.82000732421875,117.91000366210938,152.42999267578125,12.779999732971191,93.95999908447266
2013-04-03,155.22999572753906,118.97000122070312,150.72999572753906,14.210000038146973,93.95999908447266
2013-04-04,155.86000061035156,120.38999938964844,150.2899932861328,13.890000343322754,93.93000030517578
2013-04-05,155.16000366210938,122.81999969482422,152.80999755859375,13.920000076293945,94.0199966430664
2013-04-08,156.2100067138672,121.87999725341797,152.16000366210938,13.1899995803833,94.12000274658203
2013-04-09,156.75,121.58000183105469,153.33999633789062,12.84000015258789,94.41999816894531
2013-04-10,158.6699981689453,119.91000366210938,150.75,12.359999656677246,94.72000122070312
2013-04-11,159.19000244140625,120.13999938964844,151.0500030517578,12.239999771118164,94.72000122070312
2013-04-12,158.8000030517578,121.93000030517578,143.9499969482422,12.0600004196167,94.75
2013-04-15,155.1199951171875,122.98999786376953,131.30999755859375,17.270000457763672,94.1500015258789
2013-04-16,157.41000366210938,121.9800033569336,132.8000030517578,13.960000038146973,94.80000305175781
2013-04-17,155.11000061035156,122.79000091552734,132.8699951171875,16.510000228881836,94.6500015258789
2013-04-18,154.13999938964844,123.08999633789062,134.3000030517578,17.559999465942383,94.5
2013-04-19,155.47999572753906,122.83000183105469,135.47000122070312,14.970000267028809,94.44999694824219
2013-04-22,156.1699981689453,122.91999816894531,137.89999389648438,14.390000343322754,94.66999816894531
2013-04-23,157.77999877929688,122.48999786376953,136.8800048828125,13.479999542236328,95.04000091552734
2013-04-24,157.8800048828125,122.80000305175781,138.3699951171875,13.609999656677246,95.20999908447266
2013-04-25,158.52000427246094,122.2699966430664,141.6300048828125,13.619999885559082,95.47000122070312
2013-04-26,158.24000549316406,123.38999938964844,140.91000366210938,13.609999656677246,95.37000274658203
2013-04-29,159.3000030517578,122.94000244140625,142.3000030517578,13.710000038146973,95.55000305175781
2013-04-30,159.67999267578125,123.01000213623047,142.77000427246094,13.520000457763672,95.8499984741211
2013-05-01,158.27999877929688,124.01000213623047,141.11000061035156,14.489999771118164,95.19999694824219
2013-05-02,159.75,123.8499984741211,141.9199981689453,13.59000015258789,95.80999755859375
2013-05-03,161.3699951171875,120.93000030517578,142.08999633789062,12.850000381469727,95.95999908447266
2013-05-06,161.77999877929688,120.62999725341797,142.14999389648438,12.65999984741211,96.0199966430664
2013-05-07,162.60000610351562,120.16000366210938,140.3800048828125,12.829999923706055,95.94999694824219
2013-05-08,163.33999633789062,120.3499984741211,142.4600067138672,12.65999984741211,96.29000091552734
2013-05-09,162.8800048828125,120.04000091552734,140.80999755859375,13.130000114440918,96.01000213623047
2013-05-10,163.41000366210938,118.75,139.60000610351562,12.59000015258789,95.51000213623047
2013-05-13,163.5399932861328,117.83999633789062,138.42999267578125,12.550000190734863,95.12000274658203
2013-05-14,165.22999572753906,116.55999755859375,137.80999755859375,12.770000457763672,95.22000122070312
2013-05-15,166.1199951171875,117.33999633789062,134.6300048828125,12.8100004196167,95.2300033569336
2013-05-16,165.33999633789062,118.55999755859375,134.08999633789062,13.069999694824219,95.45999908447266
2013-05-17,166.94000244140625,117.05999755859375,131.07000732421875,12.449999809265137,95.45999908447266
2013-05-20,166.92999267578125,116.91999816894531,135.1199951171875,13.020000457763672,95.55999755859375
2013-05-21,167.1699981689453,117.83999633789062,132.8800048828125,13.369999885559082,95.73999786376953
2013-05-22,165.92999267578125,116.08999633789062,131.94000244140625,13.819999694824219,95.1500015258789
2013-05-23,165.4499969482422,116.63999938964844,134.61000061035156,14.069999694824219,94.88999938964844
2013-05-24,165.30999755859375,116.80000305175781,133.75999450683594,13.989999771118164,94.70999908447266
2013-05-28,166.3000030517578,113.83999633789062,133.49000549316406,14.479999542236328,94.36000061035156
2013-05-29,165.22000122070312,115.12000274658203,134.8300018310547,14.829999923706055,93.9800033569336
2013-05-30,165.8300018310547,114.83999633789062,136.6999969482422,14.529999732971191,94.16999816894531
2013-05-31,163.4499969482422,114.44999694824219,133.9199981689453,16.299999237060547,92.91999816894531
2013-06-03,164.35000610351562,114.77999877929688,136.50999450683594,16.280000686645508,92.36000061035156
2013-06-04,163.55999755859375,113.72000122070312,135.22999572753906,16.270000457763672,92.36000061035156
2013-06-05,161.27000427246094,115.29000091552734,135.52000427246094,17.5,91.55999755859375
2013-06-06,162.72999572753906,115.22000122070312,136.52999877929688,16.6299991607666,92.27999877929688
2013-06-07,164.8000030517578,113.16000366210938,133.27999877929688,15.140000343322754,92.33999633789062
2013-06-10,164.8000030517578,112.62000274658203,133.94000244140625,15.4399995803833,92.1500015258789
2013-06-11,163.10000610351562,113.95999908447266,133.25,17.06999969482422,91.58000183105469
2013-06-12,161.75,112.33000183105469,134.25,18.59000015258789,91.6500015258789
2013-06-13,164.2100067138672,114.08999633789062,133.74000549316406,16.40999984741211,92.69999694824219
2013-06-14,163.17999267578125,113.81999969482422,134.42999267578125,17.149999618530273,92.80999755859375
2013-06-17,164.44000244140625,113.22000122070312,133.77000427246094,16.799999237060547,92.80000305175781
2013-06-18,165.74000549316406,113.27999877929688,132.1300048828125,16.610000610351562,93.02999877929688
2013-06-19,163.4499969482422,112.11000061035156,130.58999633789062,16.639999389648438,91.63999938964844
2013-06-20,159.39999389648438,110.2699966430664,123.5999984741211,20.489999771118164,90.73999786376953
2013-06-21,159.07000732421875,108.4000015258789,125.05000305175781,18.899999618530273,90.1500015258789
2013-06-24,157.05999755859375,108.8499984741211,123.93000030517578,20.110000610351562,89.04000091552734
2013-06-25,158.57000732421875,107.87999725341797,123.47000122070312,18.469999313354492,90.30999755859375
2013-06-26,160.13999938964844,108.58000183105469,118.27999877929688,17.209999084472656,91.05999755859375
2013-06-27,161.0800018310547,109.69000244140625,115.94000244140625,16.860000610351562,91.5
2013-06-28,160.4199981689453,110.44000244140625,119.11000061035156,16.860000610351562,90.87999725341797
2013-07-01,161.36000061035156,110.41000366210938,121.12999725341797,16.3700008392334,90.88999938964844
2013-07-02,161.2100067138672,110.33999633789062,120.05000305175781,16.440000534057617,90.61000061035156
2013-07-03,161.27999877929688,110.01000213623047,120.73999786376953,16.200000762939453,90.81999969482422
2013-07-05,163.02000427246094,106.26000213623047,118.08999633789062,14.890000343322754,89.8499984741211
2013-07-08,163.9499969482422,107.29000091552734,119.51000213623047,14.779999732971191,91.08999633789062
2013-07-09,165.1300048828125,107.4000015258789,120.62000274658203,14.350000381469727,91.13999938964844
2013-07-10,165.19000244140625,106.55999755859375,120.94999694824219,14.210000038146973,91.5
2013-07-11,167.44000244140625,107.80999755859375,124.23999786376953,14.010000228881836,92.6500015258789
2013-07-12,167.50999450683594,107.72000122070312,124.12999725341797,13.84000015258789,92.55999755859375
2013-07-15,168.14999389648438,108.29000091552734,124.18000030517578,13.789999961853027,92.94999694824219
2013-07-16,167.52000427246094,108.66000366210938,124.88999938964844,14.420000076293945,92.72000122070312
2013-07-17,167.9499969482422,108.86000061035156,123.31999969482422,13.779999732971191,93.4000015258789
2013-07-18,168.8699951171875,107.5,124.01000213623047,13.770000457763672,93.95999908447266
2013-07-19,169.1699981689453,109.19999694824219,125.11000061035156,12.539999961853027,93.9000015258789
2013-07-22,169.5,109.36000061035156,128.83999633789062,12.289999961853027,93.97000122070312
2013-07-23,169.13999938964844,108.9000015258789,129.7100067138672,12.65999984741211,93.73999786376953
2013-07-24,168.52000427246094,107.5199966430664,127.4800033569336,13.180000305175781,92.94999694824219
2013-07-25,168.92999267578125,107.4800033569336,128.6699981689453,12.970000267028809,92.73999786376953
2013-07-26,169.11000061035156,108.13999938964844,128.77999877929688,12.720000267028809,92.77999877929688
2013-07-29,168.58999633789062,107.3499984741211,128.47000122070312,13.390000343322754,92.58000183105469
2013-07-30,168.58999633789062,107.30999755859375,128.1199951171875,13.390000343322754,92.70999908447266
2013-07-31,168.7100067138672,107.69999694824219,127.95999908447266,13.449999809265137,92.9800033569336
2013-08-01,170.66000366210938,105.36000061035156,126.61000061035156,12.9399995803833,91.6500015258789
2013-08-02,170.9499969482422,106.5199966430664,126.36000061035156,11.979999542236328,92.20999908447266
2013-08-05,170.6999969482422,105.69999694824219,125.69999694824219,11.84000015258789,91.73999786376953
2013-08-06,169.72999572753906,106.01000213623047,123.97000122070312,12.720000267028809,91.6500015258789
2013-08-07,169.17999267578125,106.80000305175781,124.1500015258789,12.979999542236328,91.36000061035156
2013-08-08,169.8000030517578,107.08999633789062,126.86000061035156,12.729999542236328,91.55999755859375
2013-08-09,169.30999755859375,107.26000213623047,126.86000061035156,13.40999984741211,91.56999969482422
2013-08-12,169.11000061035156,106.52999877929688,129.1300048828125,12.8100004196167,91.48999786376953
2013-08-13,169.61000061035156,104.98999786376953,127.73999786376953,12.3100004196167,91.48999786376953
2013-08-14,168.74000549316406,105.1500015258789,129.0,13.039999961853027,91.30999755859375
2013-08-15,166.3800048828125,103.7300033569336,131.69000244140625,14.729999542236328,90.83999633789062
2013-08-16,165.8300018310547,103.37000274658203,132.5800018310547,14.369999885559082,90.52999877929688
2013-08-19,164.77000427246094,102.47000122070312,132.00999450683594,15.100000381469727,89.93000030517578
2013-08-20,165.5800018310547,103.26000213623047,132.4499969482422,14.90999984741211,90.76000213623047
2013-08-21,164.55999755859375,102.12999725341797,132.07000732421875,15.9399995803833,90.43000030517578
2013-08-22,166.05999755859375,103.16999816894531,132.80999755859375,14.760000228881836,90.91999816894531
2013-08-23,166.6199951171875,104.29000091552734,134.89999389648438,13.979999542236328,91.30000305175781
2013-08-26,166.0,104.80999755859375,135.4499969482422,14.989999771118164,91.30999755859375
2013-08-27,163.3300018310547,106.12999725341797,136.75,16.770000457763672,90.72000122070312
2013-08-28,163.91000366210938,105.2699966430664,136.7100067138672,16.489999771118164,91.05999755859375
2013-08-29,164.1699981689453,106.11000061035156,135.8699951171875,16.809999465942383,91.43000030517578
2013-08-30,163.64999389648438,105.98999786376953,134.6199951171875,17.010000228881836,91.3499984741211
2013-09-03,164.38999938964844,104.22000122070312,136.4199981689453,16.610000610351562,90.38999938964844
2013-09-04,165.75,103.98999786376953,134.66000366210938,15.880000114440918,90.7300033569336
2013-09-05,165.9600067138672,102.54000091552734,132.1999969482422,15.770000457763672,90.2699966430664
2013-09-06,166.0399932861328,103.05000305175781,134.14999389648438,15.850000381469727,90.56999969482422
2013-09-09,167.6300048828125,103.0999984741211,133.91000366210938,15.630000114440918,90.80000305175781
2013-09-10,168.8699951171875,102.37999725341797,131.74000549316406,14.529999732971191,91.12000274658203
2013-09-11,169.39999389648438,103.29000091552734,131.6999969482422,13.819999694824219,91.23999786376953
2013-09-12,168.9499969482422,103.1500015258789,127.66999816894531,14.289999961853027,91.12999725341797
2013-09-13,169.3300018310547,103.55000305175781,127.81999969482422,14.15999984741211,91.05999755859375
2013-09-16,170.30999755859375,102.86000061035156,126.44999694824219,14.380000114440918,91.55999755859375
2013-09-17,171.07000732421875,103.70999908447266,126.5,14.529999732971191,91.86000061035156
2013-09-18,173.0500030517578,104.98999786376953,132.00999450683594,13.59000015258789,92.73999786376953
2013-09-19,172.75999450683594,104.37000274658203,131.75,13.15999984741211,92.47000122070312
2013-09-20,170.72000122070312,104.91999816894531,127.95999908447266,13.119999885559082,92.36000061035156
2013-09-23,169.92999267578125,105.69000244140625,127.55000305175781,14.3100004196167,92.3499984741211
2013-09-24,169.52999877929688,106.83000183105469,127.66000366210938,14.079999923706055,92.1500015258789
2013-09-25,169.0399932861328,107.05000305175781,128.7899932861328,14.010000228881836,91.98999786376953
2013-09-26,169.69000244140625,106.30000305175781,127.79000091552734,14.0600004196167,91.94000244140625
2013-09-27,168.91000366210938,106.55999755859375,128.97000122070312,15.460000038146973,91.83999633789062
2013-09-30,168.00999450683594,106.4000015258789,128.17999267578125,16.600000381469727,91.58000183105469
2013-10-01,169.33999633789062,105.80000305175781,124.58999633789062,15.539999961853027,91.52999877929688
2013-10-02,169.17999267578125,105.95999908447266,127.05999755859375,16.600000381469727,91.56999969482422
2013-10-03,167.6199951171875,105.79000091552734,127.18000030517578,17.670000076293945,91.62999725341797
2013-10-04,168.88999938964844,105.70999908447266,126.52999877929688,16.739999771118164,91.79000091552734
2013-10-07,167.42999267578125,106.13999938964844,127.63999938964844,19.40999984741211,91.55000305175781
2013-10-08,165.47999572753906,106.16999816894531,127.4000015258789,20.34000015258789,91.51000213623047
2013-10-09,165.60000610351562,105.31999969482422,126.11000061035156,19.600000381469727,91.58999633789062
2013-10-10,169.1699981689453,105.48999786376953,124.2699966430664,16.479999542236328,92.01000213623047
2013-10-11,170.25999450683594,105.45999908447266,122.5999984741211,15.720000267028809,92.18000030517578
2013-10-14,170.94000244140625,104.61000061035156,122.83000183105469,16.06999969482422,92.31999969482422
2013-10-15,169.6999969482422,104.54000091552734,123.7300033569336,18.65999984741211,92.29000091552734
2013-10-16,172.07000732421875,105.8499984741211,123.54000091552734,14.710000038146973,92.77999877929688
2013-10-17,173.22000122070312,106.80999755859375,127.41999816894531,13.479999542236328,93.2300033569336
2013-10-18,174.38999938964844,107.04000091552734,126.8499984741211,13.039999961853027,93.41999816894531
2013-10-21,174.39999389648438,106.69999694824219,126.9800033569336,13.15999984741211,93.20999908447266
2013-10-22,175.41000366210938,107.88999938964844,129.33999633789062,13.329999923706055,93.48999786376953
2013-10-23,174.57000732421875,108.30999755859375,128.69000244140625,13.420000076293945,93.56999969482422
2013-10-24,175.14999389648438,107.88999938964844,129.89999389648438,13.199999809265137,93.5999984741211
2013-10-25,175.9499969482422,108.29000091552734,130.4600067138672,13.09000015258789,93.62999725341797
2013-10-28,176.22999572753906,107.91999816894531,130.55999755859375,13.3100004196167,93.61000061035156
2013-10-29,177.1699981689453,108.05999755859375,129.77000427246094,13.40999984741211,93.76000213623047
2013-10-30,176.2899932861328,107.41000366210938,129.60000610351562,13.649999618530273,93.37999725341797
2013-10-31,175.7899932861328,107.63999938964844,127.73999786376953,13.75,93.43000030517578
2013-11-01,176.2100067138672,106.19000244140625,126.94999694824219,13.279999732971191,92.81999969482422
2013-11-04,176.8300018310547,106.29000091552734,126.80999755859375,12.930000305175781,92.9800033569336
2013-11-05,176.27000427246094,105.0199966430664,126.55999755859375,13.270000457763672,92.7300033569336
2013-11-06,177.1699981689453,105.06999969482422,127.19999694824219,12.670000076293945,93.0
2013-11-07,174.92999267578125,105.95999908447266,126.16000366210938,13.90999984741211,93.05999755859375
2013-11-08,177.2899932861328,103.41000366210938,124.27999877929688,12.899999618530273,92.9000015258789
2013-11-11,177.32000732421875,103.0199966430664,123.87000274658203,12.529999732971191,92.55000305175781
2013-11-12,176.9600067138672,103.5,122.44999694824219,12.819999694824219,92.41999816894531
2013-11-13,178.3800048828125,103.87999725341797,122.8499984741211,12.520000457763672,92.7699966430664
2013-11-14,179.27000427246094,104.5199966430664,124.2699966430664,12.369999885559082,93.04000091552734
2013-11-15,180.0500030517578,104.7300033569336,124.31999969482422,12.1899995803833,93.18000030517578
2013-11-18,179.4199981689453,105.36000061035156,122.9000015258789,13.100000381469727,92.91000366210938
2013-11-19,179.02999877929688,104.55999755859375,122.94999694824219,13.390000343322754,92.87000274658203
2013-11-20,178.47000122070312,102.77999877929688,120.12000274658203,13.399999618530273,92.77999877929688
2013-11-21,179.91000366210938,102.94999694824219,119.94000244140625,12.65999984741211,93.0999984741211
2013-11-22,180.80999755859375,103.91000366210938,119.91999816894531,12.260000228881836,93.16999816894531
2013-11-25,180.6300048828125,104.20999908447266,120.45999908447266,12.789999961853027,93.30999755859375
2013-11-26,180.67999267578125,104.5999984741211,119.81999969482422,12.8100004196167,93.37999725341797
2013-11-27,181.1199951171875,104.41999816894531,119.45999908447266,12.979999542236328,93.31999969482422
2013-11-29,181.0,104.44999694824219,120.69999694824219,13.699999809265137,93.41999816894531
2013-12-02,180.52999877929688,103.33000183105469,117.58000183105469,14.229999542236328,93.0
2013-12-03,179.75,103.70999908447266,117.95999908447266,14.550000190734863,92.91000366210938
2013-12-04,179.72999572753906,102.72000122070312,119.95999908447266,14.699999809265137,92.66999816894531
2013-12-05,178.94000244140625,102.43000030517578,118.30000305175781,15.079999923706055,92.5999984741211
2013-12-06,180.94000244140625,102.91999816894531,118.55000305175781,13.789999961853027,92.86000061035156
2013-12-09,181.39999389648438,103.16000366210938,119.72000122070312,13.489999771118164,93.19999694824219
2013-12-10,180.75,103.9000015258789,121.81999969482422,13.90999984741211,93.19999694824219
2013-12-11,178.72000122070312,103.0999984741211,120.86000061035156,15.420000076293945,92.91999816894531
2013-12-12,178.1300048828125,102.70999908447266,118.29000091552734,15.539999961853027,92.75
2013-12-13,178.11000061035156,103.20999908447266,119.37999725341797,15.760000228881836,92.9000015258789
2013-12-16,179.22000122070312,102.83000183105469,119.69000244140625,16.030000686645508,92.9800033569336
2013-12-17,178.64999389648438,103.29000091552734,118.6500015258789,16.209999084472656,92.98999786376953
2013-12-18,181.6999969482422,102.7699966430664,117.61000061035156,13.800000190734863,93.1500015258789
2013-12-19,181.49000549316406,102.66999816894531,114.81999969482422,14.149999618530273,93.05000305175781
2013-12-20,181.55999755859375,104.25,115.94000244140625,13.789999961853027,93.11000061035156
2013-12-23,182.52999877929688,103.66000366210938,115.56999969482422,13.039999961853027,93.18000030517578
2013-12-24,182.92999267578125,102.83000183105469,116.0999984741211,12.479999542236328,93.12999725341797
2013-12-26,183.86000061035156,102.0999984741211,116.73999786376953,12.329999923706055,92.75
2013-12-27,183.85000610351562,101.80999755859375,117.12000274658203,12.460000038146973,92.73999786376953
2013-12-30,183.82000732421875,102.51000213623047,115.38999938964844,13.5600004196167,92.81999969482422
2013-12-31,184.69000244140625,101.86000061035156,116.12000274658203,13.720000267028809,92.87999725341797
2014-01-02,182.9199981689453,102.16999816894531,118.0,14.229999542236328,93.04000091552734
2014-01-03,182.88999938964844,102.16999816894531,119.29000091552734,13.760000228881836,93.01000213623047
2014-01-06,182.36000061035156,102.5999984741211,119.5,13.550000190734863,93.20999908447266
2014-01-07,183.47999572753906,102.86000061035156,118.81999969482422,12.920000076293945,93.20999908447266
2014-01-08,183.52000427246094,102.58000183105469,118.12000274658203,12.869999885559082,93.1500015258789
2014-01-09,183.63999938964844,103.18000030517578,118.45999908447266,12.890000343322754,93.29000091552734
2014-01-10,184.13999938964844,104.41000366210938,120.26000213623047,12.140000343322754,93.56999969482422
2014-01-13,181.69000244140625,104.93000030517578,121.0199966430664,13.279999732971191,93.47000122070312
2014-01-14,183.6699981689453,104.44999694824219,119.88999938964844,12.279999732971191,93.61000061035156
2014-01-15,184.66000366210938,104.33999633789062,119.66000366210938,12.279999732971191,93.80000305175781
2014-01-16,184.4199981689453,105.04000091552734,119.79000091552734,12.529999732971191,93.76000213623047
2014-01-17,183.63999938964844,105.4800033569336,120.93000030517578,12.4399995803833,93.77999877929688
2014-01-21,184.17999267578125,105.55999755859375,119.69999694824219,12.869999885559082,93.9000015258789
2014-01-22,184.3000030517578,105.30000305175781,119.19000244140625,12.84000015258789,93.76000213623047
2014-01-23,182.7899932861328,106.79000091552734,121.79000091552734,13.770000457763672,93.63999938964844
2014-01-24,178.88999938964844,107.4800033569336,122.29000091552734,18.139999389648438,93.0199966430664
2014-01-27,178.00999450683594,106.7300033569336,120.95999908447266,17.420000076293945,92.98999786376953
2014-01-28,179.07000732421875,106.98999786376953,120.94999694824219,15.800000190734863,93.4000015258789
2014-01-29,177.35000610351562,107.87000274658203,122.47000122070312,17.350000381469727,93.12000274658203
2014-01-30,179.22999572753906,107.55999755859375,119.7699966430664,17.290000915527344,93.27999877929688
2014-01-31,178.17999267578125,108.27999877929688,120.08999633789062,18.40999984741211,93.25
2014-02-03,174.1699981689453,109.31999969482422,121.31999969482422,21.440000534057617,92.51000213623047
2014-02-04,175.38999938964844,108.16000366210938,120.98999786376953,19.110000610351562,92.62000274658203
2014-02-05,175.1699981689453,107.16000366210938,121.29000091552734,19.950000762939453,92.62000274658203
2014-02-06,177.47999572753906,106.69999694824219,121.23999786376953,17.229999542236328,92.94999694824219
2014-02-07,179.67999267578125,106.79000091552734,122.16999816894531,15.289999961853027,93.41999816894531
2014-02-10,180.00999450683594,107.08999633789062,122.91999816894531,15.260000228881836,93.4800033569336
2014-02-11,181.97999572753906,106.47000122070312,124.36000061035156,14.510000228881836,93.63999938964844
2014-02-12,182.07000732421875,105.91999816894531,124.43000030517578,14.300000190734863,93.48999786376953
2014-02-13,183.00999450683594,106.5199966430664,125.48999786376953,14.140000343322754,93.76000213623047
2014-02-14,184.02000427246094,106.58000183105469,127.1500015258789,13.569999694824219,93.91000366210938
2014-02-18,184.24000549316406,106.81999969482422,127.4000015258789,13.869999885559082,94.04000091552734
2014-02-19,183.02000427246094,106.37000274658203,126.2699966430664,15.5,93.80000305175781
2014-02-20,184.10000610351562,106.11000061035156,127.5999984741211,14.789999961853027,94.08999633789062
2014-02-21,183.88999938964844,106.66999816894531,127.58000183105469,14.680000305175781,94.16999816894531
2014-02-24,184.91000366210938,106.4000015258789,128.99000549316406,14.229999542236328,94.37999725341797
2014-02-25,184.83999633789062,107.3499984741211,129.2100067138672,13.670000076293945,94.48999786376953
2014-02-26,184.85000610351562,107.91999816894531,128.11000061035156,14.350000381469727,94.6500015258789
2014-02-27,185.82000732421875,108.51000213623047,128.1999969482422,14.039999961853027,94.83000183105469
2014-02-28,186.2899932861328,108.56999969482422,127.62000274658203,14.0,94.93000030517578
2014-03-03,184.97999572753906,109.02999877929688,130.2899932861328,16.0,94.37999725341797
2014-03-04,187.5800018310547,107.38999938964844,128.67999267578125,14.100000381469727,94.72000122070312
2014-03-05,187.75,107.62000274658203,128.88999938964844,13.890000343322754,94.55000305175781
2014-03-06,188.17999267578125,106.55999755859375,130.1699981689453,14.210000038146973,94.41000366210938
2014-03-07,188.25999450683594,105.88999938964844,129.08999633789062,14.109999656677246,94.05000305175781
2014-03-10,188.16000366210938,106.04000091552734,129.1300048828125,14.199999809265137,94.05999755859375
2014-03-11,187.22999572753906,106.31999969482422,129.86000061035156,14.800000190734863,93.95999908447266
2014-03-12,187.27999877929688,107.05999755859375,131.75999450683594,14.470000267028809,94.12000274658203
2014-03-13,185.17999267578125,108.5,132.2100067138672,16.219999313354492,93.87000274658203
2014-03-14,184.66000366210938,108.5199966430664,133.10000610351562,17.81999969482422,93.80000305175781
2014-03-17,186.3300018310547,107.70999908447266,131.63999938964844,15.640000343322754,93.93000030517578
2014-03-18,187.66000366210938,108.0999984741211,130.6199951171875,14.520000457763672,94.20999908447266
2014-03-19,186.66000366210938,107.26000213623047,128.08999633789062,15.119999885559082,93.7300033569336
2014-03-20,187.75,107.06999969482422,127.86000061035156,14.520000457763672,94.05000305175781
2014-03-21,186.1999969482422,108.2300033569336,128.47000122070312,15.0,93.98999786376953
2014-03-24,185.42999267578125,109.0,126.18000030517578,15.09000015258789,94.0199966430664
2014-03-25,186.30999755859375,108.58999633789062,126.41000366210938,14.020000457763672,94.20999908447266
2014-03-26,184.97000122070312,109.44000244140625,125.41000366210938,14.930000305175781,94.2300033569336
2014-03-27,184.5800018310547,109.98999786376953,124.58999633789062,14.619999885559082,94.08999633789062
2014-03-28,185.49000549316406,109.37000274658203,124.55999755859375,14.40999984741211,94.25
2014-03-31,187.00999450683594,109.0999984741211,123.61000061035156,13.880000114440918,94.38999938964844
2014-04-01,188.25,107.88999938964844,123.38999938964844,13.100000381469727,94.12000274658203
2014-04-02,188.8800048828125,107.2699966430664,124.31999969482422,13.09000015258789,94.0199966430664
2014-04-03,188.6300048828125,107.73999786376953,123.91999816894531,13.369999885559082,94.05999755859375
2014-04-04,186.39999389648438,108.45999908447266,125.56999969482422,13.960000038146973,94.27999877929688
2014-04-07,184.33999633789062,109.11000061035156,124.91000366210938,15.569999694824219,94.08000183105469
2014-04-08,185.10000610351562,109.37000274658203,126.08999633789062,14.890000343322754,94.30000305175781
2014-04-09,187.08999633789062,108.83000183105469,126.31999969482422,13.819999694824219,94.44999694824219
2014-04-10,183.16000366210938,109.83999633789062,127.01000213623047,15.890000343322754,94.18000030517578
2014-04-11,181.50999450683594,110.7300033569336,126.93000030517578,17.030000686645508,93.77999877929688
2014-04-14,182.94000244140625,110.44000244140625,127.8499984741211,16.110000610351562,94.08000183105469
2014-04-15,184.1999969482422,111.12999725341797,125.48999786376953,15.609999656677246,94.18000030517578
2014-04-16,186.1300048828125,111.2699966430664,125.54000091552734,14.180000305175781,94.2300033569336
2014-04-17,186.38999938964844,110.05000305175781,124.75,13.359999656677246,94.12000274658203
2014-04-21,187.0399932861328,109.95999908447266,124.23999786376953,13.25,94.12000274658203
2014-04-22,187.88999938964844,110.33000183105469,123.77999877929688,13.1899995803833,94.22000122070312
2014-04-23,187.4499969482422,110.95999908447266,123.76000213623047,13.270000457763672,94.25
2014-04-24,187.8300018310547,111.16999816894531,124.55999755859375,13.319999694824219,94.2699966430664
2014-04-25,186.2899932861328,111.33000183105469,125.43000030517578,14.0600004196167,94.23999786376953
2014-04-28,186.8800048828125,110.79000091552734,124.87999725341797,13.970000267028809,94.22000122070312
2014-04-29,187.75,110.63999938964844,124.86000061035156,13.710000038146973,94.36000061035156
2014-04-30,188.30999755859375,111.0999984741211,124.22000122070312,13.40999984741211,94.33999633789062
2014-05-01,188.3300018310547,112.0199966430664,123.80000305175781,13.25,93.81999969482422
2014-05-02,188.05999755859375,112.70999908447266,125.05999755859375,12.90999984741211,94.04000091552734
2014-05-05,188.4199981689453,112.02999877929688,126.22000122070312,13.289999961853027,94.0
2014-05-06,186.77999877929688,112.4800033569336,125.9800033569336,13.800000190734863,94.0199966430664
2014-05-07,187.8800048828125,112.08000183105469,124.16999816894531,13.399999618530273,94.16000366210938
2014-05-08,187.67999267578125,111.5999984741211,124.16999816894531,13.430000305175781,94.13999938964844
2014-05-09,187.9600067138672,111.23999786376953,124.0999984741211,12.920000076293945,94.2300033569336
2014-05-12,189.7899932861328,110.79000091552734,124.94000244140625,12.229999542236328,94.33000183105469
2014-05-13,189.9600067138672,111.75,124.5999984741211,12.130000114440918,94.4800033569336
2014-05-14,189.05999755859375,112.95999908447266,125.80999755859375,12.170000076293945,94.52999877929688
2014-05-15,187.39999389648438,113.86000061035156,124.7699966430664,13.170000076293945,94.44000244140625
2014-05-16,188.0500030517578,113.54000091552734,124.5,12.4399995803833,94.62999725341797
2014-05-19,188.74000549316406,112.69999694824219,124.58000183105469,12.420000076293945,94.7699966430664
2014-05-20,187.5500030517578,112.94999694824219,124.69000244140625,12.960000038146973,94.6500015258789
2014-05-21,189.1300048828125,112.26000213623047,124.38999938964844,11.90999984741211,94.63999938964844
2014-05-22,189.58999633789062,112.0999984741211,124.66999816894531,12.029999732971191,94.70999908447266
2014-05-23,190.35000610351562,112.69999694824219,124.51000213623047,11.359999656677246,94.73999786376953
2014-05-27,191.52000427246094,113.36000061035156,121.8499984741211,11.510000228881836,94.83000183105469
2014-05-28,191.3800048828125,114.76000213623047,121.19999694824219,11.680000305175781,94.86000061035156
2014-05-29,192.3699951171875,114.1500015258789,120.94000244140625,11.569999694824219,94.94999694824219
2014-05-30,192.67999267578125,114.0999984741211,120.43000030517578,11.399999618530273,95.05000305175781
2014-06-02,192.89999389648438,112.95999908447266,119.69999694824219,11.579999923706055,94.31999969482422
2014-06-03,192.8000030517578,111.56999969482422,120.01000213623047,11.869999885559082,94.33000183105469
2014-06-04,193.19000244140625,111.54000091552734,119.76000213623047,12.079999923706055,94.33000183105469
2014-06-05,194.4499969482422,111.58999633789062,120.66000366210938,11.680000305175781,94.55999755859375
2014-06-06,195.3800048828125,111.58999633789062,120.61000061035156,10.729999542236328,94.83000183105469
2014-06-09,195.5800018310547,111.43000030517578,120.6500015258789,11.149999618530273,94.94000244140625
2014-06-10,195.60000610351562,111.0199966430664,121.38999938964844,10.989999771118164,94.88999938964844
2014-06-11,194.9199981689453,111.22000122070312,121.41000366210938,11.600000381469727,94.9000015258789
2014-06-12,193.5399932861328,112.20999908447266,122.63999938964844,12.5600004196167,94.83999633789062
2014-06-13,194.1300048828125,112.1500015258789,122.95999908447266,12.180000305175781,94.94999694824219
2014-06-16,194.2899932861328,112.43000030517578,122.41999816894531,12.649999618530273,94.9000015258789
2014-06-17,194.8300018310547,111.54000091552734,122.27999877929688,12.0600004196167,94.83000183105469
2014-06-18,196.25999450683594,112.4000015258789,122.66999816894531,10.609999656677246,95.26000213623047
2014-06-19,196.47999572753906,110.95999908447266,126.94000244140625,10.619999885559082,95.23999786376953
2014-06-20,195.94000244140625,111.80000305175781,126.5,10.850000381469727,95.33000183105469
2014-06-23,195.8800048828125,111.44999694824219,126.8499984741211,10.979999542236328,95.31999969482422
2014-06-24,194.6999969482422,112.58000183105469,126.9800033569336,12.130000114440918,95.23999786376953
2014-06-25,195.5800018310547,112.87000274658203,126.98999786376953,11.59000015258789,95.37999725341797
2014-06-26,195.44000244140625,113.41000366210938,126.7300033569336,11.630000114440918,95.27999877929688
2014-06-27,195.82000732421875,113.23999786376953,126.66000366210938,11.260000228881836,95.27999877929688
2014-06-30,195.72000122070312,113.5199966430664,128.0399932861328,11.569999694824219,95.19999694824219
2014-07-01,197.02999877929688,112.27999877929688,127.69999694824219,11.149999618530273,94.80999755859375
2014-07-02,197.22999572753906,111.08000183105469,127.69999694824219,10.819999694824219,94.87000274658203
2014-07-03,198.1999969482422,110.68000030517578,127.16000366210938,10.319999694824219,94.7300033569336
2014-07-07,197.50999450683594,111.48999786376953,127.0199966430664,11.329999923706055,94.66000366210938
2014-07-08,196.24000549316406,112.73999786376953,127.06999969482422,11.979999542236328,94.68000030517578
2014-07-09,197.1199951171875,112.83000183105469,127.83999633789062,11.649999618530273,94.61000061035156
2014-07-10,196.33999633789062,112.86000061035156,128.5399932861328,12.59000015258789,94.31999969482422
2014-07-11,196.61000061035156,113.58000183105469,128.77999877929688,12.079999923706055,94.4800033569336
2014-07-14,197.60000610351562,113.08999633789062,125.72000122070312,11.819999694824219,94.44999694824219
2014-07-15,197.22999572753906,112.86000061035156,124.52999877929688,11.960000038146973,94.30000305175781
2014-07-16,197.9600067138672,113.45999908447266,124.97000122070312,11.0,94.1500015258789
2014-07-17,195.7100067138672,114.88999938964844,127.08999633789062,14.539999961853027,93.48999786376953
2014-07-18,197.7100067138672,114.5199966430664,126.12999725341797,12.0600004196167,93.87999725341797
2014-07-21,197.33999633789062,115.08999633789062,126.33999633789062,12.8100004196167,93.72000122070312
2014-07-22,198.1999969482422,115.33000183105469,125.73999786376953,12.239999771118164,93.8499984741211
2014-07-23,198.63999938964844,115.18000030517578,125.62000274658203,11.520000457763672,94.02999877929688
2014-07-24,198.64999389648438,114.31999969482422,124.3499984741211,11.84000015258789,94.19999694824219
2014-07-25,197.72000122070312,115.66999816894531,125.79000091552734,12.6899995803833,94.04000091552734
2014-07-28,197.8000030517578,115.51000213623047,125.58000183105469,12.5600004196167,93.76000213623047
2014-07-29,196.9499969482422,115.93000030517578,125.19999694824219,13.279999732971191,93.62999725341797
2014-07-30,196.97999572753906,114.31999969482422,124.83000183105469,13.329999923706055,93.23999786376953
2014-07-31,193.08999633789062,113.9800033569336,123.38999938964844,16.950000762939453,92.4800033569336
2014-08-01,192.5,114.55999755859375,124.37999725341797,17.030000686645508,92.04000091552734
2014-08-04,193.88999938964844,114.26000213623047,123.98999786376953,15.119999885559082,92.5999984741211
2014-08-05,192.00999450683594,114.62999725341797,123.87000274658203,16.8700008392334,92.41999816894531
2014-08-06,192.07000732421875,114.69999694824219,125.66999816894531,16.3700008392334,92.63999938964844
2014-08-07,191.02999877929688,115.7699966430664,126.18000030517578,16.65999984741211,92.69999694824219
2014-08-08,193.24000549316406,115.5199966430664,126.19000244140625,15.770000457763672,92.98999786376953
2014-08-11,193.8000030517578,115.51000213623047,125.95999908447266,14.229999542236328,93.43000030517578
2014-08-12,193.52999877929688,114.76000213623047,125.98999786376953,14.130000114440918,93.41000366210938
2014-08-13,194.83999633789062,115.51000213623047,126.19999694824219,12.899999618530273,93.68000030517578
2014-08-14,195.75999450683594,116.44000244140625,126.30999755859375,12.420000076293945,93.86000061035156
2014-08-15,195.72000122070312,117.70999908447266,125.4800033569336,13.149999618530273,94.05000305175781
2014-08-18,197.36000061035156,116.54000091552734,124.95999908447266,12.319999694824219,94.31999969482422
2014-08-19,198.38999938964844,116.18000030517578,124.68000030517578,12.210000038146973,94.29000091552734
2014-08-20,198.9199981689453,115.98999786376953,124.22000122070312,11.779999732971191,94.36000061035156
2014-08-21,199.5,116.63999938964844,122.87999725341797,11.760000228881836,94.36000061035156
2014-08-22,199.19000244140625,117.29000091552734,123.19000244140625,11.470000267028809,94.12999725341797
2014-08-25,200.1999969482422,117.7300033569336,122.73999786376953,11.699999809265137,94.33000183105469
2014-08-26,200.3300018310547,117.3499984741211,123.3499984741211,11.630000114440918,94.4000015258789
2014-08-27,200.25,118.3499984741211,123.31999969482422,11.779999732971191,94.30999755859375
2014-08-28,200.13999938964844,118.97000122070312,124.0,12.050000190734863,94.16999816894531
2014-08-29,200.7100067138672,119.05000305175781,123.86000061035156,12.09000015258789,94.23999786376953
2014-09-02,200.61000061035156,116.7300033569336,121.6500015258789,12.25,93.91999816894531
2014-09-03,200.5,117.37999725341797,122.1500015258789,12.359999656677246,93.68000030517578
2014-09-04,200.2100067138672,115.94999694824219,121.4800033569336,12.640000343322754,93.37000274658203
2014-09-05,201.11000061035156,115.7300033569336,122.05999755859375,12.09000015258789,93.26000213623047
2014-09-08,200.58999633789062,115.77999877929688,120.7300033569336,12.65999984741211,93.16999816894531
2014-09-09,199.32000732421875,115.69000244140625,120.87000274658203,13.5,92.73999786376953
2014-09-10,200.07000732421875,114.95999908447266,120.26000213623047,12.880000114440918,92.77999877929688
2014-09-11,200.3000030517578,114.58000183105469,119.47000122070312,12.800000190734863,92.77999877929688
2014-09-12,199.1300048828125,113.37999725341797,118.37999725341797,13.3100004196167,92.66999816894531
2014-09-15,198.97999572753906,113.55000305175781,118.63999938964844,14.119999885559082,92.5
2014-09-16,200.47999572753906,113.08999633789062,118.83000183105469,12.729999542236328,92.69000244140625
2014-09-17,200.75,112.80000305175781,117.54000091552734,12.649999618530273,92.98999786376953
2014-09-18,201.82000732421875,113.16000366210938,117.77999877929688,12.029999732971191,93.0199966430664
2014-09-19,200.6999969482422,114.5999984741211,117.08999633789062,12.109999656677246,93.16000366210938
2014-09-22,199.14999389648438,114.73999786376953,116.8499984741211,13.6899995803833,92.98999786376953
2014-09-23,198.00999450683594,115.44999694824219,117.5999984741211,14.930000305175781,92.5199966430664
2014-09-24,199.55999755859375,114.80999755859375,117.05000305175781,13.270000457763672,92.23999786376953
2014-09-25,196.33999633789062,116.16999816894531,117.38999938964844,15.640000343322754,91.61000061035156
2014-09-26,197.89999389648438,116.0,117.05999755859375,14.850000381469727,91.55000305175781
2014-09-29,197.5399932861328,116.93000030517578,117.02999877929688,15.979999542236328,91.36000061035156
2014-09-30,197.02000427246094,116.2699966430664,116.20999908447266,16.309999465942383,91.94999694824219
2014-10-01,194.35000610351562,118.2300033569336,116.7699966430664,16.709999084472656,91.66000366210938
2014-10-02,194.3800048828125,117.19999694824219,116.73999786376953,16.15999984741211,91.83999633789062
2014-10-03,196.52000427246094,117.69999694824219,114.61000061035156,14.550000190734863,92.1500015258789
2014-10-06,196.2899932861328,117.7699966430664,116.02999877929688,15.460000038146973,92.25
2014-10-07,193.25999450683594,119.36000061035156,116.36000061035156,17.200000762939453,91.9000015258789
2014-10-08,196.63999938964844,119.38999938964844,117.47000122070312,15.109999656677246,92.33999633789062
2014-10-09,192.74000549316406,118.87000274658203,117.63999938964844,18.760000228881836,91.36000061035156
2014-10-10,190.5399932861328,120.05000305175781,117.58999633789062,21.239999771118164,90.62000274658203
2014-10-13,187.41000366210938,120.77999877929688,118.5199966430664,24.639999389648438,90.16999816894531
2014-10-14,187.6999969482422,121.56999969482422,118.58999633789062,22.790000915527344,90.47000122070312
2014-10-15,186.42999267578125,122.52999877929688,118.98999786376953,25.270000457763672,90.48999786376953
2014-10-16,186.27000427246094,121.75,119.22000122070312,25.200000762939453,91.0
2014-10-17,188.47000122070312,121.06999969482422,118.98999786376953,21.989999771118164,91.7699966430664
2014-10-20,190.3000030517578,121.51000213623047,119.80000305175781,18.56999969482422,92.43000030517578
2014-10-21,194.07000732421875,120.54000091552734,120.0199966430664,16.079999923706055,93.18000030517578
2014-10-22,192.69000244140625,120.66999816894531,119.33999633789062,17.8700008392334,92.56999969482422
2014-10-23,194.92999267578125,119.5999984741211,118.5199966430664,16.530000686645508,92.52999877929688
2014-10-24,196.42999267578125,119.72000122070312,118.3499984741211,16.110000610351562,92.79000091552734
2014-10-27,196.16000366210938,119.94000244140625,118.05999755859375,16.040000915527344,92.41000366210938
2014-10-28,198.41000366210938,119.19000244140625,118.0999984741211,14.390000343322754,92.55999755859375
2014-10-29,198.11000061035156,119.45999908447266,116.41000366210938,15.149999618530273,92.48999786376953
2014-10-30,199.3800048828125,119.55999755859375,115.19000244140625,14.520000457763672,92.44999694824219
2014-10-31,201.66000366210938,119.25,112.66000366210938,14.029999732971191,92.52999877929688
2014-11-03,201.77000427246094,118.95999908447266,112.1500015258789,14.729999542236328,92.31999969482422
2014-11-04,201.07000732421875,119.33000183105469,112.22000122070312,14.890000343322754,92.02999877929688
2014-11-05,202.33999633789062,119.16000366210938,109.79000091552734,14.170000076293945,92.01000213623047
2014-11-06,203.14999389648438,118.38999938964844,109.87999725341797,13.670000076293945,92.25
2014-11-07,203.33999633789062,119.75,112.97000122070312,13.119999885559082,92.33999633789062
2014-11-10,203.97999572753906,118.6500015258789,110.45999908447266,12.670000076293945,92.37999725341797
2014-11-11,204.17999267578125,118.7300033569336,112.04000091552734,12.920000076293945,92.58999633789062
2014-11-12,203.9600067138672,118.62999725341797,111.5,13.020000457763672,92.29000091552734
2014-11-13,204.19000244140625,118.91000366210938,111.66999816894531,13.789999961853027,91.91000366210938
2014-11-14,204.24000549316406,119.48999786376953,114.47000122070312,13.3100004196167,91.44999694824219
2014-11-17,204.3699951171875,119.19000244140625,114.05000305175781,13.989999771118164,91.44000244140625
2014-11-18,205.5500030517578,119.5199966430664,115.05000305175781,13.859999656677246,91.26000213623047
2014-11-19,205.22000122070312,118.76000213623047,113.68000030517578,13.960000038146973,91.23999786376953
2014-11-20,205.5800018310547,119.37999725341797,114.86000061035156,13.579999923706055,91.25
2014-11-21,206.67999267578125,120.0999984741211,115.38999938964844,12.899999618530273,91.75
2014-11-24,207.25999450683594,120.19999694824219,115.11000061035156,12.619999885559082,91.73999786376953
2014-11-25,207.11000061035156,121.19999694824219,115.37999725341797,12.25,91.88999938964844
2014-11-26,207.63999938964844,121.52999877929688,115.16000366210938,12.069999694824219,92.01000213623047
2014-11-28,207.1999969482422,122.48999786376953,112.11000061035156,13.329999923706055,91.12999725341797
2014-12-01,205.75999450683594,121.5,116.58000183105469,14.15999984741211,89.80000305175781
2014-12-02,207.08999633789062,120.31999969482422,115.13999938964844,12.850000381469727,90.29000091552734
2014-12-03,207.88999938964844,120.79000091552734,116.33000183105469,12.5,90.44000244140625
2014-12-04,207.66000366210938,121.80000305175781,115.87999725341797,12.380000114440918,90.37999725341797
2014-12-05,208.0,121.08999633789062,114.43000030517578,11.890000343322754,90.30999755859375
2014-12-08,206.61000061035156,122.56999969482422,115.77999877929688,14.210000038146973,89.8499984741211
2014-12-09,206.47000122070312,123.19999694824219,118.19000244140625,15.350000381469727,89.80000305175781
2014-12-10,203.16000366210938,124.0999984741211,117.95999908447266,18.530000686645508,88.7699966430664
2014-12-11,204.19000244140625,124.61000061035156,117.69000244140625,20.079999923706055,88.44999694824219
2014-12-12,200.88999938964844,126.30000305175781,117.41000366210938,21.079999923706055,87.25
2014-12-15,199.50999450683594,126.04000091552734,114.38999938964844,20.420000076293945,87.19999694824219
2014-12-16,197.91000366210938,127.5999984741211,114.94999694824219,23.56999969482422,86.88999938964844
2014-12-17,201.7899932861328,126.44999694824219,114.2699966430664,19.440000534057617,88.66000366210938
2014-12-18,206.77999877929688,124.19999694824219,115.1500015258789,16.809999465942383,89.37000274658203
2014-12-19,206.52000427246094,125.87000274658203,114.7699966430664,16.489999771118164,90.2300033569336
2014-12-22,207.47000122070312,126.04000091552734,112.55000305175781,15.25,90.01000213623047
2014-12-23,207.75,123.54000091552734,112.73999786376953,14.800000190734863,90.33000183105469
2014-12-24,207.77000427246094,123.94999694824219,112.7699966430664,14.369999885559082,90.25
2014-12-26,208.44000244140625,124.41000366210938,114.83000183105469,14.5,89.97000122070312
2014-12-29,208.72000122070312,125.33999633789062,113.66999816894531,15.0600004196167,90.0199966430664
2014-12-30,207.60000610351562,125.68000030517578,115.19999694824219,15.920000076293945,89.83999633789062
2014-12-31,205.5399932861328,125.91999816894531,113.58000183105469,19.200000762939453,89.5999984741211
2015-01-02,205.42999267578125,127.31999969482422,114.08000183105469,17.790000915527344,89.5999984741211
2015-01-05,201.72000122070312,129.32000732421875,115.80000305175781,19.920000076293945,88.7699966430664
2015-01-06,199.82000732421875,131.64999389648438,117.12000274658203,21.1200008392334,88.43000030517578
2015-01-07,202.30999755859375,131.38999938964844,116.43000030517578,19.309999465942383,88.9800033569336
2015-01-08,205.89999389648438,129.64999389648438,115.94000244140625,17.010000228881836,89.6500015258789
2015-01-09,204.25,131.07000732421875,117.26000213623047,17.549999237060547,90.0999984741211
2015-01-12,202.64999389648438,131.82000732421875,118.55999755859375,19.600000381469727,89.98999786376953
2015-01-13,202.0800018310547,131.82000732421875,118.16000366210938,20.559999465942383,89.98999786376953
2015-01-14,200.86000061035156,132.82000732421875,117.97000122070312,21.479999542236328,89.77999877929688
2015-01-15,199.02000427246094,134.91000366210938,120.94000244140625,22.389999389648438,89.2300033569336
2015-01-16,201.6300048828125,133.19000244140625,122.5199966430664,20.950000762939453,89.56999969482422
2015-01-20,202.05999755859375,134.9600067138672,124.19999694824219,19.889999389648438,89.41000366210938
2015-01-21,203.0800018310547,133.39999389648438,124.2300033569336,18.850000381469727,89.88999938964844
2015-01-22,206.10000610351562,132.9199981689453,125.2300033569336,16.399999618530273,90.01000213623047
2015-01-23,204.97000122070312,134.77000427246094,124.2300033569336,16.65999984741211,90.01000213623047
2015-01-26,205.4499969482422,134.36000061035156,122.98999786376953,15.520000457763672,90.41999816894531
2015-01-27,202.74000549316406,134.57000732421875,124.4000015258789,17.219999313354492,90.3499984741211
2015-01-28,200.13999938964844,136.77000427246094,123.41999816894531,20.440000534057617,90.16000366210938
2015-01-29,201.99000549316406,135.8699951171875,120.76000213623047,18.760000228881836,90.4800033569336
2015-01-30,199.4499969482422,138.27999877929688,123.44999694824219,20.969999313354492,90.2300033569336
2015-02-02,201.9199981689453,137.47999572753906,122.41999816894531,19.43000030517578,90.20999908447266
2015-02-03,204.83999633789062,134.57000732421875,121.05000305175781,17.329999923706055,90.72000122070312
2015-02-04,204.05999755859375,134.8000030517578,121.58000183105469,18.329999923706055,90.33999633789062
2015-02-05,206.1199951171875,133.32000732421875,121.79000091552734,16.850000381469727,90.87000274658203
2015-02-06,205.5500030517578,130.9600067138672,118.63999938964844,17.290000915527344,90.94000244140625
2015-02-09,204.6300048828125,130.75,119.16999816894531,18.549999237060547,90.72000122070312
2015-02-10,206.80999755859375,129.7100067138672,118.47000122070312,17.229999542236328,91.02999877929688
2015-02-11,206.92999267578125,129.9499969482422,117.06999969482422,16.959999084472656,91.0
2015-02-12,208.9199981689453,129.52000427246094,117.33999633789062,15.34000015258789,90.98999786376953
2015-02-13,209.77999877929688,128.19000244140625,117.9800033569336,14.6899995803833,91.12000274658203
2015-02-17,210.11000061035156,126.26000213623047,116.01000213623047,15.800000190734863,91.05999755859375
2015-02-18,210.1300048828125,127.01000213623047,116.33999633789062,15.449999809265137,91.37000274658203
2015-02-19,209.97999572753906,126.16999816894531,115.94000244140625,15.289999961853027,91.16000366210938
2015-02-20,211.24000549316406,126.54000091552734,115.27999877929688,14.300000190734863,91.41000366210938
2015-02-23,211.2100067138672,127.98999786376953,115.43000030517578,14.5600004196167,91.4800033569336
2015-02-24,211.80999755859375,129.6699981689453,115.26000213623047,13.6899995803833,91.56999969482422
2015-02-25,211.6300048828125,130.22999572753906,115.69999694824219,13.84000015258789,91.87000274658203
2015-02-26,211.3800048828125,128.4499969482422,116.06999969482422,13.90999984741211,91.8499984741211
2015-02-27,210.66000366210938,129.52999877929688,116.16000366210938,13.34000015258789,91.87000274658203
2015-03-02,211.99000549316406,126.87000274658203,115.68000030517578,13.039999961853027,91.45999908447266
2015-03-03,211.1199951171875,126.41000366210938,115.47000122070312,13.859999656677246,91.19999694824219
2015-03-04,210.22999572753906,126.44999694824219,115.11000061035156,14.229999542236328,91.02999877929688
2015-03-05,210.4600067138672,126.29000091552734,115.0,14.039999961853027,91.19999694824219
2015-03-06,207.5,123.5,111.86000061035156,15.199999809265137,90.62000274658203
2015-03-09,208.36000061035156,124.63999938964844,111.97000122070312,15.0600004196167,90.43000030517578
2015-03-10,204.97999572753906,126.27999877929688,111.41999816894531,16.690000534057617,90.08000183105469
2015-03-11,204.5,127.19999694824219,110.75,16.8700008392334,90.33000183105469
2015-03-12,207.10000610351562,127.11000061035156,110.72000122070312,15.420000076293945,90.51000213623047
2015-03-13,205.8300018310547,126.72000122070312,110.87999725341797,16.0,90.19999694824219
2015-03-16,208.5800018310547,127.94000244140625,110.80999755859375,15.609999656677246,90.11000061035156
2015-03-17,207.9600067138672,129.0,110.20999908447266,15.65999984741211,89.66000366210938
2015-03-18,210.4600067138672,131.49000549316406,112.37000274658203,13.970000267028809,90.45999908447266
2015-03-19,209.5,130.82000732421875,112.29000091552734,14.069999694824219,89.73999786376953
2015-03-20,210.41000366210938,131.50999450683594,113.56999969482422,13.020000457763672,90.44000244140625
2015-03-23,210.0,131.35000610351562,114.29000091552734,13.40999984741211,90.51000213623047
2015-03-24,208.82000732421875,132.6199951171875,114.56999969482422,13.619999885559082,90.6500015258789
2015-03-25,205.75999450683594,131.5,114.7300033569336,15.4399995803833,90.41000366210938
2015-03-26,205.27000427246094,129.4499969482422,115.4800033569336,15.800000190734863,90.4000015258789
2015-03-27,205.74000549316406,131.05999755859375,115.05999755859375,15.069999694824219,90.47000122070312
2015-03-30,208.25,130.41000366210938,113.75,14.510000228881836,90.72000122070312
2015-03-31,206.42999267578125,130.69000244140625,113.66000366210938,15.289999961853027,90.61000061035156
2015-04-01,205.6999969482422,132.1300048828125,115.5999984741211,15.109999656677246,90.38999938964844
2015-04-02,206.44000244140625,130.72999572753906,115.27999877929688,14.670000076293945,90.45999908447266
2015-04-06,207.8300018310547,130.0,116.69000244140625,14.739999771118164,90.69000244140625
2015-04-07,207.27999877929688,131.08999633789062,116.11000061035156,14.779999732971191,91.16999816894531
2015-04-08,207.97999572753906,131.1300048828125,115.47000122070312,13.979999542236328,91.1500015258789
2015-04-09,208.89999389648438,129.42999267578125,114.66999816894531,13.09000015258789,91.05999755859375
2015-04-10,210.0399932861328,129.6199951171875,115.97000122070312,12.579999923706055,91.2699966430664
2015-04-13,209.08999633789062,129.8000030517578,115.13999938964844,13.9399995803833,91.0999984741211
2015-04-14,209.49000549316406,130.72000122070312,114.44000244140625,13.670000076293945,91.13999938964844
2015-04-15,210.42999267578125,130.61000061035156,115.43000030517578,12.84000015258789,91.5
2015-04-16,210.3699951171875,129.9600067138672,115.02999877929688,12.600000381469727,91.30999755859375
2015-04-17,207.9499969482422,131.4499969482422,115.5999984741211,13.890000343322754,91.02999877929688
2015-04-20,209.85000610351562,130.2899932861328,114.72000122070312,13.300000190734863,91.2300033569336
2015-04-21,209.60000610351562,129.6999969482422,115.37999725341797,13.25,91.29000091552734
2015-04-22,210.6300048828125,127.72000122070312,113.83000183105469,12.710000038146973,91.19999694824219
2015-04-23,211.16000366210938,128.27000427246094,114.66000366210938,12.479999542236328,91.16999816894531
2015-04-24,211.64999389648438,129.07000732421875,113.05000305175781,12.289999961853027,91.31999969482422
2015-04-27,210.77000427246094,129.07000732421875,115.33000183105469,13.119999885559082,91.3499984741211
2015-04-28,211.44000244140625,127.29000091552734,116.33000183105469,12.40999984741211,91.20999908447266
2015-04-29,210.57000732421875,125.7300033569336,115.51000213623047,13.390000343322754,91.04000091552734
2015-04-30,208.4600067138672,125.94999694824219,113.47000122070312,14.550000190734863,90.98999786376953
2015-05-01,210.72000122070312,124.0,113.08000183105469,12.699999809265137,90.79000091552734
2015-05-04,211.32000732421875,122.83000183105469,114.0999984741211,12.850000381469727,90.7699966430664
2015-05-05,208.89999389648438,122.66000366210938,114.41999816894531,14.3100004196167,90.6500015258789
2015-05-06,208.0399932861328,120.55999755859375,114.36000061035156,15.149999618530273,90.37999725341797
2015-05-07,208.8699951171875,122.18000030517578,113.41999816894531,15.130000114440918,90.37000274658203
2015-05-08,211.6199951171875,122.51000213623047,113.97000122070312,12.859999656677246,91.08000183105469
2015-05-11,210.61000061035156,119.52999877929688,113.52999877929688,13.850000381469727,90.51000213623047
2015-05-12,209.97999572753906,119.83999633789062,114.5,13.859999656677246,90.5
2015-05-13,210.02000427246094,118.87999725341797,116.55000305175781,13.760000228881836,90.37000274658203
2015-05-14,212.2100067138672,119.19999694824219,117.18000030517578,12.739999771118164,90.80999755859375
2015-05-15,212.44000244140625,121.58999633789062,117.52999877929688,12.380000114440918,91.01000213623047
2015-05-18,213.10000610351562,119.55000305175781,117.5199966430664,12.729999542236328,90.86000061035156
2015-05-19,213.02999877929688,118.48999786376953,115.88999938964844,12.850000381469727,90.72000122070312
2015-05-20,212.8800048828125,118.69000244140625,116.08000183105469,12.880000114440918,90.61000061035156
2015-05-21,213.5,120.3499984741211,115.69000244140625,12.109999656677246,90.73999786376953
2015-05-22,212.99000549316406,120.4000015258789,115.5999984741211,12.130000114440918,90.80999755859375
2015-05-26,210.6999969482422,122.45999908447266,113.91000366210938,14.0600004196167,90.62000274658203
2015-05-27,212.6999969482422,122.73999786376953,113.88999938964844,13.270000457763672,90.81999969482422
2015-05-28,212.4600067138672,122.44000244140625,114.0199966430664,13.3100004196167,90.77999877929688
2015-05-29,211.13999938964844,122.70999908447266,114.0999984741211,13.84000015258789,90.91000366210938
2015-06-01,211.57000732421875,121.12999725341797,114.0,13.970000267028809,90.66000366210938
2015-06-02,211.36000061035156,119.44000244140625,114.45999908447266,14.239999771118164,90.48999786376953
2015-06-03,211.9199981689453,117.5199966430664,113.63999938964844,13.65999984741211,90.0
2015-06-04,210.1300048828125,119.05000305175781,112.83999633789062,14.710000038146973,89.70999908447266
2015-06-05,209.77000427246094,117.5999984741211,112.23999786376953,14.210000038146973,89.44000244140625
2015-06-08,208.47999572753906,117.47000122070312,112.56999969482422,15.289999961853027,89.44000244140625
2015-06-09,208.4499969482422,116.54000091552734,112.81999969482422,14.470000267028809,89.29000091552734
2015-06-10,210.9499969482422,115.5199966430664,113.77999877929688,13.220000267028809,89.41000366210938
2015-06-11,211.6300048828125,117.94999694824219,113.26000213623047,12.850000381469727,89.58999633789062
2015-06-12,210.00999450683594,117.94999694824219,113.2300033569336,13.779999732971191,89.26000213623047
2015-06-15,209.11000061035156,118.13999938964844,113.7300033569336,15.390000343322754,88.83999633789062
2015-06-16,210.25,119.06999969482422,113.31999969482422,14.8100004196167,89.33999633789062
2015-06-17,210.58999633789062,118.1500015258789,113.8499984741211,14.5,89.26000213623047
2015-06-18,212.77999877929688,117.56999969482422,115.31999969482422,13.1899995803833,89.58999633789062
2015-06-19,210.80999755859375,119.08000183105469,115.12000274658203,13.960000038146973,89.63999938964844
2015-06-22,211.88999938964844,116.6500015258789,113.63999938964844,12.739999771118164,89.81999969482422
2015-06-23,212.0399932861328,115.94999694824219,112.88999938964844,12.109999656677246,89.76000213623047
2015-06-24,210.5,116.94999694824219,112.58999633789062,13.260000228881836,89.5199966430664
2015-06-25,209.86000061035156,116.54000091552734,112.44000244140625,14.010000228881836,89.25
2015-06-26,209.82000732421875,115.2300033569336,112.55999755859375,14.020000457763672,88.98999786376953
2015-06-29,205.4199981689453,118.27999877929688,113.06999969482422,18.850000381469727,88.37999725341797
2015-06-30,205.85000610351562,117.45999908447266,112.37000274658203,18.229999542236328,88.80000305175781
2015-07-01,207.5,115.62000274658203,111.9800033569336,16.09000015258789,88.41999816894531
2015-07-02,207.30999755859375,116.0,111.76000213623047,16.790000915527344,88.75
2015-07-06,206.72000122070312,118.1500015258789,112.05999755859375,17.010000228881836,88.45999908447266
2015-07-07,208.02000427246094,119.26000213623047,110.76000213623047,16.09000015258789,88.52999877929688
2015-07-08,204.52999877929688,120.29000091552734,111.08999633789062,19.65999984741211,88.08999633789062
2015-07-09,204.89999389648438,117.91999816894531,111.36000061035156,19.969999313354492,88.29000091552734
2015-07-10,207.47999572753906,116.05000305175781,111.48999786376953,16.829999923706055,88.80000305175781
2015-07-13,209.77000427246094,115.69000244140625,110.98999786376953,13.899999618530273,88.87999725341797
2015-07-14,210.67999267578125,116.06999969482422,110.73999786376953,13.369999885559082,88.79000091552734
2015-07-15,210.61000061035156,117.30000305175781,110.16000366210938,13.229999542236328,88.79000091552734
2015-07-16,212.3000030517578,118.11000061035156,109.76000213623047,12.109999656677246,88.93000030517578
2015-07-17,212.47999572753906,118.72000122070312,108.6500015258789,11.949999809265137,88.69000244140625
2015-07-20,212.58999633789062,118.22000122070312,105.69999694824219,12.25,88.27999877929688
2015-07-21,211.75,118.86000061035156,105.37000274658203,12.220000267028809,88.12000274658203
2015-07-22,211.3699951171875,119.5999984741211,104.80000305175781,12.119999885559082,87.55000305175781
2015-07-23,210.17999267578125,121.08999633789062,104.33000183105469,12.640000343322754,87.5
2015-07-24,208.0,121.38999938964844,105.3499984741211,13.739999771118164,87.25
2015-07-27,206.7899932861328,122.04000091552734,104.86000061035156,15.600000381469727,86.87999725341797
2015-07-28,209.3300018310547,121.1500015258789,105.0199966430664,13.4399995803833,87.3499984741211
2015-07-29,210.77000427246094,120.69999694824219,105.16999816894531,12.5,87.86000061035156
2015-07-30,210.82000732421875,121.62999725341797,104.2699966430664,12.130000114440918,88.12000274658203
2015-07-31,210.5,122.52999877929688,104.93000030517578,12.119999885559082,87.97000122070312
2015-08-03,209.7899932861328,123.55000305175781,104.0999984741211,12.5600004196167,87.41000366210938
2015-08-04,209.3800048828125,122.56999969482422,104.30999755859375,13.0,87.45999908447266
2015-08-05,210.07000732421875,121.6500015258789,103.93000030517578,12.510000228881836,87.33999633789062
2015-08-06,208.35000610351562,122.7300033569336,104.38999938964844,13.770000457763672,86.9800033569336
2015-08-07,207.9499969482422,124.33999633789062,104.6500015258789,13.390000343322754,86.70999908447266
2015-08-10,210.57000732421875,122.80000305175781,105.72000122070312,12.229999542236328,86.95999908447266
2015-08-11,208.6699981689453,124.75,106.26000213623047,13.710000038146973,86.55999755859375
2015-08-12,208.9199981689453,124.06999969482422,107.75,13.609999656677246,86.44000244140625
2015-08-13,208.66000366210938,123.66999816894531,106.86000061035156,13.489999771118164,86.33000183105469
2015-08-14,209.4199981689453,123.95999908447266,106.8499984741211,12.829999923706055,86.37999725341797
2015-08-17,210.58999633789062,124.5199966430664,107.12999725341797,13.020000457763672,86.37999725341797
2015-08-18,209.97999572753906,123.54000091552734,107.11000061035156,13.789999961853027,86.2699966430664
2015-08-19,208.32000732421875,124.76000213623047,108.55000305175781,15.25,86.19000244140625
2015-08-20,203.97000122070312,126.0199966430664,110.44000244140625,19.139999389648438,85.7699966430664
2015-08-21,197.8300018310547,126.4000015258789,111.12999725341797,28.030000686645508,85.45999908447266
2015-08-24,189.5,126.36000061035156,110.52999877929688,40.7400016784668,84.76000213623047
2015-08-25,187.27000427246094,124.33000183105469,109.16000366210938,36.02000045776367,84.93000030517578
2015-08-26,194.4600067138672,121.93000030517578,107.66999816894531,30.31999969482422,85.63999938964844
2015-08-27,199.27000427246094,122.0,107.7300033569336,26.100000381469727,86.27999877929688
2015-08-28,199.27999877929688,122.36000061035156,108.69999694824219,26.049999237060547,86.36000061035156
2015-08-31,197.6699981689453,121.41999816894531,108.81999969482422,28.43000030517578,86.23999786376953
2015-09-01,191.77000427246094,122.02999877929688,109.19999694824219,31.399999618530273,85.58000183105469
2015-09-02,195.41000366210938,120.9800033569336,108.62000274658203,26.09000015258789,85.93000030517578
2015-09-03,195.5500030517578,121.56999969482422,107.83999633789062,25.610000610351562,86.05000305175781
2015-09-04,192.58999633789062,122.68000030517578,107.48999786376953,27.799999237060547,85.95999908447266
2015-09-08,197.42999267578125,120.87000274658203,107.5199966430664,24.899999618530273,86.43000030517578
2015-09-09,194.7899932861328,121.44999694824219,106.12999725341797,26.229999542236328,86.31999969482422
2015-09-10,195.85000610351562,120.62999725341797,106.37999725341797,24.3700008392334,86.52999877929688
2015-09-11,196.74000549316406,121.38999938964844,106.16000366210938,23.200000762939453,86.5
2015-09-14,196.00999450683594,121.58000183105469,106.22000122070312,24.25,86.3499984741211
2015-09-15,198.4600067138672,119.25,105.9000015258789,22.540000915527344,86.33000183105469
2015-09-16,200.17999267578125,118.80000305175781,107.30999755859375,21.350000381469727,86.0199966430664
2015-09-17,199.72999572753906,120.25,108.41000366210938,21.139999389648438,86.08999633789062
2015-09-18,195.4499969482422,122.0999984741211,109.20999908447266,22.280000686645508,85.8499984741211
2015-09-21,196.4600067138672,120.11000061035156,108.52999877929688,20.139999389648438,85.69000244140625
2015-09-22,193.91000366210938,121.77999877929688,107.79000091552734,22.440000534057617,85.06999969482422
2015-09-23,193.60000610351562,121.7699966430664,108.22000122070312,22.1299991607666,84.91999816894531
2015-09-24,192.89999389648438,122.5999984741211,110.48999786376953,23.469999313354492,84.5
2015-09-25,192.85000610351562,121.54000091552734,109.80999755859375,23.6200008392334,84.06999969482422
2015-09-28,188.00999450683594,123.62000274658203,108.41999816894531,27.6299991607666,82.77999877929688
2015-09-29,188.1199951171875,123.97000122070312,107.9800033569336,26.829999923706055,82.7699966430664
2015-09-30,191.6300048828125,123.54000091552734,106.86000061035156,24.5,83.29000091552734
2015-10-01,192.1300048828125,123.80999755859375,106.7300033569336,22.549999237060547,82.36000061035156
2015-10-02,195.0,124.55999755859375,108.98999786376953,20.940000534057617,82.44000244140625
2015-10-05,198.47000122070312,122.87000274658203,108.7699966430664,19.540000915527344,83.43000030517578
2015-10-06,197.7899932861328,123.4000015258789,109.86000061035156,19.399999618530273,83.88999938964844
2015-10-07,199.41000366210938,122.98999786376953,109.69999694824219,18.399999618530273,84.75
2015-10-08,201.2100067138672,121.95999908447266,109.13999938964844,17.420000076293945,85.0999984741211
2015-10-09,201.3300018310547,122.27999877929688,110.87000274658203,17.079999923706055,85.11000061035156
2015-10-12,201.52000427246094,123.20999908447266,111.30999755859375,16.170000076293945,84.94999694824219
2015-10-13,200.25,123.41999816894531,111.86000061035156,17.670000076293945,84.75
2015-10-14,199.2899932861328,124.5,113.80999755859375,18.030000686645508,84.69000244140625
2015-10-15,202.35000610351562,123.88999938964844,113.29000091552734,16.049999237060547,84.88999938964844
2015-10-16,203.27000427246094,123.93000030517578,112.48999786376953,15.050000190734863,85.27999877929688
2015-10-19,203.3699951171875,123.58999633789062,112.0199966430664,14.979999542236328,85.51000213623047
2015-10-20,203.11000061035156,122.83000183105469,112.7300033569336,15.75,85.58999633789062
2015-10-21,201.85000610351562,124.05000305175781,111.7300033569336,16.700000762939453,85.5
2015-10-22,205.25999450683594,124.26000213623047,111.69000244140625,14.449999809265137,85.52999877929688
2015-10-23,207.50999450683594,123.19999694824219,111.5,14.460000038146973,85.83000183105469
2015-10-26,207.0,124.0199966430664,111.43000030517578,15.289999961853027,85.73999786376953
2015-10-27,206.60000610351562,124.33000183105469,111.68000030517578,15.430000305175781,85.45999908447266
2015-10-28,208.9499969482422,123.83000183105469,110.77999877929688,14.329999923706055,85.69000244140625
2015-10-29,208.8300018310547,121.86000061035156,109.72000122070312,14.609999656677246,85.47000122070312
2015-10-30,207.92999267578125,122.77999877929688,109.30000305175781,15.069999694824219,85.56999969482422
2015-11-02,210.38999938964844,121.94999694824219,108.58999633789062,14.149999618530273,85.44000244140625
2015-11-03,211.0,120.94999694824219,106.9800033569336,14.539999961853027,85.52999877929688
2015-11-04,210.36000061035156,121.08999633789062,105.97000122070312,15.510000228881836,85.27999877929688
2015-11-05,210.14999389648438,120.7699966430664,105.63999938964844,15.050000190734863,84.94999694824219
2015-11-06,210.0399932861328,119.0,104.0999984741211,14.329999923706055,84.54000091552734
2015-11-09,208.0800018310547,118.33000183105469,104.4000015258789,16.520000457763672,84.19000244140625
2015-11-10,208.55999755859375,118.68000030517578,104.18000030517578,15.289999961853027,84.0
2015-11-11,207.74000549316406,118.43000030517578,103.83000183105469,16.059999465942383,83.80000305175781
2015-11-12,204.83999633789062,119.0,103.8499984741211,18.3700008392334,83.23999786376953
2015-11-13,202.5399932861328,119.68000030517578,103.55999755859375,20.079999923706055,83.0
2015-11-16,205.6199951171875,119.56999969482422,103.70999908447266,18.15999984741211,83.38999938964844
2015-11-17,205.47000122070312,119.7699966430664,102.33999633789062,18.84000015258789,83.44999694824219
2015-11-18,208.72999572753906,120.0199966430664,102.43000030517578,16.850000381469727,83.61000061035156
2015-11-19,208.5500030517578,120.81999969482422,103.55999755859375,16.989999771118164,82.86000061035156
2015-11-20,209.30999755859375,120.44999694824219,103.08999633789062,15.470000267028809,82.83999633789062
2015-11-23,209.07000732421875,120.81999969482422,102.26000213623047,15.619999885559082,82.7699966430664
2015-11-24,209.35000610351562,120.80999755859375,102.94000244140625,15.930000305175781,82.87999725341797
2015-11-25,209.32000732421875,121.08999633789062,102.45999908447266,15.1899995803833,82.97000122070312
2015-11-27,209.55999755859375,120.97000122070312,101.25,15.119999885559082,83.0999984741211
2015-11-30,208.69000244140625,121.44999694824219,101.91999816894531,16.1299991607666,83.05000305175781
2015-12-01,210.67999267578125,122.83000183105469,102.27999877929688,14.670000076293945,83.23999786376953
2015-12-02,208.52999877929688,122.87000274658203,100.69000244140625,15.90999984741211,83.06999969482422
2015-12-03,205.61000061035156,119.52999877929688,101.76000213623047,18.110000610351562,82.8499984741211
2015-12-04,209.6199951171875,120.58000183105469,104.0199966430664,14.8100004196167,82.66000366210938
2015-12-07,208.35000610351562,121.75,102.66999816894531,15.84000015258789,82.08000183105469
2015-12-08,206.9499969482422,121.80999755859375,102.83999633789062,17.600000381469727,81.05999755859375
2015-12-09,205.33999633789062,121.68000030517578,102.63999938964844,19.610000610351562,81.4800033569336
2015-12-10,205.8699951171875,121.83999633789062,102.55000305175781,19.34000015258789,81.13999938964844
2015-12-11,201.8800048828125,123.76000213623047,103.11000061035156,24.389999389648438,79.5199966430664
2015-12-14,202.89999389648438,122.16000366210938,101.79000091552734,22.729999542236328,78.83000183105469
2015-12-15,205.02999877929688,121.44000244140625,101.5199966430664,20.950000762939453,80.12000274658203
2015-12-16,208.02999877929688,121.18000030517578,102.75,17.860000610351562,80.7300033569336
2015-12-17,204.86000061035156,122.55000305175781,100.5,18.940000534057617,79.83000183105469
2015-12-18,200.02000427246094,123.2300033569336,102.04000091552734,20.700000762939453,79.52999877929688
2015-12-21,201.6699981689453,123.19999694824219,103.1500015258789,18.700000762939453,79.27999877929688
2015-12-22,203.5,122.30999755859375,102.61000061035156,16.600000381469727,80.23999786376953
2015-12-23,206.02000427246094,121.38999938964844,102.30999755859375,15.569999694824219,80.75
2015-12-24,205.67999267578125,121.83000183105469,103.05000305175781,15.739999771118164,80.48999786376953
2015-12-28,205.2100067138672,122.19000244140625,102.2699966430664,16.90999984741211,80.01000213623047
2015-12-29,207.39999389648438,120.16000366210938,102.19999694824219,16.079999923706055,80.47000122070312
2015-12-30,205.92999267578125,120.04000091552734,101.41999816894531,17.290000915527344,80.52999877929688
2015-12-31,203.8699951171875,120.58000183105469,101.45999908447266,18.209999084472656,80.58000183105469
2016-01-04,201.02000427246094,121.44999694824219,102.88999938964844,20.700000762939453,80.0999984741211
2016-01-05,201.36000061035156,120.95999908447266,103.18000030517578,19.34000015258789,80.25
2016-01-06,198.82000732421875,122.58999633789062,104.66999816894531,20.59000015258789,80.25
2016-01-07,194.0500030517578,122.80999755859375,106.1500015258789,24.989999771118164,79.7300033569336
2016-01-08,191.9199981689453,123.36000061035156,105.68000030517578,27.010000228881836,79.5199966430664
2016-01-11,192.11000061035156,122.01000213623047,104.73999786376953,24.299999237060547,79.4000015258789
2016-01-12,193.66000366210938,123.7699966430664,104.20999908447266,22.469999313354492,79.4800033569336
2016-01-13,188.8300018310547,124.98999786376953,104.72000122070312,25.219999313354492,78.5999984741211
2016-01-14,191.92999267578125,123.81999969482422,103.0199966430664,23.950000762939453,78.94999694824219
2016-01-15,187.80999755859375,125.75,104.08000183105469,27.020000457763672,77.91000366210938
2016-01-19,188.05999755859375,125.36000061035156,103.9800033569336,26.049999237060547,77.63999938964844
2016-01-20,185.64999389648438,126.68000030517578,105.37000274658203,27.59000015258789,77.12000274658203
2016-01-21,186.69000244140625,125.81999969482422,105.48999786376953,26.690000534057617,77.63999938964844
2016-01-22,190.52000427246094,125.33999633789062,105.0,22.34000015258789,78.83000183105469
2016-01-25,187.63999938964844,126.0199966430664,106.08000183105469,24.149999618530273,78.05000305175781
2016-01-26,190.1999969482422,126.08000183105469,107.29000091552734,22.5,78.75
2016-01-27,188.1300048828125,126.05000305175781,107.69000244140625,23.110000610351562,78.62999725341797
2016-01-28,189.11000061035156,126.2300033569336,106.54000091552734,22.420000076293945,79.02999877929688
2016-01-29,193.72000122070312,127.30000305175781,106.94999694824219,20.200000762939453,79.29000091552734
2016-02-01,193.64999389648438,126.66999816894531,108.05000305175781,19.979999542236328,78.43000030517578
2016-02-02,190.16000366210938,129.02000427246094,108.08999633789062,21.979999542236328,77.87000274658203
2016-02-03,191.3000030517578,127.94999694824219,109.25,21.649999618530273,78.25
2016-02-04,191.60000610351562,128.57000732421875,110.56999969482422,21.84000015258789,78.0
2016-02-05,187.9499969482422,128.72000122070312,112.31999969482422,23.3799991607666,77.4000015258789
2016-02-08,185.4199981689453,131.49000549316406,113.83000183105469,26.0,76.5
2016-02-09,185.42999267578125,131.6300048828125,113.58000183105469,26.540000915527344,76.20999908447266
2016-02-10,185.27000427246094,132.7899932861328,114.45999908447266,26.290000915527344,76.0999984741211
2016-02-11,182.86000061035156,133.72000122070312,119.05999755859375,28.139999389648438,75.58999633789062
2016-02-12,186.6300048828125,131.5,118.36000061035156,25.399999618530273,76.72000122070312
2016-02-16,189.77999877929688,130.11000061035156,114.7699966430664,24.110000610351562,76.79000091552734
2016-02-17,192.8800048828125,129.30999755859375,115.4800033569336,22.309999465942383,77.41999816894531
2016-02-18,192.08999633789062,130.89999389648438,118.29000091552734,21.639999389648438,77.48999786376953
2016-02-19,192.0,131.00999450683594,117.58000183105469,20.530000686645508,77.63999938964844
2016-02-22,194.77999877929688,130.94000244140625,115.48999786376953,19.3799991607666,78.30999755859375
2016-02-23,192.32000732421875,131.47000122070312,117.22000122070312,20.979999542236328,78.1500015258789
2016-02-24,193.1999969482422,131.2100067138672,117.61000061035156,20.719999313354492,78.27999877929688
2016-02-25,195.5399932861328,131.67999267578125,117.91999816894531,19.110000610351562,78.69999694824219
2016-02-26,195.08999633789062,130.41000366210938,117.11000061035156,19.809999465942383,79.2300033569336
2016-02-29,193.55999755859375,130.97999572753906,118.63999938964844,20.549999237060547,80.08000183105469
2016-03-01,198.11000061035156,128.42999267578125,117.7699966430664,17.700000762939453,80.91999816894531
2016-03-02,199.0,128.9600067138672,118.68000030517578,17.09000015258789,80.37000274658203
2016-03-03,199.77999877929688,129.42999267578125,120.7300033569336,16.700000762939453,80.63999938964844
2016-03-04,200.42999267578125,128.60000610351562,120.54000091552734,16.860000610351562,80.87000274658203
2016-03-07,200.58999633789062,128.55999755859375,121.13999938964844,17.350000381469727,80.97000122070312
2016-03-08,198.39999389648438,129.97999572753906,120.58000183105469,18.670000076293945,80.4000015258789
2016-03-09,199.3800048828125,129.19000244140625,119.58000183105469,18.34000015258789,80.5999984741211
2016-03-10,199.5399932861328,128.66000366210938,121.5,18.049999237060547,81.16000366210938
2016-03-11,202.75999450683594,127.36000061035156,119.41000366210938,16.5,82.13999938964844
2016-03-14,202.5,127.76000213623047,117.87000274658203,16.920000076293945,81.91000366210938
2016-03-15,202.1699981689453,127.87999725341797,117.95999908447266,16.84000015258789,81.1500015258789
2016-03-16,203.33999633789062,128.25999450683594,120.58999633789062,14.989999771118164,81.69000244140625
2016-03-17,204.6300048828125,128.7899932861328,120.12999725341797,14.4399995803833,82.20999908447266
2016-03-18,204.3800048828125,129.05999755859375,119.80000305175781,14.020000457763672,82.4000015258789
2016-03-21,204.6699981689453,128.07000732421875,118.95999908447266,13.789999961853027,82.30999755859375
2016-03-22,204.55999755859375,128.0399932861328,119.30999755859375,14.170000076293945,82.08999633789062
2016-03-23,203.2100067138672,129.49000549316406,116.61000061035156,14.9399995803833,81.70999908447266
2016-03-24,203.1199951171875,129.5399932861328,116.33000183105469,14.739999771118164,81.3499984741211
2016-03-28,203.24000549316406,129.7100067138672,116.5999984741211,15.239999771118164,80.9800033569336
2016-03-29,205.1199951171875,131.07000732421875,118.76000213623047,13.819999694824219,81.29000091552734
2016-03-30,206.02000427246094,129.69000244140625,117.0999984741211,13.5600004196167,81.58000183105469
2016-03-31,205.52000427246094,130.61000061035156,117.63999938964844,13.949999809265137,81.69000244140625
2016-04-01,206.9199981689453,130.67999267578125,116.93000030517578,13.100000381469727,81.37000274658203
2016-04-04,206.25,130.75999450683594,116.1500015258789,14.119999885559082,81.16999816894531
2016-04-05,204.19000244140625,132.19000244140625,117.66000366210938,15.420000076293945,80.87000274658203
2016-04-06,206.4199981689453,131.22999572753906,116.94000244140625,14.09000015258789,81.55000305175781
2016-04-07,203.9499969482422,132.85000610351562,118.61000061035156,16.15999984741211,81.1500015258789
2016-04-08,204.5,132.00999450683594,118.43000030517578,15.359999656677246,81.5199966430664
2016-04-11,204.02000427246094,131.83999633789062,120.02999877929688,16.260000228881836,81.62999725341797
2016-04-12,205.9199981689453,130.92999267578125,120.05000305175781,14.850000381469727,82.11000061035156
2016-04-13,208.0,131.38999938964844,118.7699966430664,13.84000015258789,82.6500015258789
2016-04-14,208.00999450683594,130.75999450683594,117.11000061035156,13.720000267028809,82.62000274658203
2016-04-15,207.77999877929688,131.8800048828125,117.91999816894531,13.619999885559082,82.48999786376953
2016-04-18,209.24000549316406,131.30999755859375,117.73999786376953,13.350000381469727,82.95999908447266
2016-04-19,209.89999389648438,130.89999389648438,119.58000183105469,13.239999771118164,83.30999755859375
2016-04-20,210.10000610351562,129.4600067138672,118.97000122070312,13.279999732971191,83.47000122070312
2016-04-21,208.97000122070312,128.69000244140625,119.41999816894531,13.949999809265137,83.20999908447266
2016-04-22,208.97000122070312,128.36000061035156,117.88999938964844,13.220000267028809,83.4000015258789
2016-04-25,208.61000061035156,127.83000183105469,118.2300033569336,14.079999923706055,83.08000183105469
2016-04-26,208.9199981689453,127.25,118.69999694824219,13.960000038146973,83.36000061035156
2016-04-27,209.35000610351562,128.52000427246094,119.04000091552734,13.770000457763672,83.8499984741211
2016-04-28,207.4499969482422,129.0500030517578,121.29000091552734,15.220000267028809,83.70999908447266
2016-04-29,206.3300018310547,129.3800048828125,123.6500015258789,15.699999809265137,83.8499984741211
2016-05-02,207.97000122070312,127.81999969482422,123.23999786376953,14.680000305175781,83.5
2016-05-03,206.16000366210938,129.42999267578125,122.95999908447266,15.600000381469727,82.95999908447266
2016-05-04,205.00999450683594,130.13999938964844,122.20999908447266,16.049999237060547,82.6500015258789
2016-05-05,204.97000122070312,131.00999450683594,122.06999969482422,15.90999984741211,82.58000183105469
2016-05-06,205.72000122070312,130.4499969482422,123.18000030517578,14.720000267028809,82.52999877929688
2016-05-09,205.88999938964844,130.86000061035156,120.6500015258789,14.569999694824219,82.37999725341797
2016-05-10,208.4499969482422,130.8699951171875,120.9800033569336,13.630000114440918,83.08000183105469
2016-05-11,206.5,131.61000061035156,122.12000274658203,14.6899995803833,83.0199966430664
2016-05-12,206.55999755859375,131.00999450683594,121.16000366210938,14.40999984741211,83.1500015258789
2016-05-13,204.75999450683594,132.27999877929688,121.70999908447266,15.039999961853027,82.77999877929688
2016-05-16,206.77999877929688,131.13999938964844,121.80000305175781,14.680000305175781,83.23999786376953
2016-05-17,204.85000610351562,131.36000061035156,122.22000122070312,15.569999694824219,83.06999969482422
2016-05-18,204.91000366210938,129.49000549316406,120.0999984741211,15.949999809265137,83.08000183105469
2016-05-19,204.1999969482422,130.0500030517578,119.87000274658203,16.329999923706055,82.8499984741211
2016-05-20,205.49000549316406,130.14999389648438,119.70999908447266,15.199999809265137,83.13999938964844
2016-05-23,205.2100067138672,130.44000244140625,119.37000274658203,15.819999694824219,83.16000366210938
2016-05-24,207.8699951171875,129.86000061035156,117.30000305175781,14.420000076293945,83.66000366210938
2016-05-25,209.27999877929688,129.3699951171875,116.9800033569336,13.899999618530273,83.79000091552734
2016-05-26,209.33999633789062,130.0399932861328,116.58000183105469,13.430000305175781,83.55000305175781
2016-05-27,210.24000549316406,129.85000610351562,115.62000274658203,13.119999885559082,83.69000244140625
2016-05-31,209.83999633789062,130.16000366210938,116.05999755859375,14.1899995803833,83.61000061035156
2016-06-01,210.27000427246094,130.4199981689453,115.94000244140625,14.199999809265137,83.33999633789062
2016-06-02,210.91000366210938,131.36000061035156,115.66999816894531,13.630000114440918,83.36000061035156
2016-06-03,210.27999877929688,133.22999572753906,118.87999725341797,13.470000267028809,83.51000213623047
2016-06-06,211.35000610351562,132.24000549316406,118.91999816894531,13.649999618530273,83.87999725341797
2016-06-07,211.67999267578125,132.55999755859375,118.81999969482422,14.050000190734863,84.25
2016-06-08,212.3699951171875,133.27000427246094,120.58000183105469,14.079999923706055,84.56999969482422
2016-06-09,212.0800018310547,134.1300048828125,121.25,14.640000343322754,84.23999786376953
2016-06-10,210.07000732421875,134.77999877929688,121.73999786376953,17.030000686645508,83.83000183105469
2016-06-13,208.4499969482422,135.3800048828125,122.63999938964844,20.969999313354492,83.2699966430664
2016-06-14,208.0399932861328,135.27999877929688,122.7699966430664,20.5,82.98999786376953
2016-06-15,207.75,135.8000030517578,123.68000030517578,20.139999389648438,83.02999877929688
2016-06-16,208.3699951171875,136.4600067138672,122.37999725341797,19.3700008392334,83.08000183105469
2016-06-17,206.52000427246094,135.61000061035156,123.94999694824219,19.40999984741211,83.12999725341797
2016-06-20,207.85000610351562,134.16000366210938,123.20999908447266,18.3700008392334,83.62000274658203
2016-06-21,208.44000244140625,133.5399932861328,120.83999633789062,18.479999542236328,83.94000244140625
2016-06-22,208.10000610351562,133.75999450683594,120.9000015258789,21.170000076293945,84.0199966430664
2016-06-23,210.80999755859375,132.22999572753906,120.11000061035156,17.25,84.63999938964844
2016-06-24,203.24000549316406,135.77999877929688,126.0,25.760000228881836,83.25
2016-06-27,199.60000610351562,139.1699981689453,126.68000030517578,23.850000381469727,82.05000305175781
2016-06-28,203.1999969482422,139.4600067138672,125.31999969482422,18.75,83.08000183105469
2016-06-29,206.66000366210938,138.38999938964844,125.83999633789062,16.639999389648438,84.12999725341797
2016-06-30,209.47999572753906,138.89999389648438,126.47000122070312,15.630000114440918,84.69999694824219
2016-07-01,209.9199981689453,140.57000732421875,128.41000366210938,14.770000457763672,84.47000122070312
2016-07-05,208.41000366210938,142.3300018310547,129.47000122070312,15.579999923706055,83.98999786376953
2016-07-06,209.66000366210938,142.55999755859375,130.22999572753906,14.960000038146973,84.36000061035156
2016-07-07,209.52999877929688,142.5500030517578,129.74000549316406,14.760000228881836,84.47000122070312
2016-07-08,212.64999389648438,143.60000610351562,130.52000427246094,13.199999809265137,85.58999633789062
2016-07-11,213.39999389648438,142.33999633789062,129.2899932861328,13.539999961853027,85.63999938964844
2016-07-12,214.9499969482422,140.0,127.1500015258789,13.550000190734863,85.87999725341797
2016-07-13,214.9199981689453,141.64999389648438,128.32000732421875,13.039999961853027,85.62999725341797
2016-07-14,216.1199951171875,139.58999633789062,127.33000183105469,12.819999694824219,85.80000305175781
2016-07-15,215.8300018310547,138.38999938964844,126.83999633789062,12.670000076293945,85.62999725341797
2016-07-18,216.41000366210938,138.25999450683594,127.04000091552734,12.4399995803833,85.91999816894531
2016-07-19,216.19000244140625,139.0399932861328,127.20999908447266,11.970000267028809,85.69000244140625
2016-07-20,217.08999633789062,138.27999877929688,125.38999938964844,11.770000457763672,85.91000366210938
2016-07-21,216.27000427246094,138.55999755859375,127.30000305175781,12.739999771118164,85.79000091552734
2016-07-22,217.24000549316406,138.8000030517578,126.3499984741211,12.020000457763672,86.16999816894531
2016-07-25,216.64999389648438,138.6999969482422,125.47000122070312,12.869999885559082,85.76000213623047
2016-07-26,216.75,138.9199981689453,126.0,13.050000190734863,85.43000030517578
2016-07-27,216.52000427246094,140.64999389648438,128.02999877929688,12.829999923706055,85.69000244140625
2016-07-28,216.77000427246094,140.38999938964844,127.66000366210938,12.720000267028809,85.33000183105469
2016-07-29,217.1199951171875,141.55999755859375,128.97999572753906,11.869999885559082,85.41000366210938
2016-08-01,216.94000244140625,139.77000427246094,129.22000122070312,12.4399995803833,84.55000305175781
2016-08-02,215.5500030517578,138.3300018310547,130.27000427246094,13.369999885559082,84.43000030517578
2016-08-03,216.17999267578125,138.41000366210938,129.64999389648438,12.859999656677246,84.80999755859375
2016-08-04,216.41000366210938,139.4499969482422,129.8699951171875,12.420000076293945,85.3499984741211
2016-08-05,218.17999267578125,138.0,127.55000305175781,11.390000343322754,85.54000091552734
2016-08-08,218.0500030517578,138.25999450683594,127.44000244140625,11.5,85.88999938964844
2016-08-09,218.17999267578125,139.6199951171875,127.95999908447266,11.65999984741211,86.19000244140625
2016-08-10,217.63999938964844,140.16000366210938,128.55999755859375,12.050000190734863,86.02999877929688
2016-08-11,218.64999389648438,138.91000366210938,127.66999816894531,11.680000305175781,86.23999786376953
2016-08-12,218.4600067138672,140.0800018310547,127.4000015258789,11.550000190734863,86.30999755859375
2016-08-15,219.08999633789062,138.75999450683594,127.83999633789062,11.8100004196167,86.56999969482422
2016-08-16,217.9600067138672,138.38999938964844,128.47000122070312,12.640000343322754,86.38999938964844
2016-08-17,218.3699951171875,139.22000122070312,128.5,12.1899995803833,86.51000213623047
2016-08-18,218.86000061035156,139.44000244140625,129.11000061035156,11.430000305175781,86.8499984741211
2016-08-19,218.5399932861328,138.7100067138672,127.97000122070312,11.34000015258789,86.58999633789062
2016-08-22,218.52999877929688,139.8800048828125,127.77999877929688,12.270000457763672,86.44999694824219
2016-08-23,218.97000122070312,140.02999877929688,127.76000213623047,12.380000114440918,86.73999786376953
2016-08-24,217.85000610351562,139.6999969482422,126.33999633789062,13.449999809265137,86.5
2016-08-25,217.6999969482422,139.1699981689453,126.2300033569336,13.630000114440918,86.66000366210938
2016-08-26,217.2899932861328,138.36000061035156,126.05000305175781,13.649999618530273,86.55999755859375
2016-08-29,218.36000061035156,140.2100067138672,126.30000305175781,12.9399995803833,86.98999786376953
2016-08-30,218.0,139.6699981689453,125.02999877929688,13.119999885559082,87.04000091552734
2016-08-31,217.3800048828125,139.8699951171875,124.77999877929688,13.420000076293945,86.69999694824219
2016-09-01,217.38999938964844,139.77000427246094,125.29000091552734,13.479999542236328,86.5
2016-09-02,218.3699951171875,138.6300048828125,126.56999969482422,11.979999542236328,86.9000015258789
2016-09-06,219.02999877929688,139.63999938964844,128.7100067138672,12.020000457763672,87.0
2016-09-07,219.00999450683594,139.5399932861328,128.27000427246094,11.9399995803833,86.76000213623047
2016-09-08,218.50999450683594,137.7899932861328,127.58999633789062,12.510000228881836,86.5999984741211
2016-09-09,213.27999877929688,135.52000427246094,126.75,17.5,85.7699966430664
2016-09-12,216.33999633789062,135.58999633789062,126.58999633789062,15.15999984741211,86.06999969482422
2016-09-13,213.22999572753906,134.0500030517578,125.75,17.850000381469727,85.41000366210938
2016-09-14,213.14999389648438,134.25,126.18000030517578,18.139999389648438,85.38999938964844
2016-09-15,215.27999877929688,133.6699981689453,125.37000274658203,16.299999237060547,85.88999938964844
2016-09-16,213.3699951171875,134.75,125.05999755859375,15.369999885559082,85.91000366210938
2016-09-19,213.41000366210938,134.30999755859375,125.31999969482422,15.529999732971191,85.95999908447266
2016-09-20,213.4199981689453,134.77999877929688,125.44000244140625,15.920000076293945,85.86000061035156
2016-09-21,215.82000732421875,135.8699951171875,127.2699966430664,13.300000190734863,86.56999969482422
2016-09-22,217.17999267578125,136.9499969482422,127.56999969482422,12.020000457763672,86.86000061035156
2016-09-23,215.99000549316406,136.82000732421875,127.6500015258789,12.289999961853027,86.76000213623047
2016-09-26,214.24000549316406,137.69000244140625,127.55000305175781,14.5,86.37999725341797
2016-09-27,215.57000732421875,138.6999969482422,126.62000274658203,13.100000381469727,86.62999725341797
2016-09-28,216.63999938964844,138.39999389648438,126.22000122070312,12.390000343322754,87.20999908447266
2016-09-29,214.67999267578125,138.75,126.06999969482422,14.020000457763672,86.87999725341797
2016-09-30,216.3000030517578,137.50999450683594,125.63999938964844,13.289999961853027,87.26000213623047
2016-10-03,215.77999877929688,136.80999755859375,125.31999969482422,13.569999694824219,86.81999969482422
2016-10-04,214.67999267578125,135.2100067138672,120.97000122070312,13.630000114440918,86.66999816894531
2016-10-05,215.6300048828125,134.5800018310547,120.77999877929688,12.989999771118164,86.9000015258789
2016-10-06,215.77999877929688,133.8300018310547,119.66000366210938,12.84000015258789,86.94999694824219
2016-10-07,215.0399932861328,133.9199981689453,119.73999786376953,13.479999542236328,87.1500015258789
2016-10-10,216.16000366210938,133.1300048828125,120.16000366210938,13.380000114440918,87.4000015258789
2016-10-11,213.42999267578125,132.8300018310547,119.55000305175781,15.359999656677246,86.91000366210938
2016-10-12,213.7100067138672,132.9600067138672,119.73999786376953,15.90999984741211,86.87999725341797
2016-10-13,213.00999450683594,133.4600067138672,120.02999877929688,16.690000534057617,86.66000366210938
2016-10-14,213.1199951171875,131.58999633789062,119.36000061035156,16.1200008392334,86.86000061035156
2016-10-17,212.3800048828125,132.42999267578125,119.68000030517578,16.209999084472656,86.73999786376953
2016-10-18,213.7100067138672,132.86000061035156,120.41999816894531,15.279999732971191,87.08999633789062
2016-10-19,214.27999877929688,132.97000122070312,121.11000061035156,14.40999984741211,87.33999633789062
2016-10-20,213.8800048828125,133.11000061035156,120.73999786376953,13.75,87.3499984741211
2016-10-21,213.97999572753906,133.30999755859375,120.83000183105469,13.34000015258789,87.37000274658203
2016-10-24,214.88999938964844,132.72999572753906,120.55999755859375,13.020000457763672,87.41999816894531
2016-10-25,214.1699981689453,133.0800018310547,121.47000122070312,13.460000038146973,87.37000274658203
2016-10-26,213.74000549316406,132.17999267578125,120.79000091552734,14.239999771118164,87.0199966430664
2016-10-27,213.1699981689453,130.74000549316406,121.01000213623047,15.359999656677246,86.69999694824219
2016-10-28,212.5399932861328,130.4499969482422,121.58000183105469,16.190000534057617,86.27999877929688
2016-10-31,212.5500030517578,131.25,121.94000244140625,17.059999465942383,86.0199966430664
2016-11-01,211.00999450683594,131.00999450683594,122.7300033569336,18.559999465942383,85.30000305175781
2016-11-02,209.74000549316406,131.5800018310547,123.63999938964844,19.31999969482422,84.91999816894531
2016-11-03,208.77999877929688,130.57000732421875,124.30000305175781,22.079999923706055,84.94000244140625
2016-11-04,208.5500030517578,131.74000549316406,124.38999938964844,22.510000228881836,84.9800033569336
2016-11-07,213.14999389648438,130.6199951171875,122.1500015258789,18.709999084472656,86.16999816894531
2016-11-08,214.11000061035156,130.08999633789062,121.63999938964844,18.739999771118164,85.9800033569336
2016-11-09,216.3800048828125,124.56999969482422,121.55999755859375,14.380000114440918,85.37999725341797
2016-11-10,216.9199981689453,122.7300033569336,119.75,14.739999771118164,84.26000213623047
2016-11-11,216.4199981689453,122.04000091552734,117.0999984741211,14.170000076293945,83.47000122070312
2016-11-14,216.58999633789062,121.30999755859375,116.11000061035156,14.479999542236328,84.08999633789062
2016-11-15,218.27999877929688,121.91000366210938,117.12000274658203,13.369999885559082,85.19999694824219
2016-11-16,217.8699951171875,123.01000213623047,116.7699966430664,13.720000267028809,84.86000061035156
2016-11-17,218.99000549316406,121.19999694824219,116.16999816894531,13.350000381469727,84.62999725341797
2016-11-18,218.5,120.8499984741211,115.1500015258789,12.850000381469727,84.62999725341797
2016-11-21,220.14999389648438,121.1500015258789,115.58000183105469,12.420000076293945,85.30999755859375
2016-11-22,220.5800018310547,121.11000061035156,115.54000091552734,12.40999984741211,85.94000244140625
2016-11-23,220.6999969482422,120.63999938964844,113.25,12.430000305175781,85.62000274658203
2016-11-25,221.52000427246094,120.81999969482422,112.61000061035156,12.34000015258789,85.7300033569336
2016-11-28,220.47999572753906,121.70999908447266,113.80000305175781,13.149999618530273,85.72000122070312
2016-11-29,220.91000366210938,122.22000122070312,113.2699966430664,12.899999618530273,85.61000061035156
2016-11-30,220.3800048828125,120.23999786376953,111.75,13.329999923706055,85.6500015258789
2016-12-01,219.57000732421875,118.7300033569336,111.54000091552734,14.069999694824219,84.87000274658203
2016-12-02,219.67999267578125,119.5999984741211,112.13999938964844,14.119999885559082,85.37999725341797
2016-12-05,221.0,119.47000122070312,111.54000091552734,12.140000343322754,85.5999984741211
2016-12-06,221.6999969482422,119.37999725341797,111.43000030517578,11.789999961853027,86.02999877929688
2016-12-07,224.60000610351562,120.4000015258789,111.83000183105469,12.220000267028809,86.45999908447266
2016-12-08,225.14999389648438,118.9800033569336,111.56999969482422,12.640000343322754,86.44999694824219
2016-12-09,226.50999450683594,117.5,110.4000015258789,11.75,86.48999786376953
2016-12-12,226.25,117.72000122070312,110.81999969482422,12.640000343322754,86.37000274658203
2016-12-13,227.75999450683594,118.13999938964844,110.44999694824219,12.720000267028809,86.58000183105469
2016-12-14,225.8800048828125,116.81999969482422,108.83000183105469,13.1899995803833,85.93000030517578
2016-12-15,226.80999755859375,117.41000366210938,107.33999633789062,12.789999961853027,85.97000122070312
2016-12-16,225.0399932861328,117.13999938964844,108.05000305175781,12.199999809265137,86.05000305175781
2016-12-19,225.52999877929688,118.4000015258789,108.58999633789062,11.710000038146973,86.2699966430664
2016-12-20,226.39999389648438,117.80999755859375,107.79000091552734,11.449999809265137,86.38999938964844
2016-12-21,225.77000427246094,118.33000183105469,107.8499984741211,11.270000457763672,86.54000091552734
2016-12-22,225.3800048828125,117.80999755859375,107.58999633789062,11.430000305175781,86.44000244140625
2016-12-23,225.7100067138672,118.05000305175781,107.93000030517578,11.4399995803833,86.5999984741211
2016-12-27,226.27000427246094,117.66999816894531,108.55999755859375,11.989999771118164,86.5199966430664
2016-12-28,224.39999389648438,118.52999877929688,108.86000061035156,12.949999809265137,86.4000015258789
2016-12-29,224.35000610351562,118.94999694824219,110.29000091552734,13.369999885559082,86.5199966430664
2016-12-30,223.52999877929688,119.12999725341797,109.61000061035156,14.039999961853027,86.55000305175781
2017-01-03,225.24000549316406,119.63999938964844,110.47000122070312,12.850000381469727,86.91000366210938
2017-01-04,226.5800018310547,120.0999984741211,110.86000061035156,11.850000381469727,87.37999725341797
2017-01-05,226.39999389648438,121.9800033569336,112.58000183105469,11.670000076293945,87.25
2017-01-06,227.2100067138672,120.86000061035156,111.75,11.319999694824219,87.2300033569336
2017-01-09,226.4600067138672,121.83000183105469,112.66999816894531,11.5600004196167,87.20999908447266
2017-01-10,226.4600067138672,121.75,113.1500015258789,11.489999771118164,87.22000122070312
2017-01-11,227.10000610351562,122.16000366210938,113.5,11.260000228881836,87.2699966430664
2017-01-12,226.52999877929688,121.88999938964844,113.91000366210938,11.539999961853027,87.29000091552734
2017-01-13,227.0500030517578,121.30999755859375,114.20999908447266,11.229999542236328,87.31999969482422
2017-01-17,226.25,122.58000183105469,115.8499984741211,11.869999885559082,87.2300033569336
2017-01-18,226.75,121.01000213623047,114.87000274658203,12.479999542236328,87.30999755859375
2017-01-19,225.91000366210938,120.18000030517578,114.7699966430664,12.779999732971191,87.02999877929688
2017-01-20,226.74000549316406,119.94000244140625,115.05000305175781,11.539999961853027,87.19999694824219
2017-01-23,226.14999389648438,121.13999938964844,115.79000091552734,11.770000457763672,87.19999694824219
2017-01-24,227.60000610351562,120.30999755859375,115.2699966430664,11.069999694824219,87.26000213623047
2017-01-25,229.57000732421875,118.80000305175781,114.31999969482422,10.8100004196167,87.56999969482422
2017-01-26,229.3300018310547,119.19999694824219,113.26000213623047,10.630000114440918,87.52999877929688
2017-01-27,228.97000122070312,119.62999725341797,113.48999786376953,10.579999923706055,87.61000061035156
2017-01-30,227.5500030517578,119.2699966430664,113.97000122070312,11.880000114440918,87.43000030517578
2017-01-31,227.52999877929688,120.0999984741211,115.55000305175781,11.989999771118164,87.33999633789062
2017-02-01,227.6199951171875,119.0999984741211,115.19999694824219,11.8100004196167,87.27999877929688
2017-02-02,227.77000427246094,119.05000305175781,115.83999633789062,11.930000305175781,87.33000183105469
2017-02-03,229.33999633789062,119.0,116.12999725341797,10.970000267028809,87.4800033569336
2017-02-06,228.92999267578125,119.72000122070312,117.69999694824219,11.369999885559082,87.41999816894531
2017-02-07,228.94000244140625,120.5999984741211,117.45999908447266,11.289999961853027,87.29000091552734
2017-02-08,229.24000549316406,122.23999786376953,118.19000244140625,11.449999809265137,87.3499984741211
2017-02-09,230.60000610351562,120.83000183105469,117.29000091552734,10.880000114440918,87.47000122070312
2017-02-10,231.50999450683594,120.76000213623047,117.5999984741211,10.850000381469727,87.52999877929688
2017-02-13,232.77000427246094,120.37999725341797,116.80000305175781,11.069999694824219,87.66000366210938
2017-02-14,233.6999969482422,119.51000213623047,116.93000030517578,10.739999771118164,87.72000122070312
2017-02-15,234.9199981689453,118.95999908447266,117.44999694824219,11.970000267028809,87.75
2017-02-16,234.72000122070312,119.61000061035156,118.08000183105469,11.760000228881836,87.68000030517578
2017-02-17,235.08999633789062,120.31999969482422,117.68000030517578,11.489999771118164,87.7699966430664
2017-02-21,236.49000549316406,120.11000061035156,117.75,11.569999694824219,88.05999755859375
2017-02-22,236.27999877929688,120.30999755859375,117.91000366210938,11.739999771118164,88.0999984741211
2017-02-23,236.44000244140625,120.66999816894531,118.94000244140625,11.710000038146973,88.18000030517578
2017-02-24,236.74000549316406,122.01000213623047,119.69999694824219,11.470000267028809,88.25
2017-02-27,237.11000061035156,121.29000091552734,119.12000274658203,12.09000015258789,88.36000061035156
2017-02-28,236.47000122070312,121.73999786376953,119.2300033569336,12.920000076293945,88.29000091552734
2017-03-01,239.77999877929688,119.47000122070312,119.05999755859375,12.539999961853027,88.2300033569336
2017-03-02,238.27000427246094,119.04000091552734,117.58000183105469,11.8100004196167,87.94999694824219
2017-03-03,238.4199981689453,119.3499984741211,117.51000213623047,10.960000038146973,87.98999786376953
2017-03-06,237.7100067138672,118.77999877929688,116.72000122070312,11.239999771118164,87.70999908447266
2017-03-07,237.0,118.41999816894531,115.77999877929688,11.449999809265137,87.13999938964844
2017-03-08,236.55999755859375,117.77999877929688,115.05999755859375,11.859999656677246,86.55999755859375
2017-03-09,236.86000061035156,116.83999633789062,114.47000122070312,12.300000190734863,86.33000183105469
2017-03-10,237.69000244140625,117.25,114.72000122070312,11.65999984741211,86.30000305175781
2017-03-13,237.80999755859375,116.51000213623047,114.73999786376953,11.350000381469727,86.37000274658203
2017-03-14,236.89999389648438,117.06999969482422,114.12000274658203,12.300000190734863,86.11000061035156
2017-03-15,238.9499969482422,118.5,116.25,11.630000114440918,87.30000305175781
2017-03-16,238.47999572753906,117.9000015258789,116.7300033569336,11.210000038146973,87.05000305175781
2017-03-17,237.02999877929688,118.63999938964844,116.98999786376953,11.279999732971191,87.08000183105469
2017-03-20,236.77000427246094,119.1500015258789,117.51000213623047,11.34000015258789,86.91000366210938
2017-03-21,233.72999572753906,120.13999938964844,118.54000091552734,12.470000267028809,86.29000091552734
2017-03-22,234.27999877929688,120.62000274658203,118.83000183105469,12.8100004196167,86.5
2017-03-23,234.02999877929688,120.44999694824219,118.66999816894531,13.119999885559082,86.52999877929688
2017-03-24,233.86000061035156,120.87999725341797,118.86000061035156,12.960000038146973,86.83000183105469
2017-03-27,233.6199951171875,121.43000030517578,119.52999877929688,12.5,86.73999786376953
2017-03-28,235.32000732421875,120.62000274658203,119.04000091552734,11.529999732971191,87.22000122070312
2017-03-29,235.5399932861328,121.33999633789062,119.33000183105469,11.420000076293945,87.4000015258789
2017-03-30,236.2899932861328,120.36000061035156,118.47000122070312,11.539999961853027,87.80999755859375
2017-03-31,235.74000549316406,120.70999908447266,118.72000122070312,12.369999885559082,87.77999877929688
2017-04-03,235.3300018310547,121.66999816894531,119.3499984741211,12.380000114440918,87.36000061035156
2017-04-04,235.47999572753906,121.01000213623047,119.62000274658203,11.789999961853027,87.38999938964844
2017-04-05,234.77999877929688,121.37999725341797,119.62000274658203,12.890000343322754,87.31999969482422
2017-04-06,235.44000244140625,121.19999694824219,119.18000030517578,12.390000343322754,87.43000030517578
2017-04-07,235.1999969482422,120.70999908447266,119.45999908447266,12.869999885559082,87.38999938964844
2017-04-10,235.33999633789062,121.2699966430664,119.45999908447266,14.050000190734863,87.51000213623047
2017-04-11,235.05999755859375,122.41999816894531,121.19000244140625,15.069999694824219,87.33999633789062
2017-04-12,234.02999877929688,123.08999633789062,122.0199966430664,15.770000457763672,87.4000015258789
2017-04-13,232.50999450683594,123.47000122070312,122.5999984741211,15.960000038146973,87.22000122070312
2017-04-17,234.57000732421875,123.08999633789062,122.23999786376953,14.65999984741211,87.4800033569336
2017-04-18,233.8699951171875,124.69999694824219,122.81999969482422,14.420000076293945,87.45999908447266
2017-04-19,233.44000244140625,124.0199966430664,121.7300033569336,14.930000305175781,87.37999725341797
2017-04-20,235.33999633789062,123.54000091552734,121.95999908447266,14.149999618530273,87.66999816894531
2017-04-21,234.58999633789062,123.54000091552734,122.30999755859375,14.630000114440918,87.5999984741211
2017-04-24,237.1699981689453,122.93000030517578,121.4800033569336,10.84000015258789,88.01000213623047
2017-04-25,238.5500030517578,121.44999694824219,120.25,10.760000228881836,88.16999816894531
2017-04-26,238.39999389648438,122.12000274658203,120.83999633789062,10.850000381469727,88.08999633789062
2017-04-27,238.60000610351562,122.08000183105469,120.38999938964844,10.359999656677246,88.1500015258789
2017-04-28,238.0800018310547,122.3499984741211,120.7699966430664,10.819999694824219,88.12000274658203
2017-05-01,238.67999267578125,121.08000183105469,119.66999816894531,10.109999656677246,87.79000091552734
2017-05-02,238.77000427246094,121.69999694824219,119.6500015258789,10.59000015258789,87.81999969482422
2017-05-03,238.47999572753906,121.77999877929688,117.9800033569336,10.680000305175781,87.9000015258789
2017-05-04,238.75999450683594,121.18000030517578,116.79000091552734,10.460000038146973,87.43000030517578
2017-05-05,239.6999969482422,121.29000091552734,117.01000213623047,10.569999694824219,87.58000183105469
2017-05-08,239.66000366210938,120.62999725341797,116.75,9.770000457763672,87.68000030517578
2017-05-09,239.44000244140625,120.62000274658203,116.05000305175781,9.960000038146973,87.62000274658203
2017-05-10,239.8699951171875,120.4800033569336,116.04000091552734,10.210000038146973,88.0
2017-05-11,239.3800048828125,120.4800033569336,116.5,10.600000381469727,88.01000213623047
2017-05-12,238.97999572753906,121.38999938964844,116.83000183105469,10.399999618530273,87.9800033569336
2017-05-15,240.3000030517578,121.05999755859375,117.13999938964844,10.420000076293945,88.18000030517578
2017-05-16,240.0800018310547,121.51000213623047,117.6500015258789,10.649999618530273,88.30999755859375
2017-05-17,235.82000732421875,123.27999877929688,119.79000091552734,15.59000015258789,87.91999816894531
2017-05-18,236.77000427246094,123.41999816894531,118.80999755859375,14.65999984741211,88.0199966430664
2017-05-19,238.30999755859375,123.70999908447266,119.4000015258789,12.039999961853027,88.18000030517578
2017-05-22,239.52000427246094,123.37000274658203,119.9000015258789,10.930000305175781,88.44999694824219
2017-05-23,240.0500030517578,122.54000091552734,119.13999938964844,10.720000267028809,88.44000244140625
2017-05-24,240.61000061035156,123.2300033569336,119.61000061035156,10.020000457763672,88.58999633789062
2017-05-25,241.75999450683594,123.2699966430664,119.4800033569336,9.989999771118164,88.5199966430664
2017-05-26,241.7100067138672,123.4800033569336,120.54000091552734,9.8100004196167,88.56999969482422
2017-05-30,241.5,124.08999633789062,120.13999938964844,10.380000114440918,88.66000366210938
2017-05-31,241.44000244140625,124.4000015258789,120.62000274658203,10.40999984741211,88.6500015258789
2017-06-01,243.36000061035156,124.1500015258789,120.72000122070312,9.890000343322754,88.52999877929688
2017-06-02,244.1699981689453,125.62000274658203,121.61000061035156,9.75,88.58000183105469
2017-06-05,243.99000549316406,124.83999633789062,121.7300033569336,10.069999694824219,88.5
2017-06-06,243.2100067138672,125.5199966430664,123.0999984741211,10.449999809265137,88.36000061035156
2017-06-07,243.66000366210938,124.91999816894531,122.44999694824219,10.390000343322754,88.18000030517578
2017-06-08,243.77999877929688,124.58999633789062,121.6500015258789,10.15999984741211,88.25
2017-06-09,243.41000366210938,124.4000015258789,120.54000091552734,10.699999809265137,88.31999969482422
2017-06-12,243.36000061035156,124.36000061035156,120.36000061035156,11.460000038146973,88.47000122070312
2017-06-13,244.5500030517578,124.37999725341797,120.4800033569336,10.420000076293945,88.62999725341797
2017-06-14,244.24000549316406,126.30000305175781,119.81999969482422,10.640000343322754,88.63999938964844
2017-06-15,243.77000427246094,126.0999984741211,119.31999969482422,10.899999618530273,88.30000305175781
2017-06-16,242.63999938964844,126.3499984741211,119.33999633789062,10.380000114440918,88.1500015258789
2017-06-19,244.66000366210938,126.16999816894531,118.43000030517578,10.369999885559082,88.41999816894531
2017-06-20,243.00999450683594,127.30000305175781,118.18000030517578,10.859999656677246,88.11000061035156
2017-06-21,242.9499969482422,127.55999755859375,118.5199966430664,10.75,87.5999984741211
2017-06-22,242.83999633789062,127.83999633789062,118.91999816894531,10.479999542236328,87.83999633789062
2017-06-23,243.1300048828125,127.77999877929688,119.43000030517578,10.020000457763672,88.19999694824219
2017-06-26,243.2899932861328,128.25999450683594,118.36000061035156,9.899999618530273,88.31999969482422
2017-06-27,241.3300018310547,126.88999938964844,118.80999755859375,11.0600004196167,88.04000091552734
2017-06-28,243.49000549316406,126.47000122070312,118.9000015258789,10.029999732971191,88.4000015258789
2017-06-29,241.35000610351562,125.41000366210938,118.31999969482422,11.4399995803833,88.18000030517578
2017-06-30,241.8000030517578,125.12000274658203,118.0199966430664,11.180000305175781,88.38999938964844
2017-07-03,242.2100067138672,124.45999908447266,116.08999633789062,11.220000267028809,87.97000122070312
2017-07-05,242.77000427246094,124.48999786376953,116.5199966430664,11.069999694824219,87.9000015258789
2017-07-06,240.5500030517578,123.45999908447266,116.47000122070312,12.539999961853027,87.68000030517578
2017-07-07,242.11000061035156,122.72000122070312,115.27999877929688,11.1899995803833,87.5999984741211
2017-07-10,242.3699951171875,122.9000015258789,115.47000122070312,11.109999656677246,87.69999694824219
2017-07-11,242.19000244140625,123.11000061035156,115.62000274658203,10.890000343322754,87.63999938964844
2017-07-12,244.00999450683594,123.95999908447266,116.02999877929688,10.300000190734863,88.20999908447266
2017-07-13,244.4199981689453,123.18000030517578,115.81999969482422,9.899999618530273,88.27999877929688
2017-07-14,245.55999755859375,123.33000183105469,116.7699966430664,9.510000228881836,88.52999877929688
2017-07-17,245.52999877929688,123.66999816894531,117.29000091552734,9.819999694824219,88.55999755859375
2017-07-18,245.66000366210938,124.75,118.11000061035156,9.890000343322754,88.5999984741211
2017-07-19,246.99000549316406,124.80000305175781,118.08000183105469,9.789999961853027,88.75
2017-07-20,247.10000610351562,125.16000366210938,118.23999786376953,9.579999923706055,88.80000305175781
2017-07-21,246.8800048828125,125.69000244140625,119.26000213623047,9.359999656677246,88.7300033569336
2017-07-24,246.82000732421875,125.19999694824219,119.30999755859375,9.430000305175781,88.80000305175781
2017-07-25,247.4199981689453,123.56999969482422,118.91999816894531,9.430000305175781,88.83999633789062
2017-07-26,247.42999267578125,123.7699966430664,119.87999725341797,9.600000381469727,88.97000122070312
2017-07-27,247.1999969482422,123.16000366210938,119.79000091552734,10.109999656677246,88.9000015258789
2017-07-28,246.91000366210938,123.88999938964844,120.69000244140625,10.289999961853027,88.91000366210938
2017-07-31,246.77000427246094,124.04000091552734,120.75,10.260000228881836,88.91000366210938
2017-08-01,247.32000732421875,124.63999938964844,120.6500015258789,10.09000015258789,88.62999725341797
2017-08-02,247.44000244140625,124.70999908447266,120.4000015258789,10.279999732971191,88.6500015258789
2017-08-03,246.9600067138672,126.0,120.58999633789062,10.4399995803833,88.4800033569336
2017-08-04,247.41000366210938,124.93000030517578,119.6500015258789,10.029999732971191,88.5
2017-08-07,247.8699951171875,125.06999969482422,119.51000213623047,9.930000305175781,88.45999908447266
2017-08-08,247.25999450683594,124.62000274658203,119.86000061035156,10.960000038146973,88.08000183105469
2017-08-09,247.25,125.30000305175781,121.30999755859375,11.109999656677246,87.73999786376953
2017-08-10,243.75999450683594,126.37000274658203,122.20999908447266,16.040000915527344,87.18000030517578
2017-08-11,244.1199951171875,126.43000030517578,122.79000091552734,15.510000228881836,87.33000183105469
2017-08-14,246.5399932861328,125.77999877929688,121.91999816894531,12.329999923706055,87.79000091552734
2017-08-15,246.50999450683594,125.25,120.9800033569336,12.039999961853027,87.81999969482422
2017-08-16,246.94000244140625,125.70999908447266,121.87000274658203,11.739999771118164,87.83000183105469
2017-08-17,243.08999633789062,126.6500015258789,122.48999786376953,15.550000190734863,87.33999633789062
2017-08-18,242.7100067138672,126.62000274658203,122.30000305175781,14.260000228881836,87.47000122070312
2017-08-21,242.89999389648438,126.93000030517578,122.76000213623047,13.1899995803833,87.55999755859375
2017-08-22,245.44000244140625,126.44000244140625,122.20999908447266,11.350000381469727,87.91999816894531
2017-08-23,244.55999755859375,127.30000305175781,122.66999816894531,12.25,87.93000030517578
2017-08-24,243.99000549316406,126.83000183105469,122.29000091552734,12.229999542236328,88.05999755859375
2017-08-25,244.55999755859375,127.31999969482422,122.73999786376953,11.279999732971191,88.22000122070312
2017-08-28,244.57000732421875,127.23999786376953,124.69000244140625,11.319999694824219,88.2300033569336
2017-08-29,244.85000610351562,127.6500015258789,124.41999816894531,11.699999809265137,88.12000274658203
2017-08-30,246.00999450683594,127.61000061035156,124.36000061035156,11.220000267028809,88.36000061035156
2017-08-31,247.49000549316406,127.98999786376953,125.81999969482422,10.59000015258789,88.5999984741211
2017-09-01,247.83999633789062,126.75,126.05999755859375,10.130000114440918,88.31999969482422
2017-09-05,246.05999755859375,128.75999450683594,127.45999908447266,12.229999542236328,88.12000274658203
2017-09-06,246.89999389648438,127.97000122070312,126.80999755859375,11.630000114440918,88.05999755859375
2017-09-07,246.8699951171875,129.27999877929688,128.1300048828125,11.550000190734863,88.06999969482422
2017-09-08,246.5800018310547,129.0,127.97000122070312,12.119999885559082,87.79000091552734
2017-09-11,249.2100067138672,127.45999908447266,126.19000244140625,10.729999542236328,88.06999969482422
2017-09-12,250.0500030517578,126.79000091552734,126.55999755859375,10.579999923706055,88.18000030517578
2017-09-13,250.1699981689453,126.29000091552734,125.61000061035156,10.5,88.20999908447266
2017-09-14,250.08999633789062,126.80999755859375,126.16000366210938,10.4399995803833,88.33000183105469
2017-09-15,249.19000244140625,126.86000061035156,125.52999877929688,10.170000076293945,88.41000366210938
2017-09-18,249.72000122070312,126.12999725341797,124.36000061035156,10.149999618530273,88.37000274658203
2017-09-19,249.97000122070312,125.81999969482422,124.62000274658203,10.180000305175781,88.45999908447266
2017-09-20,250.05999755859375,125.91000366210938,123.62000274658203,9.779999732971191,88.44999694824219
2017-09-21,249.38999938964844,125.83999633789062,122.68000030517578,9.670000076293945,88.33999633789062
2017-09-22,249.44000244140625,126.19999694824219,123.23999786376953,9.59000015258789,88.43000030517578
2017-09-25,248.92999267578125,126.98999786376953,124.52999877929688,10.210000038146973,88.4800033569336
2017-09-26,249.0800018310547,126.76000213623047,123.13999938964844,10.170000076293945,88.58999633789062
2017-09-27,250.0500030517578,124.8499984741211,121.9800033569336,9.869999885559082,88.62999725341797
2017-09-28,250.35000610351562,124.4800033569336,122.20999908447266,9.550000190734863,88.62999725341797
2017-09-29,251.22999572753906,124.76000213623047,121.58000183105469,9.510000228881836,88.76000213623047
2017-10-02,252.32000732421875,124.27999877929688,120.7699966430664,9.449999809265137,88.3499984741211
2017-10-03,252.86000061035156,124.4000015258789,120.83000183105469,9.510000228881836,88.51000213623047
2017-10-04,253.16000366210938,124.41000366210938,121.16999816894531,9.630000114440918,88.41999816894531
2017-10-05,254.66000366210938,123.94000244140625,120.5199966430664,9.1899995803833,88.52999877929688
2017-10-06,254.3699951171875,123.58999633789062,121.08999633789062,9.649999618530273,88.4000015258789
2017-10-09,253.9499969482422,123.9800033569336,122.08000183105469,10.329999923706055,88.41000366210938
2017-10-10,254.6199951171875,124.18000030517578,122.4000015258789,10.079999923706055,88.4800033569336
2017-10-11,255.02000427246094,124.41999816894531,122.79000091552734,9.850000381469727,88.38999938964844
2017-10-12,254.63999938964844,124.94999694824219,122.88999938964844,9.90999984741211,88.29000091552734
2017-10-13,254.9499969482422,125.8499984741211,123.81999969482422,9.609999656677246,88.33000183105469
2017-10-16,255.2899932861328,125.76000213623047,122.97000122070312,9.90999984741211,88.37999725341797
2017-10-17,255.47000122070312,125.91999816894531,122.12999725341797,10.3100004196167,88.51000213623047
2017-10-18,255.72000122070312,125.08999633789062,121.66999816894531,10.069999694824219,88.5999984741211
2017-10-19,255.7899932861328,125.30999755859375,122.38999938964844,10.050000190734863,88.61000061035156
2017-10-20,257.1099853515625,123.9800033569336,121.61000061035156,9.970000267028809,88.69000244140625
2017-10-23,256.1099853515625,124.19999694824219,121.80000305175781,11.069999694824219,88.58999633789062
2017-10-24,256.55999755859375,123.43000030517578,121.33000183105469,11.15999984741211,88.58999633789062
2017-10-25,255.2899932861328,122.83999633789062,121.3499984741211,11.229999542236328,88.33999633789062
2017-10-26,255.6199951171875,122.43000030517578,120.33000183105469,11.300000190734863,88.2300033569336
2017-10-27,257.7099914550781,123.23999786376953,120.9000015258789,9.800000190734863,88.47000122070312
2017-10-30,256.75,124.41999816894531,121.12999725341797,10.5,88.44999694824219
2017-10-31,257.1499938964844,124.45999908447266,120.66999816894531,10.180000305175781,88.47000122070312
2017-11-01,257.489990234375,124.75,121.11000061035156,10.199999809265137,88.0199966430664
2017-11-02,257.5899963378906,125.30000305175781,121.19000244140625,9.930000305175781,87.97000122070312
2017-11-03,258.45001220703125,125.63999938964844,120.62000274658203,9.140000343322754,87.9800033569336
2017-11-06,258.8500061035156,126.11000061035156,121.6500015258789,9.399999618530273,87.98999786376953
2017-11-07,258.6700134277344,126.63999938964844,121.20999908447266,9.890000343322754,87.73999786376953
2017-11-08,259.1099853515625,126.36000061035156,121.62999725341797,9.779999732971191,87.3499984741211
2017-11-09,258.1700134277344,126.0,122.12999725341797,10.5,86.91999816894531
2017-11-10,258.0899963378906,124.0999984741211,121.12999725341797,11.289999961853027,87.11000061035156
2017-11-13,258.3299865722656,124.36000061035156,121.30999755859375,11.5,87.05000305175781
2017-11-14,257.7300109863281,125.19999694824219,121.55999755859375,11.59000015258789,86.68000030517578
2017-11-15,256.44000244140625,126.55999755859375,121.41000366210938,13.130000114440918,86.68000030517578
2017-11-16,258.6199951171875,125.45999908447266,121.4000015258789,11.760000228881836,87.52999877929688
2017-11-17,257.8599853515625,126.38999938964844,122.86000061035156,11.430000305175781,87.47000122070312
2017-11-20,258.29998779296875,126.33999633789062,121.30999755859375,10.649999618530273,87.48999786376953
2017-11-21,259.989990234375,126.73999786376953,121.51000213623047,9.729999542236328,87.66999816894531
2017-11-22,259.760009765625,127.1500015258789,122.62999725341797,9.880000114440918,87.80999755859375
2017-11-24,260.3599853515625,126.80000305175781,122.31999969482422,9.670000076293945,87.87000274658203
2017-11-27,260.2300109863281,126.62000274658203,122.83000183105469,9.869999885559082,87.5999984741211
2017-11-28,262.8699951171875,126.79000091552734,122.80999755859375,10.029999732971191,87.87000274658203
2017-11-29,262.7099914550781,125.54000091552734,122.04000091552734,10.699999809265137,87.76000213623047
2017-11-30,265.010009765625,125.12000274658203,121.0999984741211,11.279999732971191,87.77999877929688
2017-12-01,264.4599914550781,126.55000305175781,121.58999633789062,11.430000305175781,87.37999725341797
2017-12-04,264.1400146484375,126.61000061035156,121.18000030517578,11.680000305175781,87.3499984741211
2017-12-05,263.19000244140625,127.23999786376953,120.31999969482422,11.329999923706055,87.30000305175781
2017-12-06,263.239990234375,127.68000030517578,120.06999969482422,11.020000457763672,87.22000122070312
2017-12-07,264.07000732421875,126.68000030517578,118.48999786376953,10.15999984741211,87.26000213623047
2017-12-08,265.510009765625,126.69000244140625,118.4800033569336,9.579999923706055,87.3499984741211
2017-12-11,266.30999755859375,126.43000030517578,118.01000213623047,9.34000015258789,87.37000274658203
2017-12-12,266.7799987792969,126.37999725341797,118.1500015258789,9.920000076293945,87.33000183105469
2017-12-13,266.75,127.33000183105469,119.16999816894531,10.180000305175781,87.37999725341797
2017-12-14,265.6600036621094,127.87000274658203,118.93000030517578,10.489999771118164,87.19999694824219
2017-12-15,266.510009765625,128.35000610351562,119.18000030517578,9.420000076293945,87.20999908447266
2017-12-18,268.20001220703125,127.18000030517578,119.7300033569336,9.529999732971191,87.30000305175781
2017-12-19,267.1700134277344,125.52999877929688,119.81999969482422,10.029999732971191,87.12000274658203
2017-12-20,267.0299987792969,124.13999938964844,120.13999938964844,9.720000267028809,87.19000244140625
2017-12-21,267.5799865722656,124.5999984741211,120.30999755859375,9.619999885559082,86.91999816894531
2017-12-22,267.510009765625,124.7699966430664,120.94000244140625,9.899999618530273,87.0
2017-12-26,267.19000244140625,125.13999938964844,121.7699966430664,10.25,87.12999725341797
2017-12-27,267.32000732421875,126.7699966430664,122.2300033569336,10.470000267028809,87.16999816894531
2017-12-28,267.8699951171875,126.66000366210938,122.8499984741211,10.180000305175781,87.12999725341797
2017-12-29,266.8599853515625,126.86000061035156,123.6500015258789,11.039999961853027,87.26000213623047
2018-01-02,268.7699890136719,125.48999786376953,125.1500015258789,9.770000457763672,87.33999633789062
2018-01-03,270.4700012207031,126.08999633789062,124.81999969482422,9.149999618530273,87.76000213623047
2018-01-04,271.6099853515625,126.06999969482422,125.45999908447266,9.220000267028809,87.91000366210938
2018-01-05,273.4200134277344,125.70999908447266,125.33000183105469,9.220000267028809,87.97000122070312
2018-01-08,273.9200134277344,125.62999725341797,125.30999755859375,9.520000457763672,87.9000015258789
2018-01-09,274.5400085449219,123.94999694824219,124.7300033569336,10.079999923706055,87.62999725341797
2018-01-10,274.1199951171875,123.80000305175781,125.02999877929688,9.819999694824219,87.44000244140625
2018-01-11,276.1199951171875,124.30999755859375,125.44000244140625,9.880000114440918,87.7300033569336
2018-01-12,277.9200134277344,124.5199966430664,126.95999908447266,10.15999984741211,87.58000183105469
2018-01-16,276.9700012207031,125.04000091552734,127.16999816894531,11.65999984741211,87.52999877929688
2018-01-17,279.6099853515625,124.87000274658203,126.13999938964844,11.90999984741211,87.54000091552734
2018-01-18,279.1400146484375,123.70999908447266,125.86000061035156,12.220000267028809,87.44999694824219
2018-01-19,280.4100036621094,123.05999755859375,126.41999816894531,11.270000457763672,87.54000091552734
2018-01-22,282.69000244140625,123.18000030517578,126.6500015258789,11.029999732971191,87.62000274658203
2018-01-23,283.2900085449219,123.70999908447266,127.27999877929688,11.100000381469727,87.87999725341797
2018-01-24,283.17999267578125,123.04000091552734,128.8300018310547,11.470000267028809,87.75
2018-01-25,283.29998779296875,124.05000305175781,127.97000122070312,11.579999923706055,87.69000244140625
2018-01-26,286.5799865722656,123.58999633789062,128.07000732421875,11.079999923706055,87.76000213623047
2018-01-29,284.67999267578125,122.7300033569336,127.3499984741211,13.84000015258789,87.44999694824219
2018-01-30,281.760009765625,122.01000213623047,126.80000305175781,14.789999961853027,87.1500015258789
2018-01-31,281.8999938964844,122.7300033569336,127.6500015258789,13.539999961853027,87.30000305175781
2018-02-01,281.5799865722656,120.69999694824219,128.07000732421875,13.470000267028809,86.7699966430664
2018-02-02,275.45001220703125,119.58000183105469,126.38999938964844,17.309999465942383,86.22000122070312
2018-02-05,263.92999267578125,120.70999908447266,126.70999908447266,37.31999969482422,85.73999786376953
2018-02-06,269.1300048828125,119.95999908447266,125.37999725341797,29.979999542236328,86.26000213623047
2018-02-07,267.6700134277344,118.81999969482422,124.79000091552734,27.729999542236328,85.94000244140625
2018-02-08,257.6300048828125,118.69000244140625,124.9800033569336,33.459999084472656,85.19000244140625
2018-02-09,261.5,117.94000244140625,124.7699966430664,29.059999465942383,84.94999694824219
2018-02-12,265.3399963378906,118.45999908447266,125.37000274658203,25.610000610351562,85.52999877929688
2018-02-13,266.0,118.98999786376953,126.08000183105469,24.969999313354492,85.26000213623047
2018-02-14,269.5899963378906,117.66999816894531,128.22999572753906,19.260000228881836,85.41000366210938
2018-02-15,273.0299987792969,118.06999969482422,128.3800048828125,19.1299991607666,86.0999984741211
2018-02-16,273.1099853515625,118.70999908447266,127.95999908447266,19.459999084472656,86.44999694824219
2018-02-20,271.3999938964844,118.19000244140625,126.23999786376953,20.600000381469727,86.1500015258789
2018-02-21,270.04998779296875,116.73999786376953,125.66000366210938,20.020000457763672,85.76000213623047
2018-02-22,270.3999938964844,117.08999633789062,126.30000305175781,18.719999313354492,85.81999969482422
2018-02-23,274.7099914550781,118.12999725341797,126.13999938964844,16.489999771118164,86.38999938964844
2018-02-26,277.8999938964844,118.16999816894531,126.44999694824219,15.800000190734863,86.54000091552734
2018-02-27,274.42999267578125,118.0,125.12999725341797,18.59000015258789,86.30999755859375
2018-02-28,271.6499938964844,118.75,125.0,19.850000381469727,86.18000030517578
2018-03-01,267.70001220703125,119.31999969482422,124.72000122070312,22.469999313354492,85.2699966430664
2018-03-02,269.0799865722656,118.3499984741211,125.38999938964844,19.59000015258789,85.75
2018-03-05,272.19000244140625,118.02999877929688,125.18000030517578,18.729999542236328,85.75
2018-03-06,272.8800048828125,118.13999938964844,126.52999877929688,18.360000610351562,85.87000274658203
2018-03-07,272.7799987792969,118.01000213623047,125.72000122070312,17.760000228881836,85.66000366210938
2018-03-08,274.1000061035156,118.69000244140625,125.41999816894531,16.540000915527344,85.76000213623047
2018-03-09,278.8699951171875,117.91000366210938,125.54000091552734,14.640000343322754,86.06999969482422
2018-03-12,278.5199890136719,118.58999633789062,125.54000091552734,15.779999732971191,85.93000030517578
2018-03-13,276.7200012207031,119.19000244140625,125.77999877929688,16.350000381469727,85.66000366210938
2018-03-14,275.29998779296875,120.23999786376953,125.69999694824219,17.229999542236328,85.55999755859375
2018-03-15,275.0,120.23999786376953,124.9000015258789,16.59000015258789,85.62000274658203
2018-03-16,274.20001220703125,119.80999755859375,124.5999984741211,15.800000190734863,85.80000305175781
2018-03-19,270.489990234375,119.43000030517578,124.87000274658203,19.020000457763672,85.44999694824219
2018-03-20,270.95001220703125,118.94999694824219,124.30999755859375,18.200000762939453,85.62000274658203
2018-03-21,270.42999267578125,119.08000183105469,126.4800033569336,17.860000610351562,85.6500015258789
2018-03-22,263.6700134277344,120.26000213623047,125.9800033569336,23.34000015258789,85.13999938964844
2018-03-23,258.04998779296875,120.16999816894531,127.61000061035156,24.8700008392334,84.91999816894531
2018-03-26,265.1099853515625,119.70999908447266,128.27999877929688,21.030000686645508,85.47000122070312
2018-03-27,260.6000061035156,120.98999786376953,127.48999786376953,22.5,85.38999938964844
2018-03-28,259.8299865722656,121.30999755859375,125.7300033569336,22.8700008392334,85.3499984741211
2018-03-29,263.1499938964844,121.9000015258789,125.79000091552734,19.969999313354492,85.63999938964844
2018-04-02,257.4700012207031,121.87999725341797,127.26000213623047,23.6200008392334,84.95999908447266
2018-04-03,260.7699890136719,120.94000244140625,126.30000305175781,21.100000381469727,85.19999694824219
2018-04-04,263.55999755859375,120.69000244140625,126.44999694824219,20.059999465942383,85.38999938964844
2018-04-05,265.6400146484375,119.79000091552734,125.80000305175781,18.940000534057617,85.45999908447266
2018-04-06,259.7200012207031,121.0999984741211,126.38999938964844,21.489999771118164,85.2699966430664
2018-04-09,261.0,121.30000305175781,126.81999969482422,21.770000457763672,85.58999633789062
2018-04-10,265.1499938964844,121.08000183105469,127.12000274658203,20.469999313354492,85.9000015258789
2018-04-11,263.760009765625,121.51000213623047,128.11000061035156,20.239999771118164,85.93000030517578
2018-04-12,265.92999267578125,120.62000274658203,126.62000274658203,18.489999771118164,86.23999786376953
2018-04-13,265.1499938964844,120.9000015258789,127.44999694824219,17.40999984741211,86.29000091552734
2018-04-16,267.3299865722656,120.94000244140625,127.62999725341797,16.559999465942383,86.41999816894531
2018-04-17,270.19000244140625,121.2699966430664,127.75,15.25,86.45999908447266
2018-04-18,270.3900146484375,120.30000305175781,127.8499984741211,15.600000381469727,86.37000274658203
2018-04-19,268.8900146484375,119.31999969482422,127.5999984741211,15.960000038146973,86.0999984741211
2018-04-20,266.6099853515625,118.45999908447266,126.62999725341797,16.8799991607666,85.88999938964844
2018-04-23,266.57000732421875,118.48999786376953,125.62000274658203,16.34000015258789,85.66000366210938
2018-04-24,262.9800109863281,117.94999694824219,126.2300033569336,18.020000457763672,85.48999786376953
2018-04-25,263.6300048828125,117.16000366210938,125.41000366210938,17.84000015258789,85.5
2018-04-26,266.30999755859375,117.9800033569336,124.97000122070312,16.239999771118164,85.80000305175781
2018-04-27,266.55999755859375,118.88999938964844,125.5,15.40999984741211,85.76000213623047
2018-04-30,264.510009765625,119.0999984741211,124.58999633789062,15.930000305175781,85.69999694824219
2018-05-01,264.9800109863281,118.41000366210938,123.70999908447266,15.489999771118164,85.4000015258789
2018-05-02,263.20001220703125,118.27999877929688,123.6500015258789,15.970000267028809,85.37000274658203
2018-05-03,262.6199951171875,118.80999755859375,124.27999877929688,15.899999618530273,85.36000061035156
2018-05-04,266.0199890136719,118.98999786376953,124.54000091552734,14.770000457763672,85.41999816894531
2018-05-07,266.9200134277344,118.80000305175781,124.56999969482422,14.75,85.5
2018-05-08,266.9200134277344,118.69000244140625,124.58999633789062,14.710000038146973,85.37000274658203
2018-05-09,269.5,117.9800033569336,124.33000183105469,13.420000076293945,85.51000213623047
2018-05-10,272.0199890136719,118.93000030517578,125.18000030517578,13.229999542236328,85.76000213623047
2018-05-11,272.8500061035156,119.2300033569336,125.0,12.649999618530273,85.7300033569336
2018-05-14,272.9800109863281,118.5999984741211,124.48999786376953,12.930000305175781,85.75
2018-05-15,271.1000061035156,117.25,122.4800033569336,14.630000114440918,85.33000183105469
2018-05-16,272.239990234375,116.80000305175781,122.29000091552734,13.420000076293945,85.44000244140625
2018-05-17,272.010009765625,116.20999908447266,122.36000061035156,13.430000305175781,85.48999786376953
2018-05-18,271.3299865722656,117.20999908447266,122.41000366210938,13.420000076293945,85.4000015258789
2018-05-21,273.3699951171875,117.2699966430664,122.4800033569336,13.079999923706055,85.5199966430664
2018-05-22,272.6099853515625,117.08999633789062,122.41000366210938,13.220000267028809,85.58000183105469
2018-05-23,273.3599853515625,117.94000244140625,122.54000091552734,12.579999923706055,85.6500015258789
2018-05-24,272.79998779296875,118.87999725341797,123.58999633789062,12.529999732971191,85.69999694824219
2018-05-25,272.1499938964844,119.62000274658203,123.20999908447266,13.220000267028809,85.55999755859375
2018-05-29,269.0199890136719,122.23999786376953,123.19000244140625,17.020000457763672,85.19999694824219
2018-05-30,272.6099853515625,121.41999816894531,123.37000274658203,14.9399995803833,85.45999908447266
2018-05-31,270.94000244140625,121.22000122070312,123.0999984741211,15.430000305175781,85.37999725341797
2018-06-01,273.6000061035156,120.30000305175781,122.48999786376953,13.460000038146973,85.19000244140625
2018-06-04,274.8999938964844,119.43000030517578,122.37000274658203,12.739999771118164,85.37000274658203
2018-06-05,275.1000061035156,119.70999908447266,122.8499984741211,12.399999618530273,85.47000122070312
2018-06-06,277.3999938964844,118.73999786376953,122.91999816894531,11.640000343322754,85.68000030517578
2018-06-07,277.3699951171875,119.88999938964844,122.86000061035156,12.130000114440918,85.70999908447266
2018-06-08,278.19000244140625,119.52999877929688,123.01000213623047,12.180000305175781,85.66000366210938
2018-06-11,278.55999755859375,119.30999755859375,123.2300033569336,12.350000381469727,85.81999969482422
2018-06-12,278.9200134277344,119.33999633789062,122.81999969482422,12.34000015258789,85.88999938964844
2018-06-13,278.0299987792969,119.27999877929688,123.19000244140625,12.9399995803833,85.91999816894531
2018-06-14,278.7300109863281,120.2699966430664,123.37999725341797,12.119999885559082,86.16999816894531
2018-06-15,277.1300048828125,120.37999725341797,121.33999633789062,11.979999542236328,86.12000274658203
2018-06-18,276.55999755859375,120.2699966430664,121.11000061035156,12.3100004196167,86.11000061035156
2018-06-19,275.5,120.97000122070312,120.80000305175781,13.350000381469727,85.98999786376953
2018-06-20,275.9700012207031,119.91000366210938,120.26000213623047,12.789999961853027,86.08000183105469
2018-06-21,274.239990234375,120.54000091552734,120.05000305175781,14.640000343322754,85.9000015258789
2018-06-22,274.739990234375,120.52999877929688,120.33999633789062,13.770000457763672,85.91000366210938
2018-06-25,271.0,120.80000305175781,119.88999938964844,17.329999923706055,85.70999908447266
2018-06-26,271.6000061035156,120.97000122070312,119.26000213623047,15.920000076293945,85.69999694824219
2018-06-27,269.3500061035156,122.11000061035156,118.58000183105469,17.90999984741211,85.5199966430664
2018-06-28,270.8900146484375,122.13999938964844,118.22000122070312,16.850000381469727,85.27999877929688
2018-06-29,271.2799987792969,121.72000122070312,118.6500015258789,16.09000015258789,85.08000183105469
2018-07-02,271.8599853515625,121.3499984741211,117.45999908447266,15.600000381469727,84.77999877929688
2018-07-03,270.8999938964844,122.0,118.6500015258789,16.139999389648438,84.79000091552734
2018-07-05,273.1099853515625,122.3499984741211,119.05000305175781,14.970000267028809,85.11000061035156
2018-07-06,275.4200134277344,122.75,118.86000061035156,13.369999885559082,85.33000183105469
2018-07-09,277.8999938964844,121.95999908447266,119.1500015258789,12.6899995803833,85.45999908447266
2018-07-10,278.8999938964844,121.94999694824219,118.93000030517578,12.640000343322754,85.47000122070312
2018-07-11,276.8599853515625,122.41999816894531,117.63999938964844,13.630000114440918,85.33999633789062
2018-07-12,279.3699951171875,122.41000366210938,118.12999725341797,12.579999923706055,85.61000061035156
2018-07-13,279.5899963378906,122.72000122070312,117.61000061035156,12.180000305175781,85.61000061035156
2018-07-16,279.3399963378906,122.20999908447266,117.55000305175781,12.829999923706055,85.55000305175781
2018-07-17,280.4700012207031,121.9800033569336,116.27999877929688,12.0600004196167,85.58000183105469
2018-07-18,281.05999755859375,121.48999786376953,116.30999755859375,12.100000381469727,85.62000274658203
2018-07-19,280.0,122.26000213623047,115.80999755859375,12.869999885559082,85.58000183105469
2018-07-20,279.67999267578125,120.76000213623047,116.55999755859375,12.859999656677246,85.62000274658203
2018-07-23,280.20001220703125,119.2699966430664,116.0,12.619999885559082,85.58999633789062
2018-07-24,281.6099853515625,119.68000030517578,116.04000091552734,12.40999984741211,85.7699966430664
2018-07-25,284.010009765625,119.48999786376953,116.68000030517578,12.289999961853027,85.93000030517578
2018-07-26,283.3399963378906,119.26000213623047,115.7699966430664,12.140000343322754,85.94000244140625
2018-07-27,281.4200134277344,119.45999908447266,115.83000183105469,13.029999732971191,85.91000366210938
2018-07-30,279.95001220703125,119.05000305175781,115.6500015258789,14.260000228881836,85.94000244140625
2018-07-31,281.3299865722656,119.69999694824219,115.98999786376953,12.829999923706055,86.12000274658203
2018-08-01,280.8599853515625,118.45999908447266,115.13999938964844,13.149999618530273,85.83000183105469
2018-08-02,282.3900146484375,118.62999725341797,114.5199966430664,12.1899995803833,85.87999725341797
2018-08-03,283.6000061035156,119.22000122070312,114.91999816894531,11.640000343322754,85.94999694824219
2018-08-06,284.6400146484375,119.29000091552734,114.33000183105469,11.270000457763672,86.11000061035156
2018-08-07,285.5799865722656,118.66999816894531,114.58999633789062,10.930000305175781,86.1500015258789
2018-08-08,285.4599914550781,118.79000091552734,114.91000366210938,10.850000381469727,86.0999984741211
2018-08-09,285.07000732421875,119.79000091552734,114.73999786376953,11.270000457763672,86.04000091552734
2018-08-10,283.1600036621094,120.66000366210938,114.69000244140625,13.15999984741211,85.88999938964844
2018-08-13,282.1000061035156,120.41000366210938,112.95999908447266,14.779999732971191,85.83000183105469
2018-08-14,283.8999938964844,120.13999938964844,113.06999969482422,13.3100004196167,85.9800033569336
2018-08-15,281.7799987792969,120.83999633789062,111.19000244140625,14.640000343322754,85.83000183105469
2018-08-16,284.05999755859375,120.83000183105469,111.0999984741211,13.449999809265137,85.94000244140625
2018-08-17,285.05999755859375,120.9800033569336,112.12999725341797,12.640000343322754,86.04000091552734
2018-08-20,285.6700134277344,121.79000091552734,112.69000244140625,12.489999771118164,86.08000183105469
2018-08-21,286.3399963378906,121.37999725341797,113.0199966430664,12.859999656677246,86.20999908447266
2018-08-22,286.1700134277344,121.86000061035156,113.2699966430664,12.25,86.23999786376953
2018-08-23,285.7900085449219,122.05000305175781,112.19999694824219,12.40999984741211,86.2300033569336
2018-08-24,287.510009765625,122.29000091552734,114.16000366210938,11.989999771118164,86.37999725341797
2018-08-27,289.7799987792969,121.58999633789062,114.58999633789062,12.15999984741211,86.41000366210938
2018-08-28,289.9200134277344,120.86000061035156,113.68000030517578,12.5,86.37000274658203
2018-08-29,291.4800109863281,121.0199966430664,114.19999694824219,12.25,86.31999969482422
2018-08-30,290.29998779296875,121.27999877929688,113.63999938964844,13.529999732971191,86.25
2018-08-31,290.30999755859375,121.0,113.51000213623047,12.859999656677246,86.36000061035156
2018-09-04,289.80999755859375,120.02999877929688,112.93000030517578,13.15999984741211,85.80999755859375
2018-09-05,289.0299987792969,119.70999908447266,113.31999969482422,13.90999984741211,85.72000122070312
2018-09-06,288.1600036621094,120.1500015258789,113.54000091552734,14.649999618530273,85.79000091552734
2018-09-07,287.6000061035156,119.12999725341797,113.2300033569336,14.880000114440918,85.69999694824219
2018-09-10,288.1000061035156,119.56999969482422,113.1500015258789,14.15999984741211,85.87000274658203
2018-09-11,289.04998779296875,118.66000366210938,113.22000122070312,13.220000267028809,85.88999938964844
2018-09-12,289.1199951171875,118.94000244140625,114.16999816894531,13.140000343322754,86.08999633789062
2018-09-13,290.8299865722656,119.12000274658203,113.76000213623047,12.369999885559082,86.25
2018-09-14,290.8800048828125,118.55000305175781,113.0199966430664,12.069999694824219,86.33000183105469
2018-09-17,289.3399963378906,118.55000305175781,113.61000061035156,13.680000305175781,86.2699966430664
2018-09-18,290.9100036621094,117.30999755859375,113.44000244140625,12.789999961853027,86.26000213623047
2018-09-19,291.2200012207031,116.61000061035156,113.87999725341797,11.75,86.0999984741211
2018-09-20,293.5799865722656,117.1500015258789,114.2699966430664,11.800000190734863,86.22000122070312
2018-09-21,291.989990234375,117.0999984741211,113.48999786376953,11.680000305175781,86.23999786376953
2018-09-24,291.0199890136719,116.80000305175781,113.47000122070312,12.199999809265137,86.19999694824219
2018-09-25,290.75,116.68000030517578,113.6500015258789,12.420000076293945,86.12999725341797
2018-09-26,289.8800048828125,117.5,113.05000305175781,12.890000343322754,86.22000122070312
2018-09-27,290.69000244140625,117.58000183105469,112.05000305175781,12.40999984741211,86.37999725341797
2018-09-28,290.7200012207031,117.2699966430664,112.76000213623047,12.119999885559082,86.44000244140625
2018-10-01,291.7300109863281,116.1500015258789,112.56999969482422,12.0,86.30000305175781
2018-10-02,291.55999755859375,116.86000061035156,113.87000274658203,12.050000190734863,86.2300033569336
2018-10-03,291.7200012207031,114.83000183105469,113.41999816894531,11.609999656677246,86.0
2018-10-04,289.44000244140625,114.0199966430664,113.4800033569336,14.220000267028809,85.68000030517578
2018-10-05,287.82000732421875,113.04000091552734,113.80000305175781,14.819999694824219,85.30000305175781
2018-10-08,287.82000732421875,112.66000366210938,112.54000091552734,15.6899995803833,85.11000061035156
2018-10-09,287.3999938964844,113.80000305175781,112.5999984741211,15.949999809265137,85.23999786376953
2018-10-10,278.29998779296875,113.48999786376953,112.87999725341797,22.959999084472656,84.62999725341797
2018-10-11,272.1700134277344,114.87000274658203,115.77999877929688,24.979999542236328,84.69999694824219
2018-10-12,275.95001220703125,114.47000122070312,115.2300033569336,21.309999465942383,85.1500015258789
2018-10-15,274.3999938964844,114.41999816894531,116.0,21.299999237060547,85.08999633789062
2018-10-16,280.3999938964844,114.68000030517578,115.80000305175781,17.6200008392334,85.37999725341797
2018-10-17,280.45001220703125,114.0,115.79000091552734,17.399999618530273,85.20999908447266
2018-10-18,276.3999938964844,113.95999908447266,115.91999816894531,20.059999465942383,84.8499984741211
2018-10-19,276.25,113.70999908447266,116.01000213623047,19.889999389648438,84.9000015258789
2018-10-22,275.010009765625,113.55999755859375,115.70999908447266,19.639999389648438,84.94000244140625
2018-10-23,273.6099853515625,113.91999816894531,116.38999938964844,20.709999084472656,84.86000061035156
2018-10-24,265.32000732421875,114.77999877929688,116.66000366210938,25.229999542236328,84.44000244140625
2018-10-25,270.0799865722656,114.30000305175781,116.4000015258789,24.219999313354492,84.61000061035156
2018-10-26,265.3299865722656,114.98999786376953,116.7699966430664,24.15999984741211,84.2300033569336
2018-10-29,263.8599853515625,114.7300033569336,116.30999755859375,24.700000762939453,84.1500015258789
2018-10-30,267.7699890136719,114.16000366210938,115.80000305175781,23.350000381469727,84.3499984741211
2018-10-31,270.6300048828125,113.58000183105469,115.1500015258789,21.229999542236328,84.3499984741211
2018-11-01,273.510009765625,113.41000366210938,116.62999725341797,19.34000015258789,84.31999969482422
2018-11-02,271.8900146484375,112.0,116.6500015258789,19.510000228881836,84.2699966430664
2018-11-05,273.3900146484375,112.44000244140625,116.37000274658203,19.959999084472656,84.33999633789062
2018-11-06,275.1199951171875,112.37000274658203,116.04000091552734,19.90999984741211,84.55999755859375
2018-11-07,281.010009765625,112.5199966430664,116.02999877929688,16.360000610351562,85.05000305175781
2018-11-08,280.5,112.51000213623047,115.77999877929688,16.719999313354492,84.83999633789062
2018-11-09,277.760009765625,113.3499984741211,114.4800033569336,17.360000610351562,84.36000061035156
2018-11-12,272.57000732421875,114.08999633789062,113.66000366210938,20.450000762939453,83.83999633789062
2018-11-13,272.05999755859375,114.0199966430664,113.69999694824219,20.020000457763672,83.69999694824219
2018-11-14,270.20001220703125,114.08999633789062,114.63999938964844,21.25,83.54000091552734
2018-11-15,273.0199890136719,114.04000091552734,114.7699966430664,19.979999542236328,83.5199966430664
2018-11-16,273.7300109863281,114.69999694824219,115.62000274658203,18.139999389648438,83.2699966430664
2018-11-19,269.1000061035156,115.0199966430664,115.66999816894531,20.100000381469727,83.01000213623047
2018-11-20,264.1199951171875,115.05999755859375,115.66999816894531,22.479999542236328,82.75
2018-11-21,265.0199890136719,115.0199966430664,115.86000061035156,20.799999237060547,83.16999816894531
2018-11-23,263.25,115.13999938964844,115.7699966430664,21.520000457763672,82.70999908447266
2018-11-26,267.5,114.87999725341797,115.63999938964844,18.899999618530273,83.0999984741211
2018-11-27,268.3999938964844,115.01000213623047,114.94999694824219,19.020000457763672,83.05999755859375
2018-11-28,274.5799865722656,114.44999694824219,115.37999725341797,18.489999771118164,83.75
2018-11-29,273.9800109863281,114.9000015258789,115.73999786376953,18.790000915527344,83.7699966430664
2018-11-30,275.6499938964844,115.33000183105469,115.54000091552734,18.06999969482422,83.5999984741211
2018-12-03,279.29998779296875,115.87999725341797,116.41000366210938,16.440000534057617,83.80000305175781
2018-12-04,270.25,117.81999969482422,117.12000274658203,20.739999771118164,83.27999877929688
2018-12-06,269.8399963378906,118.19000244140625,117.13999938964844,21.190000534057617,82.98999786376953
2018-12-07,263.57000732421875,118.41000366210938,118.08999633789062,23.229999542236328,82.83000183105469
2018-12-10,264.07000732421875,118.9000015258789,117.68000030517578,22.639999389648438,82.88999938964844
2018-12-11,264.1300048828125,118.87999725341797,117.54000091552734,21.760000228881836,83.04000091552734
2018-12-12,265.4599914550781,118.3499984741211,117.79000091552734,21.459999084472656,83.30999755859375
2018-12-13,265.3699951171875,118.06999969482422,117.52999877929688,20.649999618530273,83.51000213623047
2018-12-14,260.4700012207031,118.4800033569336,117.05999755859375,21.6299991607666,83.16000366210938
2018-12-17,255.36000061035156,119.16999816894531,117.87000274658203,24.520000457763672,82.62000274658203
2018-12-18,255.0800018310547,119.5999984741211,118.1500015258789,25.579999923706055,82.08000183105469
2018-12-19,251.25999450683594,121.18000030517578,117.43000030517578,25.579999923706055,81.33999633789062
2018-12-20,247.1699981689453,120.73999786376953,119.23999786376953,28.3799991607666,80.62999725341797
2018-12-21,240.6999969482422,120.72000122070312,118.72000122070312,30.110000610351562,80.2300033569336
2018-12-24,234.33999633789062,121.31999969482422,120.0199966430664,36.06999969482422,79.62999725341797
2018-12-26,246.17999267578125,120.0199966430664,119.66000366210938,30.40999984741211,80.97000122070312
2018-12-27,248.07000732421875,120.04000091552734,120.56999969482422,29.959999084472656,80.91999816894531
2018-12-28,247.75,121.05000305175781,121.05999755859375,28.34000015258789,81.04000091552734
2018-12-31,249.9199981689453,121.51000213623047,121.25,25.420000076293945,81.0999984741211
2019-01-02,250.17999267578125,122.1500015258789,121.33000183105469,23.219999313354492,80.98999786376953
2019-01-03,244.2100067138672,123.54000091552734,122.43000030517578,25.450000762939453,81.02999877929688
2019-01-04,252.38999938964844,122.11000061035156,121.44000244140625,21.3799991607666,82.38999938964844
2019-01-07,254.3800048828125,121.75,121.86000061035156,21.399999618530273,83.19000244140625
2019-01-08,256.7699890136719,121.43000030517578,121.52999877929688,20.469999313354492,83.7300033569336
2019-01-09,257.9700012207031,121.23999786376953,122.30999755859375,19.979999542236328,83.83000183105469
2019-01-10,258.8800048828125,120.45999908447266,121.58999633789062,19.5,84.16000366210938
2019-01-11,258.9800109863281,120.93000030517578,121.80000305175781,18.190000534057617,83.88999938964844
2019-01-14,257.3999938964844,120.4800033569336,122.08999633789062,19.06999969482422,83.62000274658203
2019-01-15,260.3500061035156,120.04000091552734,121.87999725341797,18.600000381469727,83.9000015258789
2019-01-16,260.9800109863281,120.16000366210938,122.2699966430664,19.040000915527344,84.02999877929688
2019-01-17,262.9599914550781,120.19000244140625,122.11000061035156,18.059999465942383,84.26000213623047
2019-01-18,266.4599914550781,119.55999755859375,121.0199966430664,17.799999237060547,84.5
2019-01-22,262.8599853515625,120.37000274658203,121.44999694824219,20.799999237060547,83.94000244140625
2019-01-23,263.4100036621094,120.31999969482422,121.27999877929688,19.520000457763672,84.11000061035156
2019-01-24,263.54998779296875,121.11000061035156,121.08999633789062,18.889999389648438,84.19999694824219
2019-01-25,265.7799987792969,120.52999877929688,122.86000061035156,17.420000076293945,84.41000366210938
2019-01-28,263.760009765625,120.41000366210938,123.29000091552734,18.8700008392334,84.27999877929688
2019-01-29,263.4100036621094,121.0199966430664,123.9800033569336,19.1299991607666,84.2300033569336
2019-01-30,267.5799865722656,120.93000030517578,124.69000244140625,17.65999984741211,84.9000015258789
2019-01-31,269.92999267578125,121.97000122070312,124.75,16.56999969482422,85.11000061035156
2019-02-01,270.05999755859375,120.95999908447266,124.5,16.139999389648438,84.68000030517578
2019-02-04,271.9599914550781,120.41999816894531,123.95999908447266,15.729999542236328,84.87999725341797
2019-02-05,273.1000061035156,120.97000122070312,124.27999877929688,15.569999694824219,85.18000030517578
2019-02-06,272.739990234375,121.02999877929688,123.44000244140625,15.380000114440918,85.0999984741211
2019-02-07,270.1400146484375,121.83000183105469,123.73999786376953,16.3700008392334,84.80999755859375
2019-02-08,270.4700012207031,122.3499984741211,124.20999908447266,15.720000267028809,84.79000091552734
2019-02-11,270.6199951171875,121.87000274658203,123.5999984741211,15.970000267028809,84.83000183105469
2019-02-12,274.1000061035156,121.55999755859375,123.86000061035156,15.430000305175781,85.23999786376953
2019-02-13,274.989990234375,121.0999984741211,123.37000274658203,15.649999618530273,85.12000274658203
2019-02-14,274.3800048828125,121.79000091552734,124.05999755859375,16.219999313354492,85.12999725341797
2019-02-15,277.3699951171875,121.9800033569336,124.80000305175781,14.90999984741211,85.4000015258789
2019-02-19,277.8500061035156,122.29000091552734,126.69999694824219,14.880000114440918,85.43000030517578
2019-02-20,278.4100036621094,121.94000244140625,126.4800033569336,14.020000457763672,85.5
2019-02-21,277.4200134277344,120.8499984741211,125.05000305175781,14.460000038146973,85.41999816894531
2019-02-22,279.1400146484375,121.56999969482422,125.5,13.510000228881836,85.58999633789062
2019-02-25,279.5199890136719,121.20999908447266,125.37000274658203,14.850000381469727,85.66000366210938
2019-02-26,279.32000732421875,121.80999755859375,125.58000183105469,15.170000076293945,85.7699966430664
2019-02-27,279.20001220703125,120.43000030517578,124.69000244140625,14.699999809265137,85.80000305175781
2019-02-28,278.67999267578125,120.0199966430664,123.98999786376953,14.779999732971191,85.75
2019-03-01,280.4200134277344,118.66000366210938,121.87999725341797,13.569999694824219,85.61000061035156
2019-03-04,279.3999938964844,119.58999633789062,121.55999755859375,14.630000114440918,85.4800033569336
2019-03-05,279.0199890136719,119.83999633789062,121.72000122070312,14.739999771118164,85.44000244140625
2019-03-06,277.3299865722656,120.27999877929688,121.61000061035156,15.739999771118164,85.30000305175781
2019-03-07,275.010009765625,121.05999755859375,121.51000213623047,16.59000015258789,85.23999786376953
2019-03-08,274.4599914550781,121.56999969482422,122.83999633789062,16.049999237060547,85.0999984741211
2019-03-11,278.44000244140625,121.20999908447266,122.23999786376953,14.329999923706055,85.37999725341797
2019-03-12,279.489990234375,122.05999755859375,122.9800033569336,13.770000457763672,85.52999877929688
2019-03-13,281.3399963378906,121.83000183105469,123.83999633789062,13.40999984741211,85.76000213623047
2019-03-14,281.1600036621094,120.94999694824219,122.41000366210938,13.5,85.69999694824219
2019-03-15,281.30999755859375,121.75,122.97000122070312,12.880000114440918,85.77999877929688
2019-03-18,282.3299865722656,121.68000030517578,123.04000091552734,13.100000381469727,85.75
2019-03-19,282.3999938964844,121.41000366210938,123.37999725341797,13.5600004196167,85.80000305175781
2019-03-20,281.54998779296875,122.68000030517578,124.18000030517578,13.90999984741211,86.16999816894531
2019-03-21,284.7300109863281,122.94999694824219,123.68000030517578,13.630000114440918,86.1500015258789
2019-03-22,279.25,124.86000061035156,123.97000122070312,16.479999542236328,85.83999633789062
2019-03-25,279.0400085449219,125.05999755859375,124.91999816894531,16.329999923706055,85.80999755859375
2019-03-26,281.1199951171875,124.97000122070312,124.30000305175781,14.680000305175781,86.0199966430664
2019-03-27,279.6499938964844,126.12000274658203,123.6500015258789,15.149999618530273,86.08000183105469
2019-03-28,280.7099914550781,126.55999755859375,121.9000015258789,14.430000305175781,86.25
2019-03-29,282.4800109863281,126.44000244140625,122.01000213623047,13.710000038146973,86.47000122070312
2019-04-01,285.8299865722656,124.37000274658203,121.52999877929688,13.399999618530273,86.06999969482422
2019-04-02,285.9700012207031,124.5999984741211,121.9800033569336,13.359999656677246,86.11000061035156
2019-04-03,286.4200134277344,123.5199966430664,121.80000305175781,13.739999771118164,86.13999938964844
2019-04-04,287.17999267578125,123.87000274658203,122.11000061035156,13.579999923706055,86.2699966430664
2019-04-05,288.57000732421875,124.02999877929688,121.9800033569336,12.819999694824219,86.43000030517578
2019-04-08,288.7900085449219,123.58999633789062,122.51000213623047,13.180000305175781,86.37999725341797
2019-04-09,287.30999755859375,123.9800033569336,123.1500015258789,14.279999732971191,86.31999969482422
2019-04-10,288.2900085449219,124.27999877929688,123.52999877929688,13.300000190734863,86.69999694824219
2019-04-11,288.2099914550781,123.55000305175781,121.94999694824219,13.020000457763672,86.83000183105469
2019-04-12,290.1600036621094,122.66999816894531,121.83000183105469,12.010000228881836,86.95999908447266
2019-04-15,289.9700012207031,122.9800033569336,121.5999984741211,12.319999694824219,86.9000015258789
2019-04-16,290.1600036621094,122.20999908447266,120.51000213623047,12.180000305175781,86.8499984741211
2019-04-17,289.45001220703125,122.26000213623047,120.27999877929688,12.600000381469727,86.63999938964844
2019-04-18,290.0199890136719,122.9000015258789,120.37000274658203,12.09000015258789,86.68000030517578
2019-04-22,290.2699890136719,122.30999755859375,120.37000274658203,12.420000076293945,86.52999877929688
2019-04-23,292.8800048828125,122.56999969482422,120.12000274658203,12.279999732971191,86.83000183105469
2019-04-24,292.2300109863281,123.56999969482422,120.47000122070312,13.140000343322754,86.70999908447266
2019-04-25,292.04998779296875,123.38999938964844,120.56999969482422,13.25,86.75
2019-04-26,293.4100036621094,123.80999755859375,121.37000274658203,12.729999542236328,86.97000122070312
2019-04-29,293.8699951171875,123.0199966430664,120.83000183105469,13.109999656677246,86.93000030517578
2019-04-30,294.0199890136719,123.6500015258789,121.19999694824219,13.119999885559082,86.94000244140625
2019-05-01,291.80999755859375,123.9000015258789,120.4000015258789,14.800000190734863,86.29000091552734
2019-05-02,291.17999267578125,123.30999755859375,119.94000244140625,14.420000076293945,86.3499984741211
2019-05-03,294.0299987792969,123.66000366210938,120.6500015258789,12.869999885559082,86.56999969482422
2019-05-06,292.82000732421875,124.0,120.80999755859375,15.4399995803833,86.61000061035156
2019-05-07,287.92999267578125,124.94999694824219,121.20999908447266,19.31999969482422,86.08999633789062
2019-05-08,287.5299987792969,124.41000366210938,120.91000366210938,19.399999618530273,86.12000274658203
2019-05-09,286.6600036621094,124.91999816894531,121.19999694824219,19.100000381469727,85.98999786376953
2019-05-10,288.1000061035156,124.75,121.43000030517578,16.040000915527344,86.2300033569336
2019-05-13,280.8599853515625,125.7300033569336,122.66999816894531,20.549999237060547,85.44000244140625
2019-05-14,283.3999938964844,125.36000061035156,122.45999908447266,18.059999465942383,85.62999725341797
2019-05-15,285.05999755859375,126.12999725341797,122.38999938964844,16.440000534057617,85.70999908447266
2019-05-16,287.70001220703125,125.70999908447266,121.51000213623047,15.289999961853027,85.97000122070312
2019-05-17,285.8399963378906,125.98999786376953,120.6500015258789,15.960000038146973,85.94000244140625
2019-05-20,283.95001220703125,125.7300033569336,120.63999938964844,16.309999465942383,85.86000061035156
2019-05-21,286.510009765625,125.52999877929688,120.36000061035156,14.949999809265137,86.12999725341797
2019-05-22,285.6300048828125,126.25,120.23999786376953,14.75,86.19999694824219
2019-05-23,282.1400146484375,127.66999816894531,121.16999816894531,16.920000076293945,85.7699966430664
2019-05-24,282.7799987792969,127.77999877929688,121.30000305175781,15.850000381469727,85.6500015258789
2019-05-28,280.1499938964844,128.6999969482422,120.83000183105469,17.5,85.56999969482422
2019-05-29,278.2699890136719,129.08999633789062,120.87000274658203,17.899999618530273,85.33999633789062
2019-05-30,279.0299987792969,130.1999969482422,121.69000244140625,17.299999237060547,85.5199966430664
2019-05-31,275.2699890136719,131.8300018310547,123.33000183105469,18.709999084472656,84.9000015258789
2019-06-03,274.57000732421875,132.44000244140625,125.11000061035156,18.860000610351562,84.6500015258789
2019-06-04,280.5299987792969,130.92999267578125,125.1500015258789,16.969999313354492,85.5
2019-06-05,282.9599914550781,130.19000244140625,125.47000122070312,16.09000015258789,85.69999694824219
2019-06-06,284.79998779296875,130.61000061035156,125.87999725341797,15.930000305175781,85.87999725341797
2019-06-07,287.6499938964844,131.74000549316406,126.58999633789062,16.299999237060547,86.0999984741211
2019-06-10,288.9700012207031,130.5,125.33000183105469,15.9399995803833,86.2300033569336
2019-06-11,288.8999938964844,130.5800018310547,125.18000030517578,15.989999771118164,86.3499984741211
2019-06-12,288.3900146484375,130.67999267578125,125.83000183105469,15.90999984741211,86.1500015258789
2019-06-13,289.5799865722656,131.1300048828125,126.5999984741211,15.819999694824219,86.3499984741211
2019-06-14,289.260009765625,131.4600067138672,126.55999755859375,15.279999732971191,86.29000091552734
2019-06-17,289.3699951171875,131.69000244140625,126.4800033569336,15.350000381469727,86.16000366210938
2019-06-18,292.3999938964844,132.35000610351562,127.12000274658203,15.149999618530273,86.76000213623047
2019-06-19,293.05999755859375,132.5399932861328,127.88999938964844,14.329999923706055,87.16999816894531
2019-06-20,295.8599853515625,132.88999938964844,131.11000061035156,14.75,87.61000061035156
2019-06-21,294.0,131.42999267578125,131.97999572753906,15.399999618530273,87.33000183105469
2019-06-24,293.6400146484375,132.41000366210938,133.94000244140625,15.260000228881836,87.31999969482422
2019-06-25,290.760009765625,132.82000732421875,134.1999969482422,16.280000686645508,86.94999694824219
2019-06-26,290.4700012207031,131.97000122070312,132.97000122070312,16.209999084472656,86.91000366210938
2019-06-27,291.5,132.89999389648438,132.83999633789062,15.819999694824219,87.1500015258789
2019-06-28,293.0,132.80999755859375,133.1999969482422,15.079999923706055,87.18000030517578
2019-07-01,295.6600036621094,132.24000549316406,130.6199951171875,14.0600004196167,86.81999969482422
2019-07-02,296.42999267578125,133.25999450683594,133.41000366210938,12.930000305175781,87.01000213623047
2019-07-03,298.79998779296875,134.2100067138672,133.6300048828125,12.569999694824219,87.33999633789062
2019-07-05,298.4599914550781,132.42999267578125,132.13999938964844,13.279999732971191,86.98999786376953
2019-07-08,296.82000732421875,132.61000061035156,131.2899932861328,13.960000038146973,86.81999969482422
2019-07-09,297.19000244140625,132.55999755859375,131.75,14.09000015258789,86.72000122070312
2019-07-10,298.6099853515625,131.8300018310547,133.8300018310547,13.029999732971191,86.95999908447266
2019-07-11,299.30999755859375,130.07000732421875,132.6999969482422,12.930000305175781,86.79000091552734
2019-07-12,300.6499938964844,130.22000122070312,133.52999877929688,12.390000343322754,86.93000030517578
2019-07-15,300.75,130.97000122070312,133.52999877929688,12.680000305175781,86.98999786376953
2019-07-16,299.7799987792969,130.5800018310547,132.39999389648438,12.859999656677246,86.80999755859375
2019-07-17,297.739990234375,131.99000549316406,134.5800018310547,13.970000267028809,86.69999694824219
2019-07-18,298.8299865722656,132.0,136.47999572753906,13.529999732971191,86.73999786376953
2019-07-19,297.1700134277344,131.69000244140625,134.47000122070312,14.449999809265137,86.58999633789062
2019-07-22,297.8999938964844,131.94000244140625,134.4499969482422,13.529999732971191,86.87999725341797
2019-07-23,300.0299987792969,131.22000122070312,133.69000244140625,12.609999656677246,87.02999877929688
2019-07-24,301.44000244140625,131.7899932861328,134.3699951171875,12.069999694824219,87.0999984741211
2019-07-25,300.0,131.16000366210938,133.4199981689453,12.739999771118164,86.9800033569336
2019-07-26,302.010009765625,131.47000122070312,133.63999938964844,12.15999984741211,87.16999816894531
2019-07-29,301.4599914550781,131.50999450683594,134.52999877929688,12.829999923706055,87.04000091552734
2019-07-30,300.7200012207031,131.8300018310547,134.97999572753906,13.9399995803833,87.08000183105469
2019-07-31,297.42999267578125,132.88999938964844,133.2100067138672,16.1200008392334,86.93000030517578
2019-08-01,294.8399963378906,135.25999450683594,136.41000366210938,17.8700008392334,86.5199966430664
2019-08-02,292.6199951171875,136.50999450683594,135.88999938964844,17.610000610351562,86.38999938964844
2019-08-05,283.82000732421875,138.8699951171875,137.7899932861328,24.59000015258789,85.48999786376953
2019-08-06,287.79998779296875,139.97999572753906,138.91000366210938,20.170000076293945,86.04000091552734
2019-08-07,287.9700012207031,140.02999877929688,141.02000427246094,19.489999771118164,86.02999877929688
2019-08-08,293.6199951171875,140.3300018310547,141.72999572753906,16.90999984741211,86.37000274658203
2019-08-09,291.6199951171875,140.0500030517578,141.25999450683594,17.969999313354492,86.25
2019-08-12,288.07000732421875,142.97000122070312,142.6300048828125,21.09000015258789,85.94999694824219
2019-08-13,292.54998779296875,142.47999572753906,141.77999877929688,17.520000457763672,86.33000183105469
2019-08-14,283.8999938964844,145.69000244140625,142.75,22.100000381469727,85.55999755859375
2019-08-15,284.6499938964844,147.30999755859375,143.6999969482422,21.18000030517578,85.80999755859375
2019-08-16,288.8500061035156,146.1300048828125,142.77999877929688,18.469999313354492,86.0999984741211
2019-08-19,292.3299865722656,144.0399932861328,141.11000061035156,16.8799991607666,86.3499984741211
2019-08-20,290.0899963378906,145.52999877929688,142.2100067138672,17.5,86.41999816894531
2019-08-21,292.45001220703125,144.55999755859375,141.75999450683594,15.800000190734863,86.79000091552734
2019-08-22,292.3599853515625,143.60000610351562,141.39999389648438,16.68000030517578,86.94999694824219
2019-08-23,284.8500061035156,145.9600067138672,144.1699981689453,19.8700008392334,86.55000305175781
2019-08-26,288.0,145.3699951171875,144.19000244140625,19.31999969482422,86.9800033569336
2019-08-27,286.8699951171875,147.61000061035156,145.57000732421875,20.309999465942383,86.94000244140625
2019-08-28,288.8900146484375,147.8000030517578,145.16000366210938,19.350000381469727,87.1500015258789
2019-08-29,292.5799865722656,147.24000549316406,144.1199951171875,17.8799991607666,87.23999786376953
2019-08-30,292.45001220703125,147.27999877929688,143.75,18.979999542236328,87.16000366210938
2019-09-03,290.739990234375,147.2100067138672,145.75,19.65999984741211,86.54000091552734
2019-09-04,294.0400085449219,147.42999267578125,146.66000366210938,17.329999923706055,86.72000122070312
2019-09-05,297.82000732421875,144.75999450683594,143.13999938964844,16.270000457763672,87.05999755859375
2019-09-06,298.04998779296875,145.7899932861328,141.9199981689453,15.0,87.13999938964844
2019-09-09,298.20001220703125,143.1999969482422,141.38999938964844,15.270000457763672,87.2300033569336
2019-09-10,298.1300048828125,140.69000244140625,140.17999267578125,15.199999809265137,87.27999877929688
2019-09-11,300.25,140.44000244140625,141.02999877929688,14.609999656677246,87.2699966430664
2019-09-12,301.2900085449219,139.52000427246094,141.32000732421875,14.220000267028809,87.31999969482422
2019-09-13,301.0899963378906,136.5399932861328,140.14999389648438,13.739999771118164,87.16000366210938
2019-09-16,300.1600036621094,138.27999877929688,141.32000732421875,14.670000076293945,87.47000122070312
2019-09-17,300.9200134277344,139.02999877929688,141.60000610351562,14.4399995803833,87.5199966430664
2019-09-18,301.1000061035156,139.6199951171875,140.7100067138672,13.949999809265137,87.47000122070312
2019-09-19,301.0799865722656,140.0399932861328,141.27999877929688,14.050000190734863,87.37000274658203
2019-09-20,298.2799987792969,141.88999938964844,142.9499969482422,15.319999694824219,87.4800033569336
2019-09-23,298.2099914550781,141.86000061035156,143.75,14.90999984741211,87.44000244140625
2019-09-24,295.8699951171875,143.57000732421875,144.50999450683594,17.049999237060547,87.31999969482422
2019-09-25,297.6199951171875,141.47000122070312,141.8300018310547,15.960000038146973,87.2300033569336
2019-09-26,297.0,142.3800048828125,141.7899932861328,16.06999969482422,87.16999816894531
2019-09-27,295.3999938964844,142.72999572753906,141.05999755859375,17.219999313354492,87.06999969482422
2019-09-30,296.7699890136719,143.0800018310547,138.8699951171875,16.239999771118164,87.16999816894531
2019-10-01,293.239990234375,143.25999450683594,139.6300048828125,18.559999465942383,86.62000274658203
2019-10-02,288.05999755859375,143.61000061035156,141.25999450683594,20.559999465942383,86.11000061035156
2019-10-03,290.4200134277344,144.9199981689453,141.89999389648438,19.1200008392334,86.16000366210938
2019-10-04,294.3500061035156,145.99000549316406,141.89999389648438,17.040000915527344,86.43000030517578
2019-10-07,293.0799865722656,144.77999877929688,140.69000244140625,17.860000610351562,86.36000061035156
2019-10-08,288.5299987792969,145.1699981689453,141.9199981689453,20.280000686645508,86.04000091552734
2019-10-09,291.2699890136719,144.35000610351562,142.0500030517578,18.639999389648438,86.30000305175781
2019-10-10,293.239990234375,142.1999969482422,140.80999755859375,17.56999969482422,86.41000366210938
2019-10-11,296.2799987792969,140.44000244140625,140.02999877929688,15.579999923706055,86.7699966430664
2019-10-14,295.95001220703125,141.4600067138672,140.58999633789062,14.569999694824219,86.83000183105469
2019-10-15,298.8800048828125,139.75,139.61000061035156,13.539999961853027,87.0199966430664
2019-10-16,298.3999938964844,139.9199981689453,140.41000366210938,13.680000305175781,86.94999694824219
2019-10-17,299.2799987792969,139.5800018310547,140.61000061035156,13.789999961853027,87.06999969482422
2019-10-18,297.9700012207031,139.5800018310547,140.4600067138672,14.25,87.08999633789062
2019-10-21,299.989990234375,138.52999877929688,139.7899932861328,14.0,87.12000274658203
2019-10-22,299.010009765625,139.33999633789062,140.1999969482422,14.460000038146973,87.13999938964844
2019-10-23,299.8800048828125,139.47999572753906,140.52999877929688,14.010000228881836,87.22000122070312
2019-10-24,300.3699951171875,139.1999969482422,141.52999877929688,13.710000038146973,87.31999969482422
2019-10-25,301.6000061035156,138.52000427246094,141.86000061035156,12.649999618530273,87.38999938964844
2019-10-28,303.29998779296875,137.25999450683594,140.63999938964844,13.109999656677246,87.37999725341797
2019-10-29,303.2099914550781,137.35000610351562,140.25,13.199999809265137,87.22000122070312
2019-10-30,304.1400146484375,139.36000061035156,141.02000427246094,12.329999923706055,87.11000061035156
2019-10-31,303.3299865722656,141.24000549316406,142.42999267578125,13.220000267028809,86.80999755859375
2019-11-01,306.1400146484375,140.55999755859375,142.55999755859375,12.300000190734863,86.81999969482422
2019-11-04,307.3699951171875,138.7100067138672,142.14999389648438,12.829999923706055,87.0
2019-11-05,307.0299987792969,137.14999389648438,139.85000610351562,13.100000381469727,86.91000366210938
2019-11-06,307.1000061035156,137.97999572753906,140.4499969482422,12.619999885559082,86.80999755859375
2019-11-07,308.17999267578125,135.47999572753906,138.27000427246094,12.729999542236328,86.7699966430664
2019-11-08,308.94000244140625,134.91000366210938,137.38999938964844,12.069999694824219,86.8499984741211
2019-11-11,308.3500061035156,135.0,137.05999755859375,12.6899995803833,86.80000305175781
2019-11-12,309.0,135.6199951171875,137.42999267578125,12.680000305175781,86.81999969482422
2019-11-13,309.1000061035156,136.5,137.97999572753906,13.0,86.7300033569336
2019-11-14,309.54998779296875,137.91000366210938,138.55999755859375,13.050000190734863,86.68000030517578
2019-11-15,311.7900085449219,137.75999450683594,138.2100067138672,12.050000190734863,86.94000244140625
2019-11-18,312.0199890136719,138.00999450683594,138.6199951171875,12.460000038146973,86.83000183105469
2019-11-19,311.92999267578125,139.16000366210938,138.69000244140625,12.859999656677246,86.5199966430664
2019-11-20,310.7699890136719,140.60000610351562,138.75999450683594,12.779999732971191,86.33999633789062
2019-11-21,310.2699890136719,139.72000122070312,138.0,13.130000114440918,86.36000061035156
2019-11-22,310.9599914550781,139.89999389648438,137.74000549316406,12.34000015258789,86.69000244140625
2019-11-25,313.3699951171875,140.30999755859375,137.0800018310547,11.869999885559082,86.91999816894531
2019-11-26,314.0799865722656,141.1300048828125,137.74000549316406,11.539999961853027,87.0199966430664
2019-11-27,315.4800109863281,140.72000122070312,137.00999450683594,11.75,87.12999725341797
2019-11-29,314.30999755859375,140.4199981689453,137.86000061035156,12.619999885559082,86.94000244140625
2019-12-02,311.6400146484375,138.30999755859375,137.7899932861328,14.90999984741211,86.54000091552734
2019-12-03,309.54998779296875,141.2100067138672,139.11000061035156,15.960000038146973,86.41999816894531
2019-12-04,311.4599914550781,139.8000030517578,138.9199981689453,14.800000190734863,86.68000030517578
2019-12-05,312.0199890136719,139.1199951171875,139.0,14.520000457763672,86.80999755859375
2019-12-06,314.8699951171875,138.35000610351562,137.6199951171875,13.619999885559082,86.93000030517578
2019-12-09,313.8800048828125,138.64999389648438,137.5800018310547,15.859999656677246,86.93000030517578
2019-12-10,313.5299987792969,138.66000366210938,137.97000122070312,15.680000305175781,87.13999938964844
2019-12-11,314.4200134277344,139.75,138.9199981689453,14.989999771118164,87.31999969482422
2019-12-12,317.1300048828125,137.4499969482422,138.42999267578125,13.9399995803833,87.5199966430664
2019-12-13,317.32000732421875,139.0399932861328,139.0500030517578,12.630000114440918,87.61000061035156
2019-12-16,319.5,137.7899932861328,139.0399932861328,12.140000343322754,87.77999877929688
2019-12-17,319.57000732421875,137.60000610351562,139.00999450683594,12.289999961853027,88.05000305175781
2019-12-18,319.5899963378906,136.47000122070312,139.02000427246094,12.579999923706055,88.20999908447266
2019-12-19,320.8999938964844,136.47000122070312,139.3800048828125,12.5,87.8499984741211
2019-12-20,320.7300109863281,136.64999389648438,139.52000427246094,12.510000228881836,87.72000122070312
2019-12-23,321.2200012207031,136.4499969482422,139.9499969482422,12.609999656677246,87.76000213623047
2019-12-24,321.2300109863281,136.83999633789062,141.27000427246094,12.670000076293945,87.83000183105469
2019-12-26,322.94000244140625,137.1699981689453,142.3800048828125,12.649999618530273,87.95999908447266
2019-12-27,322.8599853515625,137.32000732421875,142.3300018310547,13.430000305175781,87.91999816894531
2019-12-30,321.0799865722656,136.82000732421875,142.6300048828125,14.819999694824219,87.86000061035156
2019-12-31,321.8599853515625,135.47999572753906,142.89999389648438,13.779999732971191,87.94000244140625
2020-01-02,324.8699951171875,137.00999450683594,143.9499969482422,12.470000267028809,88.30999755859375
2020-01-03,322.4100036621094,139.1199951171875,145.86000061035156,14.020000457763672,88.22000122070312
2020-01-06,323.6400146484375,138.3300018310547,147.38999938964844,13.850000381469727,88.12999725341797
2020-01-07,322.7300109863281,137.64999389648438,147.97000122070312,13.789999961853027,88.05000305175781
2020-01-08,324.45001220703125,136.74000549316406,146.86000061035156,13.449999809265137,88.12999725341797
2020-01-09,326.6499938964844,137.22000122070312,146.02999877929688,12.539999961853027,88.36000061035156
2020-01-10,325.7099914550781,138.44000244140625,146.91000366210938,12.5600004196167,88.38999938964844
2020-01-13,327.95001220703125,138.02000427246094,145.82000732421875,12.319999694824219,88.38999938964844
2020-01-14,327.45001220703125,138.72999572753906,145.69000244140625,12.390000343322754,88.37999725341797
2020-01-15,328.19000244140625,139.64999389648438,146.5399932861328,12.420000076293945,88.4000015258789
2020-01-16,330.9200134277344,139.2100067138672,146.30999755859375,12.319999694824219,88.43000030517578
2020-01-17,331.95001220703125,138.02000427246094,146.5800018310547,12.100000381469727,88.36000061035156
2020-01-21,331.29998779296875,139.47000122070312,146.74000549316406,12.850000381469727,88.16999816894531
2020-01-22,331.3399963378906,139.9600067138672,146.7899932861328,12.90999984741211,88.33000183105469
2020-01-23,331.7200012207031,140.94000244140625,147.1199951171875,12.979999542236328,88.05999755859375
2020-01-24,328.7699890136719,142.0800018310547,147.97999572753906,14.5600004196167,87.69000244140625
2020-01-27,323.5,144.2899932861328,148.99000549316406,18.229999542236328,87.0999984741211
2020-01-28,326.8900146484375,143.16000366210938,147.66000366210938,16.280000686645508,87.8499984741211
2020-01-29,326.6199951171875,144.55999755859375,148.4600067138672,16.389999389648438,87.80000305175781
2020-01-30,327.67999267578125,144.5800018310547,148.47000122070312,15.489999771118164,87.88999938964844
2020-01-31,321.7300109863281,145.89999389648438,149.3300018310547,18.84000015258789,87.52999877929688
2020-02-03,324.1199951171875,145.5399932861328,148.36000061035156,17.969999313354492,87.1500015258789
2020-02-04,329.05999755859375,143.5800018310547,146.42999267578125,16.049999237060547,87.66999816894531
2020-02-05,332.8599853515625,142.00999450683594,146.61000061035156,15.149999618530273,88.02999877929688
2020-02-06,333.9800109863281,142.64999389648438,147.39999389648438,14.960000038146973,88.0999984741211
2020-02-07,332.20001220703125,144.42999267578125,147.7899932861328,15.470000267028809,87.97000122070312
2020-02-10,334.67999267578125,144.8300018310547,148.1699981689453,15.039999961853027,88.08999633789062
2020-02-11,335.260009765625,144.10000610351562,147.66000366210938,15.180000305175781,88.1500015258789
2020-02-12,337.4200134277344,143.3699951171875,147.5399932861328,13.739999771118164,88.37999725341797
2020-02-13,337.05999755859375,143.9199981689453,148.3800048828125,14.149999618530273,88.41000366210938
2020-02-14,337.6000061035156,144.5500030517578,149.0,13.680000305175781,88.4000015258789
2020-02-18,336.7300109863281,145.5399932861328,150.91000366210938,14.829999923706055,88.22000122070312
2020-02-19,338.3399963378906,145.52999877929688,151.7899932861328,14.380000114440918,88.26000213623047
2020-02-20,336.95001220703125,146.6699981689453,152.41000366210938,15.5600004196167,88.41000366210938
2020-02-21,333.4800109863281,148.0399932861328,154.6999969482422,17.079999923706055,88.33000183105469
2020-02-24,322.4200134277344,150.25,156.08999633789062,25.030000686645508,87.37999725341797
2020-02-25,312.6499938964844,151.0500030517578,153.3000030517578,27.850000381469727,86.7699966430664
2020-02-26,311.5,150.25,153.97000122070312,27.559999465942383,86.86000061035156
2020-02-27,297.510009765625,151.8800048828125,154.0,39.15999984741211,85.69000244140625
2020-02-28,296.260009765625,155.30999755859375,148.3800048828125,40.11000061035156,86.04000091552734
2020-03-02,309.0899963378906,153.94000244140625,149.1999969482422,33.41999816894531,86.30999755859375
2020-03-03,300.239990234375,156.3300018310547,153.88999938964844,36.81999969482422,85.94000244140625
2020-03-04,312.8599853515625,154.6699981689453,154.16000366210938,31.989999771118164,87.12000274658203
2020-03-05,302.4599914550781,158.52000427246094,157.49000549316406,39.619998931884766,86.0199966430664
2020-03-06,297.4599914550781,166.77000427246094,157.5500030517578,41.939998626708984,85.05000305175781
2020-03-09,274.2300109863281,171.2899932861328,157.80999755859375,54.459999084472656,81.38999938964844
2020-03-10,288.4200134277344,162.50999450683594,154.47999572753906,47.29999923706055,82.63999938964844
2020-03-11,274.3599853515625,156.52999877929688,153.92999267578125,53.900001525878906,80.83999633789062
2020-03-12,248.11000061035156,157.5,147.7899932861328,75.47000122070312,77.61000061035156
2020-03-13,269.32000732421875,153.94000244140625,143.27999877929688,57.83000183105469,80.05000305175781
2020-03-16,239.85000610351562,163.91000366210938,141.63999938964844,82.69000244140625,75.6500015258789
2020-03-17,252.8000030517578,152.97999572753906,143.55999755859375,75.91000366210938,76.36000061035156
2020-03-18,240.0,144.35000610351562,140.6999969482422,76.44999694824219,72.98999786376953
2020-03-19,240.50999450683594,148.27999877929688,138.0399932861328,72.0,71.3499984741211
2020-03-20,228.8000030517578,159.42999267578125,140.11000061035156,66.04000091552734,69.75
2020-03-23,222.9499969482422,166.0,146.3000030517578,61.59000015258789,68.62999725341797
2020-03-24,243.14999389648438,162.91000366210938,153.39999389648438,61.66999816894531,71.45999908447266
2020-03-25,246.7899932861328,162.5399932861328,151.3000030517578,63.95000076293945,73.47000122070312
2020-03-26,261.20001220703125,163.33999633789062,153.24000549316406,61.0,76.83000183105469
2020-03-27,253.4199981689453,167.6999969482422,152.25,65.54000091552734,77.02999877929688
2020-03-30,261.6499938964844,166.32000732421875,152.9199981689453,57.08000183105469,77.69000244140625
2020-03-31,257.75,164.97000122070312,148.0500030517578,53.540000915527344,77.06999969482422
2020-04-01,246.14999389648438,167.0399932861328,149.4499969482422,57.060001373291016,74.58000183105469
2020-04-02,251.8300018310547,168.10000610351562,151.89999389648438,50.90999984741211,75.16000366210938
2020-04-03,248.19000244140625,168.5,152.64999389648438,46.79999923706055,73.55000305175781
2020-04-06,264.8599853515625,168.05999755859375,156.8800048828125,45.2400016784668,75.33999633789062
2020-04-07,265.1300048828125,166.3000030517578,156.0399932861328,46.70000076293945,75.33999633789062
2020-04-08,274.0299987792969,165.08999633789062,154.64999389648438,43.349998474121094,77.30000305175781
2020-04-09,278.20001220703125,165.38999938964844,158.69000244140625,41.66999816894531,82.36000061035156
2020-04-13,275.6600036621094,163.8800048828125,161.41000366210938,41.16999816894531,81.18000030517578
2020-04-14,283.7900085449219,163.83999633789062,162.67999267578125,37.7599983215332,81.5199966430664
2020-04-15,277.760009765625,168.17999267578125,161.85000610351562,40.84000015258789,80.76000213623047
2020-04-16,279.1000061035156,170.08999633789062,161.7100067138672,40.11000061035156,80.68000030517578
2020-04-17,286.6400146484375,167.80999755859375,158.57000732421875,38.150001525878906,81.08999633789062
2020-04-20,281.5899963378906,169.16000366210938,159.6999969482422,43.83000183105469,79.87000274658203
2020-04-21,273.0400085449219,171.2899932861328,158.61000061035156,45.40999984741211,78.41000366210938
2020-04-22,279.1000061035156,169.5399932861328,161.72999572753906,41.97999954223633,79.0999984741211
2020-04-23,279.0799865722656,170.44000244140625,163.33999633789062,41.380001068115234,79.05999755859375
2020-04-24,282.9700012207031,170.83999633789062,162.63999938964844,35.93000030517578,78.31999969482422
2020-04-27,287.04998779296875,167.66000366210938,161.55999755859375,33.290000915527344,78.63999938964844
2020-04-28,285.7300109863281,169.58999633789062,160.83999633789062,33.56999969482422,78.87999725341797
2020-04-29,293.2099914550781,168.7100067138672,161.72999572753906,31.229999542236328,80.2699966430664
2020-04-30,290.4800109863281,166.74000549316406,158.8000030517578,34.150001525878906,80.43000030517578
2020-05-01,282.7900085449219,167.9499969482422,159.77999877929688,37.189998626708984,78.68000030517578
2020-05-04,283.57000732421875,167.16000366210938,160.33999633789062,35.970001220703125,78.56999969482422
2020-05-05,286.19000244140625,166.08999633789062,161.02000427246094,33.61000061035156,79.25
2020-05-06,284.25,163.41000366210938,158.9499969482422,34.119998931884766,78.80000305175781
2020-05-07,287.67999267578125,166.13999938964844,161.38999938964844,31.440000534057617,79.0
2020-05-08,292.44000244140625,163.97999572753906,160.4199981689453,27.979999542236328,79.75
2020-05-11,292.5,162.6999969482422,159.4199981689453,27.56999969482422,79.38999938964844
2020-05-12,286.6700134277344,164.3699951171875,160.0399932861328,33.040000915527344,79.29000091552734
2020-05-13,281.6000061035156,165.52000427246094,161.5800018310547,35.279998779296875,78.87000274658203
2020-05-14,284.9700012207031,167.13999938964844,163.00999450683594,32.61000061035156,78.5999984741211
2020-05-15,286.2799987792969,166.7100067138672,163.92999267578125,31.889999389648438,78.70999908447266
2020-05-18,295.0,163.0500030517578,162.69000244140625,29.299999237060547,80.0999984741211
2020-05-19,291.9700012207031,163.66000366210938,164.25999450683594,30.530000686645508,80.19999694824219
2020-05-20,296.92999267578125,164.14999389648438,164.64999389648438,27.989999771118164,81.05000305175781
2020-05-21,294.8800048828125,164.55999755859375,162.25,29.530000686645508,81.02999877929688
2020-05-22,295.44000244140625,165.5500030517578,163.2100067138672,28.15999984741211,81.2300033569336
2020-05-26,299.0799865722656,163.3300018310547,160.88999938964844,28.010000228881836,81.83999633789062
2020-05-27,303.5299987792969,163.02999877929688,161.17999267578125,27.6200008392334,82.01000213623047
2020-05-28,302.9700012207031,162.42999267578125,161.72000122070312,28.59000015258789,82.08999633789062
2020-05-29,304.32000732421875,163.58999633789062,162.91000366210938,27.510000228881836,82.41999816894531
2020-06-01,305.54998779296875,162.27999877929688,163.66000366210938,28.229999542236328,82.72000122070312
2020-06-02,308.0799865722656,161.69000244140625,162.60000610351562,26.84000015258789,83.54000091552734
2020-06-03,312.17999267578125,159.5399932861328,159.60000610351562,25.65999984741211,83.93000030517578
2020-06-04,311.3599853515625,157.22999572753906,161.27999877929688,25.809999465942383,83.66999816894531
2020-06-05,319.3399963378906,156.11000061035156,158.00999450683594,24.520000457763672,84.45999908447266
2020-06-08,323.20001220703125,156.7100067138672,159.72000122070312,25.809999465942383,84.55999755859375
2020-06-09,320.7900085449219,158.49000549316406,161.25999450683594,27.56999969482422,83.9000015258789
2020-06-10,319.0,160.83999633789062,163.57000732421875,27.56999969482422,83.77999877929688
2020-06-11,300.6099853515625,163.8800048828125,162.38999938964844,40.790000915527344,81.62999725341797
2020-06-12,304.2099914550781,162.3000030517578,162.6199951171875,36.09000015258789,82.44000244140625
2020-06-15,307.04998779296875,162.38999938964844,162.3300018310547,34.400001525878906,83.23999786376953
2020-06-16,312.9599914550781,159.89999389648438,162.25,33.66999816894531,83.58000183105469
2020-06-17,311.6600036621094,160.55999755859375,162.55999755859375,33.470001220703125,83.19000244140625
2020-06-18,311.7799987792969,162.25999450683594,162.24000549316406,32.939998626708984,83.16000366210938
2020-06-19,308.6400146484375,162.38999938964844,164.02999877929688,35.119998931884766,82.87999725341797
2020-06-22,310.6199951171875,162.41000366210938,165.08999633789062,31.770000457763672,82.81999969482422
2020-06-23,312.04998779296875,161.3000030517578,166.47999572753906,31.3700008392334,82.94000244140625
2020-06-24,304.0899963378906,163.02999877929688,165.89999389648438,33.84000015258789,82.08999633789062
2020-06-25,307.3500061035156,163.5,165.8000030517578,32.220001220703125,82.12000274658203
2020-06-26,300.04998779296875,165.25,166.5399932861328,34.72999954223633,81.33999633789062
2020-06-29,304.4599914550781,164.72999572753906,166.6300048828125,31.780000686645508,80.87999725341797
2020-06-30,308.3599853515625,163.92999267578125,167.3699951171875,30.43000030517578,81.62000274658203
2020-07-01,310.5199890136719,163.4199981689453,166.6199951171875,28.6200008392334,81.52999877929688
2020-07-02,312.2300109863281,163.58999633789062,166.97999572753906,27.68000030517578,82.12999725341797
2020-07-06,317.04998779296875,162.9199981689453,167.97999572753906,27.940000534057617,82.72000122070312
2020-07-07,313.7799987792969,165.2100067138672,169.0399932861328,29.43000030517578,82.16999816894531
2020-07-08,316.17999267578125,164.5500030517578,170.08999633789062,28.079999923706055,82.38999938964844
2020-07-09,314.3800048828125,167.1699981689453,169.6300048828125,29.260000228881836,82.20999908447266
2020-07-10,317.5899963378906,166.3300018310547,169.19000244140625,27.290000915527344,82.48999786376953
2020-07-13,314.8399963378906,166.8800048828125,169.39999389648438,32.189998626708984,82.04000091552734
2020-07-14,318.9200134277344,167.1199951171875,170.19000244140625,29.520000457763672,82.73999786376953
2020-07-15,321.8500061035156,166.33999633789062,170.33999633789062,27.760000228881836,83.20999908447266
2020-07-16,320.7900085449219,167.1300048828125,168.72999572753906,28.0,83.29000091552734
2020-07-17,321.7200012207031,166.77999877929688,170.1199951171875,25.68000030517578,83.5199966430664
2020-07-20,324.32000732421875,167.19000244140625,170.94000244140625,24.459999084472656,84.0199966430664
2020-07-21,325.010009765625,167.2899932861328,173.0,24.84000015258789,84.41000366210938
2020-07-22,326.8599853515625,167.7899932861328,175.6300048828125,24.31999969482422,84.58000183105469
2020-07-23,322.9599914550781,169.75,177.17999267578125,26.079999923706055,84.5199966430664
2020-07-24,320.8800048828125,169.74000549316406,178.6999969482422,25.84000015258789,84.5999984741211
2020-07-27,323.2200012207031,169.11000061035156,182.22999572753906,24.739999771118164,84.80000305175781
2020-07-28,321.1700134277344,170.27999877929688,183.75,25.440000534057617,84.58000183105469
2020-07-29,325.1199951171875,169.99000549316406,185.1300048828125,24.100000381469727,85.05000305175781
2020-07-30,323.9599914550781,171.11000061035156,183.75999450683594,24.760000228881836,85.2300033569336
2020-07-31,326.5199890136719,171.0,185.42999267578125,24.459999084472656,85.38999938964844
2020-08-03,328.7900085449219,169.9499969482422,185.63999938964844,24.280000686645508,85.06999969482422
2020-08-04,330.05999755859375,171.57000732421875,189.58999633789062,23.760000228881836,85.04000091552734
2020-08-05,332.1099853515625,170.07000732421875,191.35000610351562,22.989999771118164,85.19000244140625
2020-08-06,334.3299865722656,171.02000427246094,193.88999938964844,22.649999618530273,85.37999725341797
2020-08-07,334.57000732421875,169.8800048828125,190.80999755859375,22.209999084472656,85.16999816894531
2020-08-10,335.57000732421875,169.1199951171875,190.14999389648438,22.1299991607666,85.20999908447266
2020-08-11,332.79998779296875,167.11000061035156,179.94000244140625,24.030000686645508,84.44000244140625
2020-08-12,337.44000244140625,165.58999633789062,179.10000610351562,22.280000686645508,84.45999908447266
2020-08-13,336.8299865722656,163.82000732421875,183.3300018310547,22.1299991607666,84.2300033569336
2020-08-14,336.8399963378906,163.17999267578125,182.5399932861328,22.049999237060547,84.08000183105469
2020-08-17,337.9100036621094,163.58999633789062,186.5,21.350000381469727,84.58000183105469
2020-08-18,338.6400146484375,164.75999450683594,188.17999267578125,21.510000228881836,84.70999908447266
2020-08-19,337.2300109863281,163.72999572753906,182.24000549316406,22.540000915527344,84.47000122070312
2020-08-20,338.2799987792969,165.2100067138672,183.5,22.719999313354492,84.75
2020-08-21,339.4800109863281,166.1999969482422,182.02999877929688,22.540000915527344,84.73999786376953
2020-08-24,342.9200134277344,165.92999267578125,181.0,22.3700008392334,85.12999725341797
2020-08-25,344.1199951171875,164.66000366210938,181.22000122070312,22.030000686645508,85.22000122070312
2020-08-26,347.57000732421875,164.02999877929688,183.36000061035156,23.270000457763672,85.20999908447266
2020-08-27,348.3299865722656,161.24000549316406,181.24000549316406,24.469999313354492,85.08000183105469
2020-08-28,350.5799865722656,161.1199951171875,184.38999938964844,22.959999084472656,85.1500015258789
2020-08-31,349.30999755859375,162.19000244140625,184.8300018310547,26.40999984741211,85.02999877929688
2020-09-01,352.6000061035156,163.86000061035156,185.0500030517578,26.1200008392334,85.1500015258789
2020-09-02,357.70001220703125,165.4199981689453,182.6199951171875,26.56999969482422,85.25
2020-09-03,345.3900146484375,165.88999938964844,181.13999938964844,33.599998474121094,84.72000122070312
2020-09-04,342.57000732421875,162.74000549316406,181.63999938964844,30.75,84.48999786376953
2020-09-08,333.2099914550781,163.74000549316406,181.2899932861328,31.459999084472656,84.0199966430664
2020-09-09,339.7900085449219,163.3000030517578,183.0500030517578,28.809999465942383,84.68000030517578
2020-09-10,333.8900146484375,164.1300048828125,182.4600067138672,29.709999084472656,84.27999877929688
2020-09-11,334.05999755859375,164.47999572753906,182.4499969482422,26.8700008392334,84.44999694824219
2020-09-14,338.4599914550781,164.47000122070312,183.88999938964844,25.850000381469727,84.36000061035156
2020-09-15,340.1700134277344,164.07000732421875,183.4499969482422,25.59000015258789,84.58999633789062
2020-09-16,338.82000732421875,163.5800018310547,183.97000122070312,26.040000915527344,84.58999633789062
2020-09-17,335.8399963378906,164.0800018310547,182.9600067138672,26.459999084472656,84.5
2020-09-18,330.6499938964844,163.57000732421875,183.1999969482422,25.829999923706055,84.29000091552734
2020-09-21,326.9700012207031,164.39999389648438,179.52000427246094,27.780000686645508,83.61000061035156
2020-09-22,330.29998779296875,164.27000427246094,178.64999389648438,26.860000610351562,83.9000015258789
2020-09-23,322.6400146484375,164.49000549316406,174.7899932861328,28.579999923706055,83.05000305175781
2020-09-24,323.5,165.1199951171875,175.44000244140625,28.510000228881836,83.0999984741211
2020-09-25,328.7300109863281,165.1199951171875,174.94000244140625,26.3799991607666,82.94999694824219
2020-09-28,334.19000244140625,164.64999389648438,176.6999969482422,26.190000534057617,83.48999786376953
2020-09-29,332.3699951171875,164.83999633789062,178.19000244140625,26.270000457763672,83.55999755859375
2020-09-30,334.8900146484375,163.25999450683594,177.1199951171875,26.3700008392334,83.9000015258789
2020-10-01,337.0400085449219,163.36000061035156,178.6999969482422,26.700000762939453,83.83000183105469
2020-10-02,333.8399963378906,162.75,178.5399932861328,27.6299991607666,83.83000183105469
2020-10-05,339.760009765625,159.57000732421875,179.41000366210938,27.959999084472656,84.45999908447266
2020-10-06,334.92999267578125,160.42999267578125,177.3000030517578,29.479999542236328,84.2699966430664
2020-10-07,340.760009765625,159.25999450683594,177.22000122070312,28.059999465942383,84.56999969482422
2020-10-08,343.7799987792969,160.1199951171875,177.85000610351562,26.360000610351562,84.76000213623047
2020-10-09,346.8500061035156,160.08999633789062,181.0800018310547,25.0,84.94999694824219
2020-10-12,352.42999267578125,160.60000610351562,180.55999755859375,25.06999969482422,85.37999725341797
2020-10-13,350.1300048828125,161.75,177.72000122070312,26.06999969482422,85.0
2020-10-14,347.92999267578125,162.1199951171875,178.27000427246094,26.399999618530273,84.79000091552734
2020-10-15,347.5,161.83999633789062,178.9199981689453,26.969999313354492,84.7300033569336
2020-10-16,347.2900085449219,161.38999938964844,178.3000030517578,27.40999984741211,84.62999725341797
2020-10-19,342.010009765625,160.77999877929688,178.38999938964844,29.18000030517578,84.33000183105469
2020-10-20,343.3800048828125,159.25,179.25,29.350000381469727,84.62999725341797
2020-10-21,342.7300109863281,158.6999969482422,180.60000610351562,28.649999618530273,84.62000274658203
2020-10-22,344.6099853515625,157.0500030517578,178.8300018310547,28.110000610351562,84.7699966430664
2020-10-23,345.7799987792969,158.00999450683594,178.63999938964844,27.549999237060547,84.87000274658203
2020-10-26,339.3900146484375,159.47999572753906,178.5500030517578,32.459999084472656,84.12000274658203
2020-10-27,338.2200012207031,160.5500030517578,179.02000427246094,33.349998474121094,84.16000366210938
2020-10-28,326.6600036621094,160.6999969482422,176.1300048828125,40.279998779296875,83.45999908447266
2020-10-29,329.9800109863281,159.13999938964844,175.39999389648438,37.59000015258789,83.69999694824219
2020-10-30,326.5400085449219,157.57000732421875,176.1999969482422,38.02000045776367,83.87999725341797
2020-11-02,330.20001220703125,158.5800018310547,177.91000366210938,37.130001068115234,83.72000122070312
2020-11-03,336.0299987792969,157.66000366210938,178.9199981689453,35.54999923706055,84.44000244140625
2020-11-04,343.5400085449219,161.0800018310547,178.82000732421875,29.56999969482422,85.2300033569336
2020-11-05,350.239990234375,161.36000061035156,182.92999267578125,27.579999923706055,85.52999877929688
2020-11-06,350.1600036621094,159.41000366210938,183.19000244140625,24.860000610351562,85.2300033569336
2020-11-09,354.55999755859375,156.05999755859375,175.0800018310547,25.75,85.87999725341797
2020-11-10,354.0400085449219,155.16000366210938,175.66000366210938,24.799999237060547,85.76000213623047
2020-11-11,356.6700134277344,155.72000122070312,174.89999389648438,23.450000762939453,85.7300033569336
2020-11-12,353.2099914550781,158.3699951171875,175.9600067138672,25.350000381469727,85.1500015258789
2020-11-13,358.1000061035156,158.16000366210938,177.16000366210938,23.100000381469727,85.44000244140625
2020-11-16,362.57000732421875,157.77999877929688,177.14999389648438,22.450000762939453,85.91999816894531
2020-11-17,360.6199951171875,158.80999755859375,176.5,22.709999084472656,85.94999694824219
2020-11-18,356.2799987792969,159.27000427246094,175.49000549316406,23.84000015258789,85.79000091552734
2020-11-19,357.7799987792969,160.08999633789062,175.16000366210938,23.110000610351562,86.08000183105469
2020-11-20,355.3299865722656,161.50999450683594,175.69000244140625,23.700000762939453,85.91999816894531
2020-11-23,357.4599914550781,160.77000427246094,172.22999572753906,22.65999984741211,86.05000305175781
2020-11-24,363.2200012207031,159.1699981689453,169.58999633789062,21.639999389648438,86.30999755859375
2020-11-25,362.6600036621094,158.67999267578125,169.50999450683594,21.25,86.2699966430664
2020-11-27,363.6700134277344,160.22000122070312,167.7899932861328,20.84000015258789,86.41000366210938
2020-11-30,362.05999755859375,160.02000427246094,166.6699981689453,20.56999969482422,86.31999969482422
2020-12-01,366.0199890136719,157.5,170.17999267578125,20.770000457763672,86.19999694824219
2020-12-02,366.7900085449219,156.25,171.4600067138672,21.170000076293945,86.44000244140625
2020-12-03,366.69000244140625,157.50999450683594,172.80999755859375,21.280000686645508,86.48999786376953
2020-12-04,369.8500061035156,155.1999969482422,172.32000732421875,20.790000915527344,86.8499984741211
2020-12-07,369.0899963378906,156.60000610351562,174.88999938964844,21.299999237060547,86.80999755859375
2020-12-08,370.1700134277344,157.33999633789062,175.5,20.68000030517578,86.73999786376953
2020-12-09,366.8500061035156,156.82000732421875,172.5,22.270000457763672,86.61000061035156
2020-12-10,366.7300109863281,158.2100067138672,172.1699981689453,22.520000457763672,86.7699966430664
2020-12-11,366.29998779296875,158.77000427246094,172.49000549316406,23.309999465942383,86.68000030517578
2020-12-14,364.6600036621094,158.3300018310547,171.5399932861328,24.719999313354492,86.69999694824219
2020-12-15,369.5899963378906,157.8000030517578,173.94000244140625,22.889999389648438,86.97000122070312
2020-12-16,370.1700134277344,157.3800048828125,174.89999389648438,22.5,86.83999633789062
2020-12-17,372.239990234375,156.8000030517578,176.74000549316406,21.93000030517578,86.61000061035156
2020-12-18,369.17999267578125,156.3300018310547,176.44000244140625,21.56999969482422,86.68000030517578
2020-12-21,367.8599853515625,156.9499969482422,175.8800048828125,25.15999984741211,86.37000274658203
2020-12-22,367.239990234375,157.75999450683594,174.49000549316406,24.229999542236328,86.4800033569336
2020-12-23,367.57000732421875,156.6699981689453,175.64999389648438,23.309999465942383,86.87000274658203
2020-12-24,369.0,157.2899932861328,176.35000610351562,21.530000686645508,87.05000305175781
2020-12-28,372.1700134277344,157.36000061035156,175.7100067138672,21.700000762939453,87.16000366210938
2020-12-29,371.4599914550781,157.16000366210938,176.35000610351562,23.079999923706055,87.05000305175781
2020-12-30,371.989990234375,157.5,177.6999969482422,22.770000457763672,87.2300033569336
2020-12-31,373.8800048828125,157.72999572753906,178.36000061035156,22.75,87.30000305175781
2021-01-04,368.7900085449219,157.5399932861328,182.3300018310547,26.969999313354492,87.12000274658203
2021-01-05,371.3299865722656,156.3699951171875,182.8699951171875,25.34000015258789,87.1500015258789
2021-01-06,373.54998779296875,153.16000366210938,179.89999389648438,25.06999969482422,86.98999786376953
2021-01-07,379.1000061035156,151.80999755859375,179.47999572753906,22.3700008392334,87.23999786376953
2021-01-08,381.260009765625,151.32000732421875,173.33999633789062,21.559999465942383,87.37000274658203
2021-01-11,378.69000244140625,151.07000732421875,173.0,24.079999923706055,86.9000015258789
2021-01-12,378.7699890136719,150.9499969482422,174.1199951171875,23.329999923706055,87.01000213623047
2021-01-13,379.7900085449219,152.64999389648438,173.3699951171875,22.209999084472656,87.2699966430664
2021-01-14,378.4599914550781,151.22000122070312,173.27999877929688,23.25,87.25
2021-01-15,375.70001220703125,151.82000732421875,171.1300048828125,24.34000015258789,87.11000061035156
2021-01-19,378.6499938964844,152.30999755859375,172.5800018310547,23.239999771118164,87.36000061035156
2021-01-20,383.8900146484375,152.4600067138672,175.38999938964844,21.579999923706055,87.5199966430664
2021-01-21,384.239990234375,151.38999938964844,175.27999877929688,21.31999969482422,87.47000122070312
2021-01-22,382.8800048828125,151.8800048828125,173.89999389648438,21.90999984741211,87.30000305175781
2021-01-25,384.3900146484375,153.6699981689453,174.0500030517578,23.190000534057617,87.31999969482422
2021-01-26,383.7900085449219,153.3800048828125,173.6199951171875,23.020000457763672,87.19000244140625
2021-01-27,374.4100036621094,153.77000427246094,172.52000427246094,37.209999084472656,86.94000244140625
2021-01-28,377.6300048828125,152.9199981689453,172.67999267578125,30.209999084472656,87.19999694824219
2021-01-29,370.07000732421875,152.0,172.61000061035156,33.09000015258789,86.97000122070312
2021-02-01,376.2300109863281,152.0,174.22999572753906,30.239999771118164,86.93000030517578
2021-02-02,381.54998779296875,151.02000427246094,172.11000061035156,25.559999465942383,87.13999938964844
2021-02-03,381.8500061035156,149.67999267578125,171.85000610351562,22.90999984741211,87.20999908447266
2021-02-04,386.19000244140625,149.27999877929688,168.14999389648438,21.770000457763672,87.38999938964844
2021-02-05,387.7099914550781,148.02999877929688,169.80999755859375,20.8700008392334,87.5199966430664
2021-02-08,390.510009765625,148.67999267578125,171.52000427246094,21.239999771118164,87.77999877929688
2021-02-09,390.25,148.7899932861328,172.0800018310547,21.6299991607666,87.62000274658203
2021-02-10,390.0799865722656,149.77999877929688,172.7100067138672,21.989999771118164,87.5999984741211
2021-02-11,390.7099914550781,148.9600067138672,171.2100067138672,21.25,87.63999938964844
2021-02-12,392.6400146484375,147.11000061035156,170.69000244140625,19.969999313354492,87.77999877929688
2021-02-16,392.29998779296875,144.8699951171875,168.24000549316406,21.459999084472656,87.63999938964844
2021-02-17,392.3900146484375,145.7899932861328,166.3300018310547,21.5,87.61000061035156
2021-02-18,390.7200012207031,145.1999969482422,166.32000732421875,22.489999771118164,87.48999786376953
2021-02-19,390.0299987792969,143.27000427246094,167.00999450683594,22.049999237060547,87.5
2021-02-22,387.0299987792969,142.17999267578125,169.50999450683594,23.450000762939453,87.2300033569336
2021-02-23,387.5,141.77000427246094,169.1199951171875,23.110000610351562,87.44000244140625
2021-02-24,391.7699890136719,140.83999633789062,169.0,21.34000015258789,87.52999877929688
2021-02-25,382.3299865722656,138.5399932861328,165.82000732421875,28.889999389648438,86.69999694824219
2021-02-26,380.3599853515625,143.1199951171875,161.80999755859375,27.950000762939453,86.44000244140625
2021-03-01,389.5799865722656,141.05999755859375,161.52999877929688,23.350000381469727,87.0999984741211
2021-03-02,386.5400085449219,141.07000732421875,162.41000366210938,24.100000381469727,86.97000122070312
2021-03-03,381.4200134277344,139.5399932861328,160.6199951171875,26.670000076293945,86.69000244140625
2021-03-04,376.70001220703125,138.63999938964844,159.0399932861328,28.56999969482422,86.36000061035156
2021-03-05,383.6300048828125,138.91000366210938,159.13999938964844,24.65999984741211,86.62000274658203
2021-03-08,381.7200012207031,137.8300018310547,157.49000549316406,25.469999313354492,85.98999786376953
2021-03-09,387.1700134277344,139.74000549316406,160.83999633789062,24.030000686645508,86.11000061035156
2021-03-10,389.5799865722656,140.02000427246094,161.66000366210938,22.559999465942383,86.37999725341797
2021-03-11,393.5299987792969,139.00999450683594,161.52000427246094,21.90999984741211,86.69999694824219
2021-03-12,394.05999755859375,136.05999755859375,161.49000549316406,20.690000534057617,86.45999908447266
2021-03-15,396.4100036621094,136.86000061035156,162.1999969482422,20.030000686645508,86.47000122070312
2021-03-16,395.9100036621094,136.30999755859375,162.35000610351562,19.790000915527344,86.2699966430664
2021-03-17,397.260009765625,135.2899932861328,163.50999450683594,19.229999542236328,86.38999938964844
2021-03-18,391.4800109863281,133.9199981689453,162.55999755859375,21.579999923706055,85.7300033569336
2021-03-19,389.4800109863281,134.75,163.24000549316406,20.950000762939453,86.05999755859375
2021-03-22,392.5899963378906,136.25999450683594,163.0,18.8799991607666,86.37000274658203
2021-03-23,389.5,137.49000549316406,161.80999755859375,20.299999237060547,86.45999908447266
2021-03-24,387.5199890136719,138.22999572753906,162.3699951171875,21.200000762939453,86.51000213623047
2021-03-25,389.70001220703125,137.13999938964844,161.77999877929688,19.809999465942383,86.66000366210938
2021-03-26,395.9800109863281,136.66000366210938,162.24000549316406,18.860000610351562,86.91999816894531
2021-03-29,395.7799987792969,135.5,160.30999755859375,20.739999771118164,86.97000122070312
2021-03-30,394.7300109863281,136.2100067138672,157.57000732421875,19.610000610351562,86.76000213623047
2021-03-31,396.3299865722656,135.4499969482422,159.9600067138672,19.399999618530273,87.18000030517578
2021-04-01,400.6099853515625,137.50999450683594,161.97999572753906,17.329999923706055,87.06999969482422
2021-04-05,406.3599853515625,136.91000366210938,161.9199981689453,17.90999984741211,87.11000061035156
2021-04-06,406.1199951171875,137.83999633789062,163.22000122070312,18.1200008392334,87.26000213623047
2021-04-07,406.5899963378906,136.8800048828125,162.75999450683594,17.15999984741211,87.2300033569336
2021-04-08,408.5199890136719,138.00999450683594,164.50999450683594,16.950000762939453,87.26000213623047
2021-04-09,411.489990234375,137.50999450683594,163.27000427246094,16.690000534057617,87.19999694824219
2021-04-12,411.6400146484375,137.4499969482422,162.27999877929688,16.90999984741211,87.11000061035156
2021-04-13,412.8599853515625,138.47999572753906,163.42999267578125,16.649999618530273,87.16999816894531
2021-04-14,411.45001220703125,138.0399932861328,162.72000122070312,16.989999771118164,87.12999725341797
2021-04-15,415.8699951171875,140.35000610351562,165.35000610351562,16.56999969482422,87.4800033569336
2021-04-16,417.260009765625,139.25999450683594,166.35000610351562,16.25,87.30000305175781
2021-04-19,415.2099914550781,138.86000061035156,165.88999938964844,17.290000915527344,87.16000366210938
2021-04-20,412.1700134277344,139.5,166.47999572753906,18.68000030517578,87.01000213623047
2021-04-21,416.07000732421875,139.77999877929688,168.1300048828125,17.5,87.30000305175781
2021-04-22,412.2699890136719,140.38999938964844,167.0399932861328,18.709999084472656,87.13999938964844
2021-04-23,416.739990234375,140.05999755859375,166.39999389648438,17.329999923706055,87.37000274658203
2021-04-26,417.6099853515625,139.86000061035156,166.83999633789062,17.639999389648438,87.33000183105469
2021-04-27,417.5199890136719,138.63999938964844,166.4199981689453,17.559999465942383,87.20999908447266
2021-04-28,417.3999938964844,138.72999572753906,166.91000366210938,17.280000686645508,87.37999725341797
2021-04-29,420.05999755859375,138.32000732421875,166.22000122070312,17.610000610351562,87.4800033569336
2021-04-30,417.29998779296875,138.63999938964844,165.66000366210938,18.610000610351562,87.44000244140625
2021-05-03,418.20001220703125,138.52000427246094,167.80999755859375,18.309999465942383,87.18000030517578
2021-05-04,415.6199951171875,139.4600067138672,166.5800018310547,19.479999542236328,87.12999725341797
2021-05-05,415.75,139.69000244140625,167.27000427246094,19.149999618530273,87.30000305175781
2021-05-06,419.07000732421875,139.9199981689453,170.05999755859375,18.389999389648438,87.2699966430664
2021-05-07,422.1199951171875,139.22999572753906,171.58999633789062,16.690000534057617,87.33000183105469
2021-05-10,417.94000244140625,137.82000732421875,172.11000061035156,19.65999984741211,87.12999725341797
2021-05-11,414.2099914550781,137.0399932861328,172.13999938964844,21.84000015258789,87.04000091552734
2021-05-12,405.4100036621094,135.60000610351562,170.42999267578125,27.59000015258789,86.62000274658203
2021-05-13,410.2799987792969,135.80999755859375,171.1300048828125,23.1299991607666,86.93000030517578
2021-05-14,416.5799865722656,137.0800018310547,172.69000244140625,18.809999465942383,87.20999908447266
2021-05-17,415.5199890136719,136.7899932861328,174.6999969482422,19.719999313354492,87.05000305175781
2021-05-18,411.94000244140625,136.44000244140625,175.0399932861328,21.34000015258789,86.83999633789062
2021-05-19,410.8599853515625,136.11000061035156,175.16000366210938,22.18000030517578,86.61000061035156
2021-05-20,415.2799987792969,137.22999572753906,175.9600067138672,20.670000076293945,86.9800033569336
2021-05-21,414.94000244140625,137.6699981689453,176.0399932861328,20.149999618530273,87.11000061035156
2021-05-24,419.1700134277344,138.17999267578125,176.35000610351562,18.399999618530273,87.20999908447266
2021-05-25,418.239990234375,139.4600067138672,177.9499969482422,18.84000015258789,87.22000122070312
2021-05-26,419.07000732421875,139.22000122070312,177.63999938964844,17.360000610351562,87.25
2021-05-27,419.2900085449219,138.66000366210938,177.7100067138672,16.739999771118164,87.20999908447266
2021-05-28,420.0400085449219,138.44000244140625,178.3800048828125,16.760000228881836,87.18000030517578
2021-06-01,419.6700134277344,138.2100067138672,177.89999389648438,17.899999618530273,87.1500015258789
2021-06-02,420.3299865722656,138.52999877929688,178.77000427246094,17.479999542236328,87.26000213623047
2021-06-03,418.7699890136719,138.00999450683594,175.27000427246094,18.040000915527344,87.08000183105469
2021-06-04,422.6000061035156,139.89999389648438,177.16000366210938,16.420000076293945,87.2699966430664
2021-06-07,422.19000244140625,139.47000122070312,177.8699951171875,16.420000076293945,87.30000305175781
2021-06-08,422.2799987792969,140.4499969482422,177.32000732421875,17.06999969482422,87.36000061035156
2021-06-09,421.6499938964844,141.69000244140625,176.97999572753906,17.889999389648438,87.43000030517578
2021-06-10,423.6099853515625,142.5399932861328,177.74000549316406,16.100000381469727,87.58999633789062
2021-06-11,424.30999755859375,142.30999755859375,175.74000549316406,15.649999618530273,87.62000274658203
2021-06-14,425.260009765625,141.22000122070312,174.7100067138672,16.389999389648438,87.54000091552734
2021-06-15,424.4800109863281,141.0500030517578,174.0500030517578,17.020000457763672,87.52999877929688
2021-06-16,422.1099853515625,140.92999267578125,171.11000061035156,18.149999618530273,87.41000366210938
2021-06-17,421.9700012207031,143.0399932861328,165.85000610351562,17.75,87.47000122070312
2021-06-18,414.9200134277344,145.72999572753906,164.92999267578125,20.700000762939453,87.43000030517578
2021-06-21,420.8599853515625,143.2899932861328,166.9499969482422,17.889999389648438,87.5999984741211
2021-06-22,423.1099853515625,143.63999938964844,166.25,16.65999984741211,87.66000366210938
2021-06-23,422.6000061035156,143.27000427246094,166.13999938964844,16.31999969482422,87.56999969482422
2021-06-24,425.1000061035156,143.5,166.0399932861328,15.970000267028809,87.83999633789062
2021-06-25,426.6099853515625,142.00999450683594,166.58999633789062,15.619999885559082,87.93000030517578
2021-06-28,427.4700012207031,143.47000122070312,166.5800018310547,15.760000228881836,87.91999816894531
2021-06-29,427.70001220703125,143.7100067138672,164.8300018310547,16.020000457763672,88.02999877929688
2021-06-30,428.05999755859375,144.35000610351562,165.6300048828125,15.829999923706055,88.04000091552734
2021-07-01,430.42999267578125,144.1699981689453,166.1999969482422,15.479999542236328,87.91999816894531
2021-07-02,433.7200012207031,145.0399932861328,167.2899932861328,15.069999694824219,88.05999755859375
2021-07-06,432.92999267578125,146.74000549316406,168.1199951171875,16.440000534057617,88.01000213623047
2021-07-07,434.4599914550781,148.0399932861328,168.75999450683594,16.200000762939453,88.04000091552734
2021-07-08,430.9200134277344,148.6199951171875,168.64999389648438,19.0,87.8499984741211
2021-07-09,435.5199890136719,146.52999877929688,169.2100067138672,16.18000030517578,88.0
2021-07-12,437.0799865722656,146.33999633789062,169.0,16.170000076293945,87.97000122070312
2021-07-13,435.5899963378906,145.22000122070312,169.22000122070312,17.1200008392334,87.70999908447266
2021-07-14,436.239990234375,146.8699951171875,171.0399932861328,16.329999923706055,87.8499984741211
2021-07-15,434.75,148.49000549316406,171.07000732421875,17.010000228881836,87.79000091552734
2021-07-16,431.3399963378906,148.2100067138672,169.41000366210938,18.450000762939453,87.66999816894531
2021-07-19,424.9700012207031,151.4600067138672,169.61000061035156,22.5,87.08000183105469
2021-07-20,431.05999755859375,150.0,169.38999938964844,19.729999542236328,87.5199966430664
2021-07-21,434.54998779296875,148.10000610351562,168.75999450683594,17.90999984741211,87.7300033569336
2021-07-22,435.4599914550781,149.5,169.08999633789062,17.690000534057617,87.77999877929688
2021-07-23,439.94000244140625,148.5,168.55999755859375,17.200000762939453,87.94999694824219
2021-07-26,441.0199890136719,148.05999755859375,168.16000366210938,17.579999923706055,87.81999969482422
2021-07-27,439.010009765625,149.63999938964844,168.44000244140625,19.360000610351562,87.69999694824219
2021-07-28,438.8299865722656,149.64999389648438,169.2899932861328,18.309999465942383,87.7699966430664
2021-07-29,440.6499938964844,148.82000732421875,171.1699981689453,17.700000762939453,87.95999908447266
2021-07-30,438.510009765625,149.52000427246094,169.82000732421875,18.239999771118164,87.83999633789062
2021-08-02,437.5899963378906,150.6699981689453,169.61000061035156,19.459999084472656,87.33999633789062
2021-08-03,441.1499938964844,150.75,169.49000549316406,18.040000915527344,87.44000244140625
2021-08-04,438.9800109863281,151.05999755859375,169.52999877929688,17.969999313354492,87.27999877929688
2021-08-05,441.760009765625,150.2899932861328,168.86000061035156,17.280000686645508,87.4800033569336
2021-08-06,442.489990234375,147.77999877929688,164.63999938964844,16.149999618530273,87.37999725341797
2021-08-09,442.1300048828125,147.25,161.72000122070312,16.719999313354492,87.18000030517578
2021-08-10,442.67999267578125,146.57000732421875,161.77000427246094,16.790000915527344,86.9800033569336
2021-08-11,443.7799987792969,146.47999572753906,164.0,16.170000076293945,87.12000274658203
2021-08-12,445.1099853515625,146.24000549316406,164.0399932861328,15.59000015258789,87.2699966430664
2021-08-13,445.9200134277344,148.5500030517578,166.38999938964844,15.449999809265137,87.45999908447266
2021-08-16,446.9700012207031,148.91000366210938,167.22000122070312,16.1200008392334,87.48999786376953
2021-08-17,444.0400085449219,148.85000610351562,166.97000122070312,17.90999984741211,87.29000091552734
2021-08-18,439.17999267578125,149.35000610351562,167.10000610351562,21.56999969482422,87.08999633789062
2021-08-19,439.8599853515625,150.4499969482422,166.61000061035156,21.670000076293945,87.08000183105469
2021-08-20,443.3599853515625,150.5500030517578,166.6999969482422,18.559999465942383,87.29000091552734
2021-08-23,447.260009765625,150.4499969482422,168.72999572753906,17.149999618530273,87.55999755859375
2021-08-24,447.9700012207031,149.27999877929688,168.64999389648438,17.219999313354492,87.68000030517578
2021-08-25,448.9100036621094,148.0399932861328,167.47999572753906,16.790000915527344,87.7699966430664
2021-08-26,446.260009765625,148.4499969482422,167.6699981689453,18.84000015258789,87.72000122070312
2021-08-27,450.25,149.4600067138672,170.19000244140625,16.389999389648438,87.95999908447266
2021-08-30,452.2300109863281,149.85000610351562,169.35000610351562,16.190000534057617,88.06999969482422
2021-08-31,451.55999755859375,148.8300018310547,169.69000244140625,16.479999542236328,88.08999633789062
2021-09-01,451.79998779296875,148.88999938964844,169.6999969482422,16.110000610351562,87.88999938964844
2021-09-02,453.19000244140625,149.5399932861328,169.25,16.40999984741211,88.0
2021-09-03,453.0799865722656,148.17999267578125,171.05999755859375,16.40999984741211,88.01000213623047
2021-09-07,451.4599914550781,146.92999267578125,167.7100067138672,18.139999389648438,87.77999877929688
2021-09-08,450.9100036621094,147.92999267578125,167.2899932861328,17.959999084472656,87.87999725341797
2021-09-09,448.9800109863281,149.72000122070312,168.02999877929688,18.799999237060547,87.95999908447266
2021-09-10,445.44000244140625,148.39999389648438,167.17999267578125,20.950000762939453,87.83000183105469
2021-09-13,446.5799865722656,149.3000030517578,167.74000549316406,19.3700008392334,88.05000305175781
2021-09-14,444.1700134277344,151.11000061035156,168.82000732421875,19.459999084472656,88.01000213623047
2021-09-15,447.8800048828125,150.5800018310547,167.8300018310547,18.18000030517578,88.13999938964844
2021-09-16,447.1700134277344,149.88999938964844,164.02999877929688,18.690000534057617,88.11000061035156
2021-09-17,441.3999938964844,149.1699981689453,163.77000427246094,20.809999465942383,88.0
2021-09-20,434.0400085449219,151.02000427246094,164.94000244140625,25.709999084472656,87.69000244140625
2021-09-21,433.6300048828125,150.88999938964844,166.0399932861328,24.360000610351562,87.83999633789062
2021-09-22,437.8599853515625,151.7899932861328,165.4199981689453,20.8700008392334,88.0
2021-09-23,443.17999267578125,148.36000061035156,163.50999450683594,18.6299991607666,88.04000091552734
2021-09-24,443.9100036621094,146.91000366210938,163.3000030517578,17.75,87.91000366210938
2021-09-27,442.6400146484375,146.3699951171875,163.63999938964844,18.760000228881836,87.83000183105469
2021-09-28,433.7200012207031,144.08999633789062,162.0500030517578,23.25,87.43000030517578
2021-09-29,434.45001220703125,144.33999633789062,161.32000732421875,22.559999465942383,87.58999633789062
2021-09-30,429.1400146484375,144.32000732421875,164.22000122070312,23.139999389648438,87.48999786376953
2021-10-01,434.239990234375,145.35000610351562,164.58999633789062,21.100000381469727,87.41000366210938
2021-10-04,428.6400146484375,144.97999572753906,165.36000061035156,22.959999084472656,87.0999984741211
2021-10-05,433.1000061035156,143.5800018310547,164.58999633789062,21.299999237060547,87.05999755859375
2021-10-06,434.8999938964844,144.38999938964844,165.02999877929688,21.0,87.01000213623047
2021-10-07,438.6600036621094,142.8800048828125,164.16000366210938,19.540000915527344,87.0199966430664
2021-10-08,437.8599853515625,141.8800048828125,164.22999572753906,18.770000457763672,86.76000213623047
2021-10-11,434.69000244140625,141.52000427246094,163.9199981689453,20.0,86.48999786376953
2021-10-12,433.6199951171875,143.94000244140625,164.66000366210938,19.850000381469727,86.6500015258789
2021-10-13,435.17999267578125,145.33999633789062,167.58999633789062,18.639999389648438,86.87999725341797
2021-10-14,442.5,145.8800048828125,168.0,16.860000610351562,87.37000274658203
2021-10-15,445.8699951171875,145.02999877929688,165.3300018310547,16.299999237060547,87.22000122070312
2021-10-18,447.19000244140625,145.7100067138672,164.9199981689453,16.309999465942383,87.18000030517578
2021-10-19,450.6400146484375,143.6999969482422,165.4499969482422,15.699999809265137,87.23999786376953
2021-10-20,452.4100036621094,142.72999572753906,166.89999389648438,15.489999771118164,87.2699966430664
2021-10-21,453.5899963378906,142.55999755859375,166.75,15.010000228881836,87.05000305175781
2021-10-22,453.1199951171875,144.1300048828125,167.77000427246094,15.430000305175781,86.83999633789062
2021-10-25,455.54998779296875,143.91000366210938,168.92999267578125,15.239999771118164,86.98999786376953
2021-10-26,455.9599914550781,145.10000610351562,167.67999267578125,15.979999542236328,87.01000213623047
2021-10-27,453.94000244140625,147.74000549316406,168.1199951171875,16.979999542236328,86.94000244140625
2021-10-28,458.32000732421875,147.24000549316406,168.0800018310547,16.530000686645508,87.16000366210938
2021-10-29,459.25,147.69000244140625,166.64999389648438,16.260000228881836,86.93000030517578
2021-11-01,460.0400085449219,146.44000244140625,167.52000427246094,16.40999984741211,86.55999755859375
2021-11-02,461.8999938964844,147.08999633789062,167.16000366210938,16.030000686645508,86.7699966430664
2021-11-03,464.7200012207031,145.57000732421875,165.77000427246094,15.100000381469727,86.94000244140625
2021-11-04,466.9100036621094,147.10000610351562,167.64999389648438,15.4399995803833,87.16999816894531
2021-11-05,468.5299987792969,149.3000030517578,169.83999633789062,16.479999542236328,87.5
2021-11-08,468.92999267578125,149.02000427246094,170.4499969482422,17.219999313354492,87.38999938964844
2021-11-09,467.3800048828125,150.9600067138672,171.2899932861328,17.780000686645508,87.45999908447266
2021-11-10,463.6199951171875,148.1999969482422,173.14999389648438,18.729999542236328,86.97000122070312
2021-11-11,463.7699890136719,147.97999572753906,174.1199951171875,17.65999984741211,86.81999969482422
2021-11-12,467.2699890136719,147.3300018310547,174.4499969482422,16.290000915527344,86.8499984741211
2021-11-15,467.42999267578125,145.47999572753906,174.17999267578125,16.489999771118164,86.75
2021-11-16,469.2799987792969,145.11000061035156,172.9199981689453,16.3700008392334,86.79000091552734
2021-11-17,468.1400146484375,146.25999450683594,174.5,17.110000610351562,86.69999694824219
2021-11-18,469.7300109863281,146.80999755859375,173.94000244140625,17.59000015258789,86.62999725341797
2021-11-19,468.8900146484375,148.36000061035156,172.61000061035156,17.90999984741211,86.55999755859375
2021-11-22,467.57000732421875,146.6199951171875,168.74000549316406,19.170000076293945,86.2300033569336
2021-11-23,468.19000244140625,144.5,167.27999877929688,19.3799991607666,86.11000061035156
2021-11-24,469.44000244140625,146.82000732421875,167.1199951171875,18.579999923706055,86.08999633789062
2021-11-26,458.9700012207031,150.52999877929688,166.85000610351562,28.6200008392334,85.47000122070312
2021-11-29,464.6000061035156,149.32000732421875,166.6199951171875,22.959999084472656,86.0
2021-11-30,455.55999755859375,151.58999633789062,165.5,27.190000534057617,85.63999938964844
2021-12-01,450.5,152.33999633789062,166.16000366210938,31.1200008392334,85.37000274658203
2021-12-02,457.3999938964844,152.52999877929688,165.24000549316406,27.950000762939453,86.0
2021-12-03,453.4200134277344,154.35000610351562,166.6300048828125,30.670000076293945,86.0
2021-12-06,458.7900085449219,152.22999572753906,166.22000122070312,27.18000030517578,86.37999725341797
2021-12-07,468.2799987792969,151.0,166.80999755859375,21.889999389648438,86.83999633789062
2021-12-08,469.5199890136719,148.38999938964844,166.89999389648438,19.899999618530273,86.81999969482422
2021-12-09,466.3500061035156,149.22000122070312,165.8800048828125,21.579999923706055,86.43000030517578
2021-12-10,470.739990234375,148.86000061035156,166.5800018310547,18.690000534057617,86.62999725341797
2021-12-13,466.57000732421875,151.05999755859375,167.0,20.309999465942383,86.62999725341797
2021-12-14,463.3599853515625,150.6999969482422,165.44000244140625,21.889999389648438,86.4800033569336
2021-12-15,470.6000061035156,149.25,166.14999389648438,19.290000915527344,86.80999755859375
2021-12-16,466.45001220703125,149.13999938964844,168.16000366210938,20.56999969482422,86.44999694824219
2021-12-17,459.8699951171875,150.8300018310547,167.8000030517578,21.56999969482422,86.37000274658203
2021-12-20,454.9800109863281,149.6999969482422,167.08999633789062,22.8700008392334,86.22000122070312
2021-12-21,463.05999755859375,149.1300048828125,167.02000427246094,21.010000228881836,86.68000030517578
2021-12-22,467.69000244140625,149.82000732421875,168.58999633789062,18.6299991607666,86.91000366210938
2021-12-23,470.6000061035156,148.52000427246094,168.97000122070312,17.959999084472656,87.16000366210938
2021-12-27,477.260009765625,148.8800048828125,169.3699951171875,17.68000030517578,87.25
2021-12-28,476.8699951171875,148.2899932861328,168.63999938964844,17.540000915527344,87.20999908447266
2021-12-29,477.4800109863281,146.6699981689453,168.58999633789062,16.950000762939453,87.06999969482422
2021-12-30,476.1600036621094,147.89999389648438,169.8000030517578,17.329999923706055,87.02999877929688
2021-12-31,474.9599914550781,148.19000244140625,170.9600067138672,17.219999313354492,87.01000213623047
2022-01-03,477.7099914550781,144.3000030517578,168.3300018310547,16.600000381469727,86.97000122070312
2022-01-04,477.54998779296875,143.6999969482422,169.57000732421875,16.90999984741211,86.75
2022-01-05,468.3800048828125,142.9199981689453,169.05999755859375,19.729999542236328,86.08000183105469
2022-01-06,467.94000244140625,143.2899932861328,166.99000549316406,19.610000610351562,86.08999633789062
2022-01-07,466.0899963378906,142.25999450683594,167.75,18.760000228881836,85.87000274658203
2022-01-10,465.510009765625,142.61000061035156,168.25999450683594,19.399999618530273,85.94000244140625
2022-01-11,469.75,143.55999755859375,170.2899932861328,18.40999984741211,86.33999633789062
2022-01-12,471.0199890136719,143.00999450683594,170.74000549316406,17.6200008392334,86.4800033569336
2022-01-13,464.5299987792969,144.27999877929688,170.16000366210938,20.309999465942383,86.16999816894531
2022-01-14,464.7200012207031,142.10000610351562,169.6699981689453,19.190000534057617,86.08999633789062
2022-01-18,456.489990234375,140.10000610351562,169.38999938964844,22.790000915527344,85.66999816894531
2022-01-19,451.75,141.07000732421875,172.0800018310547,23.850000381469727,85.58999633789062
2022-01-20,446.75,141.94000244140625,171.64999389648438,25.59000015258789,85.43000030517578
2022-01-21,437.9800109863281,143.6300048828125,171.08999633789062,28.850000381469727,85.44000244140625
2022-01-24,439.8399963378906,142.4499969482422,172.02999877929688,29.899999618530273,85.3499984741211
2022-01-25,434.4700012207031,142.22000122070312,172.5800018310547,31.15999984741211,85.0999984741211
2022-01-26,433.3800048828125,140.5,169.7899932861328,31.959999084472656,84.80999755859375
2022-01-27,431.239990234375,143.0800018310547,167.60000610351562,30.489999771118164,84.44000244140625
2022-01-28,441.95001220703125,143.1300048828125,167.10000610351562,27.65999984741211,84.68000030517578
2022-01-31,449.9100036621094,142.38999938964844,168.08999633789062,24.829999923706055,84.69999694824219
2022-02-01,452.95001220703125,141.72000122070312,168.22999572753906,21.959999084472656,84.7300033569336
2022-02-02,457.3500061035156,142.1999969482422,168.83999633789062,22.09000015258789,84.86000061035156
2022-02-03,446.6000061035156,141.08999633789062,168.60000610351562,24.350000381469727,84.0999984741211
2022-02-04,448.70001220703125,139.00999450683594,168.86000061035156,23.219999313354492,83.7699966430664
2022-02-07,447.260009765625,139.10000610351562,170.11000061035156,22.860000610351562,83.70999908447266
2022-02-08,450.94000244140625,138.1699981689453,170.6300048828125,21.440000534057617,83.62000274658203
2022-02-09,457.5400085449219,138.42999267578125,171.2100067138672,19.959999084472656,84.05999755859375
2022-02-10,449.32000732421875,136.22999572753906,170.55999755859375,23.90999984741211,82.94999694824219
2022-02-11,440.4599914550781,138.25,173.80999755859375,27.360000610351562,82.66000366210938
2022-02-14,439.0199890136719,136.52999877929688,174.74000549316406,28.329999923706055,82.5199966430664
2022-02-15,446.1000061035156,134.97999572753906,173.0800018310547,25.700000762939453,82.66000366210938
2022-02-16,446.6000061035156,135.77999877929688,174.86000061035156,24.290000915527344,83.12000274658203
2022-02-17,437.05999755859375,136.7899932861328,177.25,28.110000610351562,82.7699966430664
2022-02-18,434.2300109863281,138.22999572753906,177.1199951171875,27.75,82.88999938964844
2022-02-22,429.57000732421875,138.58999633789062,177.49000549316406,28.809999465942383,82.69999694824219
2022-02-23,421.95001220703125,136.67999267578125,178.2899932861328,31.020000457763672,82.55000305175781
2022-02-24,428.29998779296875,136.77000427246094,177.13999938964844,30.31999969482422,83.13999938964844
2022-02-25,437.75,136.8699951171875,176.5500030517578,27.59000015258789,83.61000061035156
2022-02-28,436.6300048828125,139.8699951171875,178.3800048828125,30.149999618530273,83.66999816894531
2022-03-01,429.9800109863281,141.3000030517578,181.6199951171875,33.31999969482422,83.12999725341797
2022-03-02,437.8900146484375,136.47000122070312,179.72999572753906,30.739999771118164,83.33000183105469
2022-03-03,435.7099914550781,137.86000061035156,180.8000030517578,30.479999542236328,83.08000183105469
2022-03-04,432.1700134277344,140.24000549316406,183.67999267578125,31.979999542236328,82.54000091552734
2022-03-07,419.42999267578125,139.1699981689453,186.41000366210938,36.45000076293945,81.81999969482422
2022-03-08,416.25,137.77000427246094,191.50999450683594,35.130001068115234,81.52999877929688
2022-03-09,427.4100036621094,136.4199981689453,185.82000732421875,32.45000076293945,82.20999908447266
2022-03-10,425.4800109863281,134.4600067138672,186.39999389648438,30.229999542236328,81.5199966430664
2022-03-11,420.07000732421875,134.91000366210938,185.08999633789062,30.75,80.93000030517578
2022-03-14,417.0,131.75999450683594,182.3000030517578,31.770000457763672,79.97000122070312
2022-03-15,426.1700134277344,131.52999877929688,178.88999938964844,29.829999923706055,80.56999969482422
2022-03-16,435.6199951171875,132.82000732421875,180.00999450683594,26.670000076293945,81.69999694824219
2022-03-17,441.07000732421875,131.8300018310547,180.88999938964844,25.670000076293945,82.26000213623047
2022-03-18,444.5199890136719,133.44000244140625,179.3000030517578,23.8700008392334,82.52999877929688
2022-03-21,444.3900146484375,130.35000610351562,180.6699981689453,23.530000686645508,81.58000183105469
2022-03-22,449.5899963378906,128.67999267578125,179.36000061035156,22.940000534057617,82.0
2022-03-23,443.79998779296875,131.5,181.80999755859375,23.56999969482422,81.73999786376953
2022-03-24,450.489990234375,130.47000122070312,183.1300048828125,21.670000076293945,81.91000366210938
2022-03-25,452.69000244140625,128.66000366210938,182.3800048828125,20.809999465942383,81.31999969482422
2022-03-28,455.9100036621094,129.75999450683594,179.05999755859375,19.6299991607666,81.83000183105469
2022-03-29,461.54998779296875,130.74000549316406,179.13999938964844,18.899999618530273,82.83999633789062
2022-03-30,458.70001220703125,131.75999450683594,180.5800018310547,19.329999923706055,82.58999633789062
2022-03-31,451.6400146484375,132.0800018310547,180.64999389648438,20.559999465942383,82.29000091552734
2022-04-01,452.9200134277344,132.3800048828125,179.5,19.6299991607666,81.94999694824219
2022-04-04,456.79998779296875,131.4600067138672,180.3699951171875,18.56999969482422,82.56999969482422
2022-04-05,451.0299987792969,128.49000549316406,179.24000549316406,21.030000686645508,81.5
2022-04-06,446.5199890136719,127.44999694824219,179.66000366210938,22.100000381469727,80.86000061035156
2022-04-07,448.7699890136719,126.48999786376953,180.33999633789062,21.549999237060547,80.7300033569336
2022-04-08,447.57000732421875,125.12000274658203,181.47000122070312,21.15999984741211,80.23999786376953
2022-04-11,439.9200134277344,123.13999938964844,182.3699951171875,24.3700008392334,79.69000244140625
2022-04-12,438.2900085449219,122.97000122070312,183.77000427246094,24.260000228881836,80.30000305175781
2022-04-13,443.30999755859375,123.22000122070312,184.64999389648438,21.81999969482422,80.77999877929688
2022-04-14,437.7900085449219,120.75,184.0399932861328,22.700000762939453,80.23999786376953
2022-04-18,437.9700012207031,120.1500015258789,184.61000061035156,22.170000076293945,80.11000061035156
2022-04-19,445.0400085449219,119.25,181.82000732421875,21.3700008392334,80.04000091552734
2022-04-20,444.7099914550781,121.6500015258789,182.7100067138672,20.31999969482422,80.29000091552734
2022-04-21,438.05999755859375,120.75,182.05999755859375,22.68000030517578,79.73999786376953
2022-04-22,426.0400085449219,119.98999786376953,180.2899932861328,28.209999084472656,79.26000213623047
2022-04-25,428.510009765625,121.19000244140625,177.0500030517578,27.020000457763672,79.93000030517578
2022-04-26,416.1000061035156,122.41000366210938,177.32000732421875,33.52000045776367,79.45999908447266
2022-04-27,417.2699890136719,120.83999633789062,175.97999572753906,31.600000381469727,79.06999969482422
2022-04-28,427.80999755859375,121.0199966430664,176.92999267578125,29.989999771118164,79.51000213623047
2022-04-29,412.0,119.44999694824219,176.91000366210938,33.400001525878906,78.52999877929688
2022-05-02,414.4800109863281,117.18000030517578,173.6300048828125,32.34000015258789,78.2300033569336
2022-05-03,416.3800048828125,117.97000122070312,174.08999633789062,29.25,78.63999938964844
2022-05-04,429.05999755859375,118.62000274658203,175.8000030517578,25.420000076293945,79.44000244140625
2022-05-05,413.80999755859375,115.37000274658203,175.1300048828125,31.200000762939453,78.02999877929688
2022-05-06,411.3399963378906,113.66999816894531,175.4199981689453,30.190000534057617,77.58999633789062
2022-05-09,398.1700134277344,114.66999816894531,172.8800048828125,34.75,76.7699966430664
2022-05-10,399.0899963378906,115.70999908447266,171.4199981689453,32.9900016784668,77.20999908447266
2022-05-11,392.75,117.94000244140625,172.82000732421875,32.560001373291016,76.75
2022-05-12,392.3399963378906,117.72000122070312,170.1699981689453,31.770000457763672,76.72000122070312
2022-05-13,401.7200012207031,115.9800033569336,168.7899932861328,28.8700008392334,76.80999755859375
2022-05-16,400.0899963378906,115.86000061035156,170.39999389648438,27.469999313354492,76.69999694824219
2022-05-17,408.32000732421875,114.45999908447266,169.3300018310547,26.100000381469727,76.62999725341797
2022-05-18,391.8599853515625,116.9000015258789,169.4199981689453,30.959999084472656,76.0
2022-05-19,389.4599914550781,117.18000030517578,171.91000366210938,29.350000381469727,76.51000213623047
2022-05-20,389.6300048828125,118.51000213623047,172.02999877929688,29.43000030517578,76.45999908447266
2022-05-23,396.9200134277344,116.55999755859375,172.8300018310547,28.479999542236328,76.76000213623047
2022-05-24,393.8900146484375,118.86000061035156,174.1300048828125,29.450000762939453,77.22000122070312
2022-05-25,397.3699951171875,119.33000183105469,173.0800018310547,28.3700008392334,78.38999938964844
2022-05-26,405.30999755859375,118.79000091552734,172.75999450683594,27.5,79.4800033569336
2022-05-27,415.260009765625,119.08000183105469,172.85000610351562,25.719999313354492,80.19000244140625
2022-05-31,412.92999267578125,116.55999755859375,171.13999938964844,26.190000534057617,79.5
2022-06-01,409.5899963378906,116.22000122070312,172.22999572753906,25.690000534057617,78.9000015258789
2022-06-02,417.3900146484375,116.27999877929688,174.35000610351562,24.719999313354492,79.2300033569336
2022-06-03,410.5400085449219,116.02999877929688,172.5800018310547,24.790000915527344,78.63999938964844
2022-06-06,411.7900085449219,113.88999938964844,171.82000732421875,25.06999969482422,78.05000305175781
2022-06-07,415.739990234375,115.12000274658203,172.94000244140625,24.020000457763672,78.2300033569336
2022-06-08,411.2200012207031,114.0999984741211,172.77999877929688,23.959999084472656,77.55999755859375
2022-06-09,401.44000244140625,114.4800033569336,172.22999572753906,26.09000015258789,76.94000244140625
2022-06-10,389.79998779296875,113.7699966430664,174.5399932861328,27.75,75.62999725341797
2022-06-13,375.0,110.19999694824219,169.92999267578125,34.02000045776367,73.0999984741211
2022-06-14,373.8699951171875,108.80999755859375,168.57000732421875,32.689998626708984,73.58000183105469
2022-06-15,379.20001220703125,110.83999633789062,170.77000427246094,29.6200008392334,75.01000213623047
2022-06-16,366.6499938964844,111.72000122070312,172.69000244140625,32.95000076293945,73.81999969482422
2022-06-17,365.8599853515625,112.08000183105469,171.27000427246094,31.1299991607666,74.05000305175781
2022-06-21,375.07000732421875,110.18000030517578,170.6300048828125,30.190000534057617,74.0
2022-06-22,374.3900146484375,113.20999908447266,171.30999755859375,28.950000762939453,73.9800033569336
2022-06-23,378.05999755859375,114.13999938964844,170.25999450683594,29.049999237060547,74.51000213623047
2022-06-24,390.0799865722656,112.55999755859375,170.08999633789062,27.229999542236328,75.04000091552734
2022-06-27,388.5899963378906,111.5999984741211,169.89999389648438,26.950000762939453,74.58000183105469
2022-06-28,380.6499938964844,112.12000274658203,169.6199951171875,28.360000610351562,73.76000213623047
2022-06-29,380.3399963378906,113.87000274658203,169.49000549316406,28.15999984741211,73.6500015258789
2022-06-30,377.25,114.87000274658203,168.4600067138672,28.709999084472656,73.61000061035156
2022-07-01,381.239990234375,115.81999969482422,168.32000732421875,26.700000762939453,73.9800033569336
2022-07-05,381.9599914550781,116.7300033569336,164.75,27.540000915527344,73.91000366210938
2022-07-06,383.25,114.7699966430664,162.13999938964844,26.729999542236328,73.62999725341797
2022-07-07,388.989990234375,113.76000213623047,162.22999572753906,26.079999923706055,74.83000183105469
2022-07-08,388.6700134277344,112.5,162.3000030517578,24.639999389648438,74.88999938964844
2022-07-11,384.2300109863281,114.44000244140625,161.42999267578125,26.170000076293945,74.47000122070312
2022-07-12,380.8299865722656,115.12000274658203,160.8300018310547,27.290000915527344,74.7699966430664
2022-07-13,378.8299865722656,116.44000244140625,161.60000610351562,26.81999969482422,74.69000244140625
2022-07-14,377.9100036621094,115.48999786376953,159.3300018310547,26.399999618530273,74.55000305175781
2022-07-15,385.1300048828125,116.13999938964844,159.00999450683594,24.229999542236328,75.5
2022-07-18,381.95001220703125,114.93000030517578,159.16000366210938,25.299999237060547,74.7699966430664
2022-07-19,392.2699890136719,114.30999755859375,159.5399932861328,24.5,75.76000213623047
2022-07-20,394.7699890136719,114.61000061035156,158.0399932861328,23.8799991607666,76.08999633789062
2022-07-21,398.7900085449219,116.58999633789062,160.27000427246094,23.110000610351562,76.98999786376953
2022-07-22,395.0899963378906,118.55000305175781,160.6699981689453,23.030000686645508,76.88999938964844
2022-07-25,395.57000732421875,117.38999938964844,160.22999572753906,23.360000610351562,76.87000274658203
2022-07-26,390.8900146484375,117.4800033569336,160.0399932861328,24.690000534057617,76.33000183105469
2022-07-27,401.0400085449219,116.81999969482422,161.6699981689453,23.239999771118164,77.16999816894531
2022-07-28,406.07000732421875,117.75,163.63999938964844,22.329999923706055,77.95999908447266
2022-07-29,411.989990234375,117.43000030517578,164.10000610351562,21.329999923706055,78.19000244140625
2022-08-01,410.7699890136719,120.04000091552734,165.02999877929688,22.84000015258789,77.91000366210938
2022-08-02,408.05999755859375,117.5,164.0500030517578,23.93000030517578,77.55000305175781
2022-08-03,414.45001220703125,119.3499984741211,164.4499969482422,21.950000762939453,78.2300033569336
2022-08-04,414.1700134277344,119.30999755859375,167.1699981689453,21.440000534057617,78.44000244140625
2022-08-05,413.4700012207031,116.47000122070312,165.2899932861328,21.149999618530273,78.04000091552734
2022-08-08,412.989990234375,118.3499984741211,166.69000244140625,21.290000915527344,78.11000061035156
2022-08-09,411.3500061035156,117.88999938964844,167.1999969482422,21.770000457763672,77.52999877929688
2022-08-10,419.989990234375,117.12000274658203,166.77999877929688,19.739999771118164,78.69000244140625
2022-08-11,419.989990234375,114.38999938964844,166.33999633789062,20.200000762939453,78.23999786376953
2022-08-12,427.1000061035156,115.55000305175781,167.8699951171875,19.530000686645508,78.94000244140625
2022-08-15,428.8599853515625,115.44999694824219,165.7100067138672,19.950000762939453,78.80000305175781
2022-08-16,429.70001220703125,115.93000030517578,165.4199981689453,19.690000534057617,78.43000030517578
2022-08-17,426.6499938964844,114.72000122070312,164.35000610351562,19.899999618530273,77.62000274658203
2022-08-18,427.8900146484375,114.88999938964844,163.9199981689453,19.559999465942383,77.73999786376953
2022-08-19,422.1400146484375,113.04000091552734,162.72000122070312,20.600000381469727,76.94999694824219
2022-08-22,413.3500061035156,112.66000366210938,161.63999938964844,23.799999237060547,76.08000183105469
2022-08-23,412.3500061035156,112.04000091552734,162.77000427246094,24.110000610351562,76.2699966430664
2022-08-24,413.6700134277344,111.22000122070312,163.25,22.81999969482422,76.36000061035156
2022-08-25,419.510009765625,112.7699966430664,163.75,21.780000686645508,77.08000183105469
2022-08-26,405.30999755859375,113.62000274658203,161.75999450683594,25.559999465942383,75.80999755859375
2022-08-29,402.6300048828125,112.68000030517578,161.86000061035156,26.209999084472656,75.5199966430664
2022-08-30,398.2099914550781,112.95999908447266,160.50999450683594,26.209999084472656,74.94000244140625
2022-08-31,395.17999267578125,111.87999725341797,159.27000427246094,25.8700008392334,74.52999877929688
2022-09-01,396.4200134277344,109.5999984741211,157.8699951171875,25.559999465942383,74.36000061035156
2022-09-02,392.239990234375,110.22000122070312,159.25999450683594,25.469999313354492,74.30999755859375
2022-09-06,390.760009765625,107.48999786376953,158.3300018310547,26.90999984741211,74.11000061035156
2022-09-07,397.7799987792969,109.19000244140625,159.94000244140625,24.639999389648438,75.18000030517578
2022-09-08,400.3800048828125,108.06999969482422,158.97999572753906,23.610000610351562,75.51000213623047
2022-09-09,406.6000061035156,108.30999755859375,159.82000732421875,22.790000915527344,75.80999755859375
2022-09-12,410.9700012207031,107.41999816894531,160.6300048828125,23.8700008392334,76.04000091552734
2022-09-13,393.1000061035156,107.66999816894531,158.5399932861328,27.270000457763672,74.30999755859375
2022-09-14,394.6000061035156,108.04000091552734,157.92999267578125,26.15999984741211,74.41999816894531
2022-09-15,390.1199951171875,107.97000122070312,154.97999572753906,26.270000457763672,73.94999694824219
2022-09-16,385.55999755859375,107.06999969482422,155.83999633789062,26.299999237060547,74.19999694824219
2022-09-19,388.54998779296875,107.31999969482422,155.9600067138672,25.760000228881836,74.4800033569336
2022-09-20,384.0899963378906,106.25,155.07000732421875,27.15999984741211,73.72000122070312
2022-09-21,377.3900146484375,108.02999877929688,155.7899932861328,27.989999771118164,73.5
2022-09-22,374.2200012207031,105.2699966430664,155.6999969482422,27.350000381469727,73.05999755859375
2022-09-23,367.95001220703125,105.69999694824219,153.00999450683594,29.920000076293945,72.12999725341797
2022-09-26,364.30999755859375,103.68000030517578,151.22999572753906,32.2599983215332,71.27999877929688
2022-09-27,363.3800048828125,100.94999694824219,151.5399932861328,32.599998474121094,71.12999725341797
2022-09-28,370.5299987792969,104.33000183105469,154.69000244140625,30.18000030517578,72.4000015258789
2022-09-29,362.7900085449219,103.79000091552734,154.66000366210938,31.84000015258789,71.72000122070312
2022-09-30,357.17999267578125,102.44999694824219,154.6699981689453,31.6200008392334,71.38999938964844
2022-10-03,366.6099853515625,103.83000183105469,158.42999267578125,30.100000381469727,71.97000122070312
2022-10-04,377.9700012207031,103.54000091552734,160.6999969482422,29.06999969482422,73.5199966430664
2022-10-05,377.0899963378906,102.55000305175781,159.80999755859375,28.549999237060547,73.2300033569336
2022-10-06,373.20001220703125,101.9800033569336,159.6300048828125,30.520000457763672,73.01000213623047
2022-10-07,362.7900085449219,100.98999786376953,157.8800048828125,31.360000610351562,72.12000274658203
2022-10-10,360.0199890136719,99.41999816894531,155.47999572753906,32.45000076293945,71.23999786376953
2022-10-11,357.739990234375,99.86000061035156,155.16000366210938,33.630001068115234,71.45999908447266
2022-10-12,356.55999755859375,100.3499984741211,155.99000549316406,33.56999969482422,71.58000183105469
2022-10-13,365.9700012207031,99.38999938964844,154.91000366210938,31.940000534057617,71.73999786376953
2022-10-14,357.6300048828125,98.56999969482422,152.97999572753906,32.02000045776367,71.51000213623047
2022-10-17,366.82000732421875,98.08999633789062,153.4199981689453,31.3700008392334,72.38999938964844
2022-10-18,371.1300048828125,98.31999969482422,153.75,30.5,72.9000015258789
2022-10-19,368.5,96.52999877929688,151.69000244140625,30.760000228881836,72.19999694824219
2022-10-20,365.4100036621094,94.87999725341797,151.4499969482422,29.979999542236328,71.80000305175781
2022-10-21,374.2900085449219,93.16999816894531,154.14999389648438,29.690000534057617,72.48999786376953
2022-10-24,378.8699951171875,92.4000015258789,153.64999389648438,29.850000381469727,72.54000091552734
2022-10-25,384.9200134277344,95.08999633789062,154.0,28.459999084472656,73.23999786376953
2022-10-26,382.0199890136719,96.45999908447266,154.97999572753906,27.280000686645508,73.44000244140625
2022-10-27,379.9800109863281,97.47000122070312,154.74000549316406,27.389999389648438,73.9800033569336
2022-10-28,389.0199890136719,96.80000305175781,153.16000366210938,25.75,74.55000305175781
2022-10-31,386.2099914550781,96.11000061035156,151.91000366210938,25.8799991607666,73.43000030517578
2022-11-01,384.5199890136719,96.7699966430664,153.4600067138672,25.809999465942383,73.58999633789062
2022-11-02,374.8699951171875,96.3499984741211,152.38999938964844,25.860000610351562,72.91999816894531
2022-11-03,371.010009765625,95.83000183105469,151.80999755859375,25.299999237060547,72.4000015258789
2022-11-04,376.3500061035156,94.22000122070312,156.47000122070312,24.549999237060547,72.9000015258789
2022-11-07,379.95001220703125,93.27999877929688,155.85000610351562,24.350000381469727,72.88999938964844
2022-11-08,382.0,94.30000305175781,159.4499969482422,25.540000915527344,72.81999969482422
2022-11-09,374.1300048828125,94.61000061035156,158.64999389648438,26.09000015258789,71.94999694824219
2022-11-10,394.69000244140625,98.25,163.47999572753906,23.530000686645508,74.19000244140625
2022-11-11,398.510009765625,97.88999938964844,164.55999755859375,22.520000457763672,74.44999694824219
2022-11-14,395.1199951171875,97.6500015258789,164.9199981689453,23.729999542236328,73.9000015258789
2022-11-15,398.489990234375,99.2300033569336,165.5,24.540000915527344,74.55000305175781
2022-11-16,395.45001220703125,101.4000015258789,165.1199951171875,24.110000610351562,74.38999938964844
2022-11-17,394.239990234375,100.33000183105469,163.9199981689453,23.93000030517578,74.06999969482422
2022-11-18,396.0299987792969,99.63999938964844,162.7899932861328,23.1200008392334,74.2300033569336
2022-11-21,394.5899963378906,100.05999755859375,161.8800048828125,22.360000610351562,74.19999694824219
2022-11-22,399.8999938964844,101.4800033569336,162.07000732421875,21.290000915527344,74.73999786376953
2022-11-23,402.4200134277344,103.25,163.0800018310547,20.350000381469727,75.16000366210938
2022-11-25,402.3299865722656,102.9000015258789,163.22000122070312,20.5,75.01000213623047
2022-11-28,395.9100036621094,103.19000244140625,161.92999267578125,22.209999084472656,74.22000122070312
2022-11-29,395.2300109863281,101.9800033569336,162.72999572753906,21.889999389648438,74.54000091552734
2022-11-30,407.67999267578125,102.7300033569336,164.80999755859375,20.579999923706055,75.66000366210938
2022-12-01,407.3800048828125,105.76000213623047,167.83999633789062,19.84000015258789,75.62000274658203
2022-12-02,406.9100036621094,107.08999633789062,167.25999450683594,19.059999465942383,75.55999755859375
2022-12-05,399.5899963378906,105.58999633789062,164.38999938964844,20.75,74.83999633789062
2022-12-06,393.8299865722656,106.94999694824219,164.83999633789062,22.170000076293945,74.56999969482422
2022-12-07,393.1600036621094,109.47000122070312,166.3300018310547,22.68000030517578,74.9800033569336
2022-12-08,396.239990234375,109.16999816894531,166.47000122070312,22.290000915527344,75.04000091552734
2022-12-09,393.2799987792969,106.33000183105469,167.05999755859375,22.829999923706055,75.04000091552734
2022-12-12,398.95001220703125,106.66999816894531,165.67999267578125,25.0,75.33000183105469
2022-12-13,401.9700012207031,107.69999694824219,168.50999450683594,22.549999237060547,76.11000061035156
2022-12-14,399.3999938964844,108.16000366210938,168.10000610351562,21.139999389648438,75.68000030517578
2022-12-15,389.6300048828125,108.31999969482422,165.35000610351562,22.829999923706055,75.0
2022-12-16,383.2699890136719,107.11000061035156,166.7899932861328,22.6200008392334,74.5999984741211
2022-12-19,380.0199890136719,105.30999755859375,166.32000732421875,22.420000076293945,74.22000122070312
2022-12-20,380.5400085449219,103.44000244140625,169.0800018310547,21.479999542236328,74.02999877929688
2022-12-21,386.2300109863281,103.69999694824219,168.8000030517578,20.06999969482422,74.66000366210938
2022-12-22,380.7200012207031,103.68000030517578,166.75999450683594,21.969999313354492,74.19999694824219
2022-12-23,382.9100036621094,102.16000366210938,167.25999450683594,20.8700008392334,74.38999938964844
2022-12-27,381.3999938964844,100.13999938964844,168.6699981689453,21.649999618530273,73.62000274658203
2022-12-28,376.6600036621094,99.55000305175781,167.91000366210938,22.139999389648438,72.62999725341797
2022-12-29,383.44000244140625,100.68000030517578,168.85000610351562,21.440000534057617,73.56999969482422
2022-12-30,382.42999267578125,99.55999755859375,169.63999938964844,21.670000076293945,73.62999725341797
2023-01-03,380.82000732421875,101.45999908447266,171.05999755859375,22.899999618530273,73.7699966430664
2023-01-04,383.760009765625,102.8499984741211,172.6699981689453,22.010000228881836,74.62000274658203
2023-01-05,379.3800048828125,103.27999877929688,170.52000427246094,22.459999084472656,74.47000122070312
2023-01-06,388.0799865722656,105.18000030517578,173.7100067138672,21.1299991607666,75.52999877929688
2023-01-09,387.8599853515625,105.73999786376953,174.10000610351562,21.969999313354492,75.80000305175781
2023-01-10,390.5799865722656,103.98999786376953,174.74000549316406,20.579999923706055,75.70999908447266
2023-01-11,395.5199890136719,105.68000030517578,174.6199951171875,21.09000015258789,76.20999908447266
2023-01-12,396.9599914550781,107.76000213623047,176.63999938964844,18.829999923706055,76.63999938964844
2023-01-13,398.5,106.75,178.75999450683594,18.350000381469727,76.63999938964844
2023-01-17,397.7699890136719,106.05999755859375,177.58999633789062,19.360000610351562,76.37999725341797
2023-01-18,391.489990234375,108.62999725341797,177.0800018310547,20.34000015258789,76.47000122070312
2023-01-19,388.6400146484375,107.94999694824219,179.88999938964844,20.520000457763672,76.0199966430664
2023-01-20,395.8800048828125,106.19999694824219,179.2899932861328,19.850000381469727,76.16999816894531
2023-01-23,400.6300048828125,105.69999694824219,179.6300048828125,19.809999465942383,76.16000366210938
2023-01-24,400.20001220703125,107.22000122070312,180.27999877929688,19.200000762939453,76.20999908447266
2023-01-25,400.3500061035156,107.4800033569336,181.11000061035156,19.079999923706055,76.19999694824219
2023-01-26,404.75,106.9800033569336,179.47000122070312,18.729999542236328,76.38999938964844
2023-01-27,405.67999267578125,106.70999908447266,179.22000122070312,18.510000228881836,76.16000366210938
2023-01-30,400.5899963378906,106.31999969482422,178.75999450683594,19.940000534057617,75.73999786376953
2023-01-31,406.4800109863281,107.16999816894531,179.41000366210938,19.399999618530273,76.33000183105469
2023-02-01,410.79998779296875,108.18000030517578,181.6699981689453,17.8700008392334,76.76000213623047
2023-02-02,416.7799987792969,108.31999969482422,177.89999389648438,18.729999542236328,77.19999694824219
2023-02-03,412.3500061035156,106.69999694824219,173.4600067138672,18.329999923706055,76.38999938964844
2023-02-06,409.8299865722656,105.91000366210938,173.82000732421875,19.43000030517578,75.9000015258789
2023-02-07,415.19000244140625,105.05999755859375,173.97999572753906,18.65999984741211,76.16999816894531
2023-02-08,410.6499938964844,105.55999755859375,174.41000366210938,19.6299991607666,75.8499984741211
2023-02-09,407.0899963378906,104.55999755859375,173.02999877929688,20.709999084472656,75.36000061035156
2023-02-10,408.0400085449219,103.38999938964844,173.36000061035156,20.530000686645508,74.77999877929688
2023-02-13,412.8299865722656,104.26000213623047,172.47999572753906,20.34000015258789,74.97000122070312
2023-02-14,412.6400146484375,104.0199966430664,172.61000061035156,18.90999984741211,74.98999786376953
2023-02-15,413.9800109863281,103.05000305175781,170.88999938964844,18.229999542236328,74.87000274658203
2023-02-16,408.2799987792969,101.58999633789062,170.75,20.170000076293945,74.2699966430664
2023-02-17,407.260009765625,102.37999725341797,171.25999450683594,20.020000457763672,74.55999755859375
2023-02-21,399.0899963378906,100.38999938964844,170.6199951171875,22.8700008392334,73.41000366210938
2023-02-22,398.5400085449219,101.30999755859375,169.66000366210938,22.290000915527344,73.88999938964844
2023-02-23,400.6600036621094,102.30000305175781,169.57000732421875,21.139999389648438,74.62000274658203
2023-02-24,396.3800048828125,100.97000122070312,168.35000610351562,21.670000076293945,74.16999816894531
2023-02-27,397.7300109863281,101.25,169.00999450683594,20.950000762939453,74.66999816894531
2023-02-28,396.260009765625,101.70999908447266,169.77999877929688,20.700000762939453,74.52999877929688
2023-03-01,394.739990234375,100.37000274658203,170.75999450683594,20.579999923706055,73.87000274658203
2023-03-02,397.80999755859375,99.4800033569336,170.66000366210938,19.59000015258789,73.95999908447266
2023-03-03,404.19000244140625,101.88999938964844,172.49000549316406,18.489999771118164,74.72000122070312
2023-03-06,404.4700012207031,101.0999984741211,171.6199951171875,18.610000610351562,74.72000122070312
2023-03-07,398.2699890136719,101.72000122070312,168.6199951171875,19.59000015258789,74.19000244140625
2023-03-08,398.9200134277344,101.81999969482422,168.5399932861328,19.110000610351562,73.83999633789062
2023-03-09,391.55999755859375,102.06999969482422,170.1999969482422,22.610000610351562,73.43000030517578
2023-03-10,385.9100036621094,105.58999633789062,173.8699951171875,24.799999237060547,73.44000244140625
2023-03-13,385.3599853515625,105.83000183105469,177.86000061035156,26.520000457763672,73.04000091552734
2023-03-14,391.7300109863281,104.08999633789062,176.8300018310547,23.729999542236328,73.56999969482422
2023-03-15,389.2799987792969,106.0999984741211,178.2100067138672,26.139999389648438,73.33000183105469
2023-03-16,396.1099853515625,105.2699966430664,178.57000732421875,22.989999771118164,73.80999755859375
2023-03-17,389.989990234375,106.8499984741211,183.77000427246094,25.510000228881836,73.37000274658203
2023-03-20,393.739990234375,105.91000366210938,183.83999633789062,24.149999618530273,73.16999816894531
2023-03-21,398.9100036621094,105.0,180.3699951171875,21.3799991607666,73.97000122070312
2023-03-22,392.1099853515625,106.4000015258789,183.44000244140625,22.260000228881836,74.04000091552734
2023-03-23,393.1700134277344,106.4000015258789,185.74000549316406,22.610000610351562,73.75
2023-03-24,395.75,106.8499984741211,183.64999389648438,21.739999771118164,73.5999984741211
2023-03-27,396.489990234375,104.33999633789062,181.9499969482422,20.600000381469727,73.41999816894531
2023-03-28,395.6000061035156,104.52999877929688,183.44000244140625,19.969999313354492,73.37999725341797
2023-03-29,401.3500061035156,104.31999969482422,182.52999877929688,19.1200008392334,74.30000305175781
2023-03-30,403.70001220703125,104.80000305175781,184.17999267578125,19.020000457763672,74.73999786376953
2023-03-31,409.3900146484375,106.37000274658203,183.22000122070312,18.700000762939453,75.55000305175781
2023-04-03,410.95001220703125,106.5999984741211,184.5399932861328,18.549999237060547,75.1500015258789
2023-04-04,408.6700134277344,107.12999725341797,187.97999572753906,19.0,74.93000030517578
2023-04-05,407.6000061035156,108.25,187.8300018310547,19.079999923706055,74.51000213623047
2023-04-06,409.19000244140625,108.52999877929688,186.49000549316406,18.399999618530273,74.83999633789062
2023-04-10,409.6099853515625,106.77999877929688,185.11000061035156,18.969999313354492,74.7699966430664
2023-04-11,409.7200012207031,107.0,186.27999877929688,19.100000381469727,74.93000030517578
2023-04-12,408.04998779296875,106.88999938964844,187.19000244140625,19.09000015258789,74.91000366210938
2023-04-13,413.4700012207031,106.05000305175781,189.72000122070312,17.799999237060547,75.41999816894531
2023-04-14,412.4599914550781,105.08000183105469,186.36000061035156,17.06999969482422,75.27999877929688
2023-04-17,413.94000244140625,103.83000183105469,185.52999877929688,16.950000762939453,75.08000183105469
2023-04-18,414.2099914550781,104.19999694824219,186.25,16.829999923706055,75.12999725341797
2023-04-19,414.1400146484375,104.0999984741211,185.36000061035156,16.459999084472656,74.83000183105469
2023-04-20,411.8800048828125,104.98999786376953,186.08999633789062,17.170000076293945,74.76000213623047
2023-04-21,412.20001220703125,104.4000015258789,184.25,16.770000457763672,74.98999786376953
2023-04-24,412.6300048828125,105.41000366210938,184.80999755859375,16.889999389648438,75.19999694824219
2023-04-25,406.0799865722656,106.95999908447266,185.75,18.760000228881836,75.08000183105469
2023-04-26,404.3599853515625,105.81999969482422,184.74000549316406,18.84000015258789,74.79000091552734
2023-04-27,412.4100036621094,104.7699966430664,184.75,17.030000686645508,75.04000091552734
2023-04-28,415.92999267578125,106.45999908447266,184.8000030517578,15.779999732971191,75.36000061035156
2023-05-01,415.510009765625,103.12999725341797,183.97000122070312,16.079999923706055,74.69000244140625
2023-05-02,410.8399963378906,105.69999694824219,187.52000427246094,17.780000686645508,74.62000274658203
2023-05-03,408.0199890136719,106.29000091552734,189.11000061035156,18.34000015258789,74.58000183105469
2023-05-04,405.1300048828125,105.23999786376953,190.44000244140625,20.09000015258789,74.36000061035156
2023-05-05,412.6300048828125,104.88999938964844,187.4600067138672,17.190000534057617,74.76000213623047
2023-05-08,412.739990234375,103.41999816894531,187.69000244140625,16.979999542236328,74.55000305175781
2023-05-09,410.92999267578125,103.05000305175781,189.02000427246094,17.709999084472656,74.36000061035156
2023-05-10,412.8500061035156,104.05000305175781,188.75,16.940000534057617,74.80999755859375
2023-05-11,412.1300048828125,105.1500015258789,187.1300048828125,16.93000030517578,74.69000244140625
2023-05-12,411.5899963378906,104.2699966430664,186.80999755859375,17.030000686645508,74.41999816894531
2023-05-15,413.010009765625,103.19000244140625,187.2100067138672,17.1200008392334,74.4000015258789
2023-05-16,410.25,102.87999725341797,184.8699951171875,17.989999771118164,73.87999725341797
2023-05-17,415.2300109863281,102.58000183105469,184.22999572753906,16.8700008392334,74.08000183105469
2023-05-18,419.2300109863281,101.81999969482422,181.83999633789062,16.049999237060547,74.12000274658203
2023-05-19,418.6199951171875,101.0999984741211,183.63999938964844,16.809999465942383,74.19999694824219
2023-05-22,418.7900085449219,100.73999786376953,183.2100067138672,17.209999084472656,74.52999877929688
2023-05-23,414.0899963378906,101.02999877929688,183.42999267578125,18.530000686645508,74.13999938964844
2023-05-24,411.0899963378906,100.52999877929688,181.9499969482422,20.030000686645508,73.62000274658203
2023-05-25,414.6499938964844,100.27999877929688,180.1999969482422,19.139999389648438,73.56999969482422
2023-05-26,420.0199890136719,101.08999633789062,180.9199981689453,17.950000762939453,74.0199966430664
2023-05-30,420.17999267578125,102.0999984741211,182.0399932861328,17.459999084472656,74.33999633789062
2023-05-31,417.8500061035156,102.98999786376953,182.32000732421875,17.940000534057617,74.11000061035156
2023-06-01,421.82000732421875,103.12000274658203,183.75999450683594,15.649999618530273,74.19999694824219
2023-06-02,427.9200134277344,101.98999786376953,181.0500030517578,14.600000381469727,74.58000183105469
2023-06-05,427.1000061035156,101.80000305175781,182.13999938964844,14.729999542236328,74.5199966430664
2023-06-06,428.0299987792969,102.4000015258789,182.33999633789062,13.960000038146973,74.63999938964844
2023-06-07,426.54998779296875,100.87999725341797,180.14999389648438,13.9399995803833,74.2300033569336
2023-06-08,429.1300048828125,102.05999755859375,182.52999877929688,13.649999618530273,74.69999694824219
2023-06-09,429.8999938964844,101.91999816894531,182.0399932861328,13.829999923706055,74.72000122070312
2023-06-12,433.79998779296875,102.22000122070312,181.8800048828125,15.010000228881836,74.63999938964844
2023-06-13,436.6600036621094,101.20999908447266,180.5399932861328,14.609999656677246,74.7300033569336
2023-06-14,437.17999267578125,102.0199966430664,180.63999938964844,13.880000114440918,74.76000213623047
2023-06-15,442.6000061035156,103.0,181.91000366210938,14.5,75.12000274658203
2023-06-16,439.4599914550781,102.5999984741211,181.6300048828125,13.539999961853027,74.93000030517578
2023-06-20,437.17999267578125,103.30999755859375,179.75,13.880000114440918,74.7300033569336
2023-06-21,434.94000244140625,103.55999755859375,179.49000549316406,13.199999809265137,74.54000091552734
2023-06-22,436.510009765625,102.30999755859375,177.7100067138672,12.90999984741211,74.31999969482422
2023-06-23,433.2099914550781,103.33000183105469,178.1999969482422,13.4399995803833,74.19000244140625
2023-06-26,431.44000244140625,103.44000244140625,178.50999450683594,14.25,74.2300033569336
2023-06-27,436.1700134277344,103.16999816894531,177.69000244140625,13.739999771118164,74.4800033569336
2023-06-28,436.3900146484375,103.61000061035156,177.27999877929688,13.430000305175781,74.91000366210938
2023-06-29,438.1099853515625,101.73999786376953,177.08999633789062,13.539999961853027,74.70999908447266
2023-06-30,443.2799987792969,102.94000244140625,178.27000427246094,13.59000015258789,75.06999969482422
2023-07-03,443.7900085449219,102.08000183105469,178.47000122070312,13.569999694824219,74.55000305175781
2023-07-05,443.1300048828125,101.11000061035156,177.83999633789062,14.180000305175781,74.31999969482422
2023-07-06,439.6600036621094,99.68000030517578,177.30999755859375,15.4399995803833,73.77999877929688
2023-07-07,438.54998779296875,99.08000183105469,178.63999938964844,14.829999923706055,73.8499984741211
2023-07-10,439.6600036621094,99.20999908447266,178.77999877929688,15.069999694824219,74.22000122070312
2023-07-11,442.4599914550781,99.72000122070312,179.4499969482422,14.84000015258789,74.62000274658203
2023-07-12,446.0199890136719,100.83000183105469,181.8800048828125,13.539999961853027,75.19999694824219
2023-07-13,449.55999755859375,101.88999938964844,182.00999450683594,13.609999656677246,75.6500015258789
2023-07-14,449.2799987792969,101.29000091552734,181.42999267578125,13.34000015258789,75.0999984741211
2023-07-17,450.8399963378906,101.33999633789062,181.55999755859375,13.479999542236328,75.23999786376953
2023-07-18,454.19000244140625,101.80000305175781,183.63999938964844,13.300000190734863,75.44999694824219
2023-07-19,455.20001220703125,102.94999694824219,183.6699981689453,13.760000228881836,75.51000213623047
2023-07-20,452.17999267578125,101.69999694824219,182.74000549316406,13.989999771118164,75.18000030517578
2023-07-21,452.17999267578125,101.7300033569336,182.17999267578125,13.600000381469727,75.37000274658203
2023-07-24,454.20001220703125,101.36000061035156,181.39999389648438,13.90999984741211,75.23999786376953
2023-07-25,455.44000244140625,101.16999816894531,182.41000366210938,13.859999656677246,75.19000244140625
2023-07-26,455.510009765625,101.2699966430664,183.3000030517578,13.1899995803833,75.48999786376953
2023-07-27,452.489990234375,99.30000305175781,180.4199981689453,14.40999984741211,74.88999938964844
2023-07-28,456.9200134277344,99.80999755859375,181.86000061035156,13.329999923706055,75.31999969482422
2023-07-31,457.7900085449219,100.05000305175781,182.35000610351562,13.630000114440918,75.5
2023-08-01,456.4800109863281,98.13999938964844,180.4600067138672,13.930000305175781,74.7699966430664
2023-08-02,450.1300048828125,97.08999633789062,179.60000610351562,16.09000015258789,74.44999694824219
2023-08-03,448.8399963378906,94.8499984741211,179.5399932861328,15.920000076293945,74.20999908447266
2023-08-04,446.80999755859375,96.52999877929688,180.19000244140625,17.100000381469727,74.6500015258789
2023-08-07,450.7099914550781,95.58000183105469,179.77999877929688,15.770000457763672,74.79000091552734
2023-08-08,448.75,96.69000244140625,178.63999938964844,15.989999771118164,74.94999694824219
2023-08-09,445.75,97.19000244140625,177.7899932861328,15.960000038146973,74.95999908447266
2023-08-10,445.9100036621094,95.58999633789062,177.60000610351562,15.850000381469727,74.94000244140625
2023-08-11,445.6499938964844,95.37000274658203,177.60000610351562,14.84000015258789,74.83000183105469
2023-08-14,448.1099853515625,95.16000366210938,177.05999755859375,14.819999694824219,74.81999969482422
2023-08-15,442.8900146484375,94.58000183105469,176.58999633789062,16.459999084472656,74.58000183105469
2023-08-16,439.6400146484375,93.83999633789062,175.57000732421875,16.780000686645508,74.3499984741211
2023-08-17,436.2900085449219,93.44000244140625,175.3000030517578,17.889999389648438,74.04000091552734
2023-08-18,436.5,93.7699966430664,175.3300018310547,17.299999237060547,74.08999633789062
2023-08-21,439.3399963378906,92.5199966430664,175.80999755859375,17.1299991607666,74.06999969482422
2023-08-22,438.1499938964844,93.2300033569336,176.10000610351562,16.969999313354492,74.11000061035156
2023-08-23,443.0299987792969,95.54000091552734,177.88999938964844,15.979999542236328,74.70999908447266
2023-08-24,436.8900146484375,94.91000366210938,177.85000610351562,17.200000762939453,74.30000305175781
2023-08-25,439.9700012207031,95.22000122070312,177.6199951171875,15.680000305175781,74.61000061035156
2023-08-28,442.760009765625,95.31999969482422,178.1300048828125,15.079999923706055,74.88999938964844
2023-08-29,449.1600036621094,96.30999755859375,179.8699951171875,14.449999809265137,75.36000061035156
2023-08-30,451.010009765625,96.20999908447266,180.32000732421875,13.880000114440918,75.33000183105469
2023-08-31,450.3500061035156,96.63999938964844,180.02000427246094,13.569999694824219,75.27999877929688
2023-09-01,451.19000244140625,94.8499984741211,180.11000061035156,13.09000015258789,75.06999969482422
2023-09-05,449.239990234375,93.5199966430664,178.63999938964844,14.010000228881836,74.58000183105469
2023-09-06,446.2200012207031,93.75,177.8300018310547,14.449999809265137,74.4000015258789
2023-09-07,444.8500061035156,94.01000213623047,178.02000427246094,14.399999618530273,74.6500015258789
2023-09-08,445.5199890136719,94.37000274658203,178.0800018310547,13.84000015258789,74.62000274658203
2023-09-11,448.45001220703125,93.69000244140625,178.41000366210938,13.800000190734863,74.75
2023-09-12,445.989990234375,94.2300033569336,177.49000549316406,14.229999542236328,74.62999725341797
2023-09-13,446.510009765625,94.20999908447266,177.0800018310547,13.479999542236328,74.83000183105469
2023-09-14,450.3599853515625,93.52999877929688,177.1699981689453,12.819999694824219,74.91999816894531
2023-09-15,443.3699951171875,92.95999908447266,178.33999633789062,13.789999961853027,74.63999938964844
2023-09-18,443.6300048828125,93.48999786376953,179.38999938964844,14.0,74.69000244140625
2023-09-19,442.7099914550781,92.80000305175781,179.22000122070312,14.109999656677246,74.45999908447266
2023-09-20,438.6400146484375,93.08999633789062,179.35000610351562,15.140000343322754,74.4000015258789
2023-09-21,431.3900146484375,90.69999694824219,178.0500030517578,17.540000915527344,73.87000274658203
2023-09-22,430.4200134277344,91.43000030517578,178.6199951171875,17.200000762939453,74.0
2023-09-25,432.2300109863281,89.18000030517578,177.6999969482422,16.899999618530273,73.9000015258789
2023-09-26,425.8800048828125,88.87000274658203,176.27999877929688,18.940000534057617,73.58000183105469
2023-09-27,426.04998779296875,88.41000366210938,174.10000610351562,18.219999313354492,73.4800033569336
2023-09-28,428.5199890136719,88.68000030517578,173.22999572753906,17.34000015258789,73.83000183105469
2023-09-29,427.4800109863281,88.69000244140625,171.4499969482422,17.520000457763672,73.72000122070312
2023-10-02,427.30999755859375,86.93000030517578,169.64999389648438,17.610000610351562,72.88999938964844
2023-10-03,421.5899963378906,85.05999755859375,169.16000366210938,19.780000686645508,72.1500015258789
2023-10-04,424.6600036621094,86.26000213623047,169.13999938964844,18.579999923706055,72.5199966430664
2023-10-05,424.5,85.83000183105469,168.8300018310547,18.489999771118164,72.58999633789062
2023-10-06,429.5400085449219,84.79000091552734,169.6999969482422,17.450000762939453,72.69000244140625
2023-10-09,432.2900085449219,86.77999877929688,172.82000732421875,17.700000762939453,73.2300033569336
2023-10-10,434.5400085449219,86.66000366210938,172.52999877929688,17.030000686645508,73.20999908447266
2023-10-11,436.32000732421875,88.47000122070312,173.7899932861328,16.09000015258789,73.19999694824219
2023-10-12,433.6600036621094,86.06999969482422,173.25999450683594,16.690000534057617,72.80999755859375
2023-10-13,431.5,87.61000061035156,178.8300018310547,19.31999969482422,72.75
2023-10-16,436.0400085449219,86.19999694824219,177.9600067138672,17.209999084472656,72.7300033569336
2023-10-17,436.0199890136719,85.25,178.2899932861328,17.8799991607666,72.38999938964844
2023-10-18,430.2099914550781,84.5,180.8699951171875,19.219999313354492,72.04000091552734
2023-10-19,426.42999267578125,82.7699966430664,183.08999633789062,21.399999618530273,71.77999877929688
2023-10-20,421.19000244140625,83.23999786376953,183.58999633789062,21.709999084472656,71.93000030517578
2023-10-23,420.4599914550781,84.23999786376953,182.97000122070312,20.3700008392334,72.22000122070312
2023-10-24,423.6300048828125,85.3499984741211,182.9499969482422,18.969999313354492,72.58999633789062
2023-10-25,417.54998779296875,83.44999694824219,183.72000122070312,20.190000534057617,72.19999694824219
2023-10-26,412.54998779296875,84.7300033569336,184.00999450683594,20.68000030517578,72.44999694824219
2023-10-27,410.67999267578125,84.37000274658203,186.14999389648438,21.270000457763672,72.36000061035156
2023-10-30,415.5899963378906,83.98999786376953,185.10000610351562,19.75,72.37999725341797
2023-10-31,418.20001220703125,83.58000183105469,184.08999633789062,18.139999389648438,72.56999969482422
2023-11-01,422.6600036621094,85.0999984741211,183.50999450683594,16.8700008392334,72.87000274658203
2023-11-02,430.760009765625,87.04000091552734,184.1199951171875,15.65999984741211,73.69000244140625
2023-11-03,434.69000244140625,87.62999725341797,184.7899932861328,14.90999984741211,74.41000366210938
2023-11-06,435.69000244140625,86.77999877929688,183.35000610351562,14.890000343322754,74.11000061035156
2023-11-07,436.92999267578125,88.05999755859375,182.58999633789062,14.8100004196167,74.12000274658203
2023-11-08,437.25,89.55999755859375,180.77000427246094,14.449999809265137,74.16000366210938
2023-11-09,433.8399963378906,87.5,181.49000549316406,15.289999961853027,73.69999694824219
2023-11-10,440.6099853515625,87.98999786376953,179.50999450683594,14.170000076293945,74.05999755859375
2023-11-13,440.19000244140625,87.79000091552734,180.50999450683594,14.760000228881836,73.98999786376953
2023-11-14,448.7300109863281,89.77999877929688,182.1199951171875,14.15999984741211,74.73999786376953
2023-11-15,449.67999267578125,88.5199966430664,181.63999938964844,14.180000305175781,74.5
2023-11-16,450.2300109863281,89.62000274658203,183.69000244140625,14.319999694824219,74.5999984741211
2023-11-17,450.7900085449219,90.04000091552734,183.6699981689453,13.800000190734863,74.7699966430664
2023-11-20,454.260009765625,90.58999633789062,183.3699951171875,13.40999984741211,74.8499984741211
2023-11-21,453.2699890136719,90.55000305175781,185.35000610351562,13.350000381469727,74.94999694824219
2023-11-22,455.0199890136719,90.87000274658203,184.55999755859375,12.850000381469727,75.08000183105469
2023-11-24,455.29998779296875,89.80000305175781,185.52000427246094,12.460000038146973,75.0
2023-11-27,454.4800109863281,91.30000305175781,186.77000427246094,12.6899995803833,75.11000061035156
2023-11-28,454.92999267578125,91.4800033569336,189.25999450683594,12.6899995803833,75.44000244140625
2023-11-29,454.6099853515625,92.62999725341797,189.5399932861328,12.979999542236328,75.8499984741211
2023-11-30,456.3999938964844,91.55999755859375,188.75,12.920000076293945,75.70999908447266
2023-12-01,459.1000061035156,92.98999786376953,192.00999450683594,12.630000114440918,75.98999786376953
2023-12-04,456.69000244140625,92.62000274658203,187.86000061035156,13.079999923706055,75.80000305175781
2023-12-05,456.6000061035156,94.61000061035156,187.14999389648438,12.850000381469727,75.87000274658203
2023-12-06,454.760009765625,95.87000274658203,187.83999633789062,12.970000267028809,75.87999725341797
2023-12-07,458.2300109863281,95.31999969482422,188.14999389648438,13.0600004196167,76.01000213623047
2023-12-08,460.20001220703125,94.54000091552734,185.63999938964844,12.350000381469727,75.86000061035156
2023-12-11,461.989990234375,94.33999633789062,183.58999633789062,12.630000114440918,75.80999755859375
2023-12-12,464.1000061035156,94.62000274658203,183.49000549316406,12.069999694824219,75.9800033569336
2023-12-13,470.5,96.83999633789062,187.6300048828125,12.1899995803833,77.13999938964844
2023-12-14,472.010009765625,99.04000091552734,188.72999572753906,12.479999542236328,77.0999984741211
2023-12-15,469.3299865722656,99.1500015258789,187.0,12.279999732971191,76.93000030517578
2023-12-18,471.9700012207031,98.36000061035156,187.85000610351562,12.5600004196167,76.9800033569336
2023-12-19,474.8399963378906,98.88999938964844,189.1300048828125,12.529999732971191,77.19999694824219
2023-12-20,468.260009765625,99.55999755859375,188.10000610351562,13.670000076293945,77.20999908447266
2023-12-21,472.70001220703125,98.93000030517578,189.42999267578125,13.649999618530273,77.55999755859375
2023-12-22,473.6499938964844,98.4800033569336,190.27000427246094,13.029999732971191,77.47000122070312
2023-12-26,475.6499938964844,98.76000213623047,191.72000122070312,12.989999771118164,77.62000274658203
2023-12-27,476.510009765625,100.51000213623047,192.58999633789062,12.430000305175781,77.94000244140625
2023-12-28,476.69000244140625,99.77999877929688,191.47000122070312,12.470000267028809,77.69000244140625
2023-12-29,475.30999755859375,98.87999725341797,191.1699981689453,12.449999809265137,77.38999938964844
2024-01-02,472.6499938964844,98.30999755859375,190.72000122070312,13.199999809265137,77.12999725341797
2024-01-03,468.7900085449219,98.72000122070312,189.1300048828125,14.039999961853027,76.91999816894531
2024-01-04,467.2799987792969,97.22000122070312,189.32000732421875,14.130000114440918,76.62000274658203
2024-01-05,467.9200134277344,96.29000091552734,189.35000610351562,13.350000381469727,76.68000030517578
2024-01-08,474.6000061035156,97.23999786376953,187.8699951171875,13.079999923706055,77.11000061035156
2024-01-09,473.8800048828125,96.62000274658203,187.92999267578125,12.760000228881836,77.2300033569336
2024-01-10,476.55999755859375,96.16999816894531,187.5,12.6899995803833,77.37000274658203
2024-01-11,476.3500061035156,96.70999908447266,187.8699951171875,12.4399995803833,77.62000274658203
2024-01-12,476.67999267578125,96.5199966430664,189.7100067138672,12.699999809265137,77.69999694824219
2024-01-16,474.92999267578125,94.81999969482422,187.91000366210938,13.84000015258789,77.20999908447266
2024-01-17,472.2900085449219,94.66999816894531,185.83999633789062,14.789999961853027,76.87999725341797
2024-01-18,476.489990234375,93.79000091552734,187.3699951171875,14.130000114440918,77.04000091552734
2024-01-19,482.42999267578125,94.08999633789062,187.92999267578125,13.300000190734863,77.16999816894531
2024-01-22,483.45001220703125,94.6500015258789,187.22000122070312,13.1899995803833,77.2300033569336
2024-01-23,484.8599853515625,93.9000015258789,187.9499969482422,12.550000190734863,77.13999938964844
2024-01-24,485.3900146484375,93.3499984741211,186.39999389648438,13.140000343322754,77.0999984741211
2024-01-25,488.0299987792969,93.95999908447266,187.13999938964844,13.449999809265137,77.69000244140625
2024-01-26,487.4100036621094,93.77999877929688,187.00999450683594,13.260000228881836,77.62999725341797
2024-01-29,491.2699890136719,94.86000061035156,188.3300018310547,13.600000381469727,77.80000305175781
2024-01-30,490.8900146484375,95.72000122070312,188.58999633789062,13.3100004196167,77.69999694824219
2024-01-31,482.8800048828125,96.66000366210938,188.4499969482422,14.350000381469727,77.4800033569336
2024-02-01,489.20001220703125,98.23999786376953,190.41000366210938,13.880000114440918,77.54000091552734
2024-02-02,494.3500061035156,96.06999969482422,188.61000061035156,13.850000381469727,77.19000244140625
2024-02-05,492.54998779296875,94.12999725341797,187.57000732421875,13.670000076293945,76.83000183105469
2024-02-06,493.9800109863281,95.05000305175781,188.5500030517578,13.0600004196167,77.11000061035156
2024-02-07,498.1000061035156,94.58999633789062,188.5,12.829999923706055,77.23999786376953
2024-02-08,498.32000732421875,94.04000091552734,188.3300018310547,12.789999961853027,77.19999694824219
2024-02-09,501.20001220703125,93.8499984741211,187.60000610351562,12.930000305175781,77.36000061035156
2024-02-12,500.9800109863281,93.95999908447266,187.11000061035156,13.930000305175781,77.19000244140625
2024-02-13,494.0799865722656,92.3499984741211,184.52999877929688,15.850000381469727,76.56999969482422
2024-02-14,498.57000732421875,92.81999969482422,184.4199981689453,14.380000114440918,76.87000274658203
2024-02-15,502.010009765625,93.30000305175781,185.66000366210938,14.010000228881836,77.13999938964844
2024-02-16,499.510009765625,92.76000213623047,186.33999633789062,14.239999771118164,76.91000366210938
2024-02-20,496.760009765625,92.83999633789062,187.47000122070312,15.420000076293945,77.06999969482422
2024-02-21,497.2099914550781,92.18000030517578,187.47999572753906,15.34000015258789,76.93000030517578
2024-02-22,507.5,92.62999725341797,187.55999755859375,14.539999961853027,77.30000305175781
2024-02-23,507.8500061035156,93.87000274658203,188.6199951171875,13.75,77.3499984741211
2024-02-26,505.989990234375,93.58999633789062,188.1999969482422,13.739999771118164,77.0999984741211
2024-02-27,506.92999267578125,92.93000030517578,188.0,13.430000305175781,77.19999694824219
2024-02-28,506.260009765625,93.5199966430664,188.33999633789062,13.84000015258789,77.19000244140625
2024-02-29,508.0799865722656,94.18000030517578,189.30999755859375,13.399999618530273,77.33000183105469
2024-03-01,512.8499755859375,94.47000122070312,192.88999938964844,13.109999656677246,77.18000030517578
2024-03-04,512.2999877929688,94.08999633789062,196.00999450683594,13.489999771118164,77.16000366210938
2024-03-05,507.17999267578125,95.43000030517578,197.19000244140625,14.460000038146973,77.0999984741211
2024-03-06,509.75,95.98999786376953,198.80999755859375,14.5,77.29000091552734
2024-03-07,514.8099975585938,95.9000015258789,199.94000244140625,14.4399995803833,77.37999725341797
2024-03-08,511.7200012207031,95.7300033569336,201.6300048828125,14.739999771118164,77.4000015258789
2024-03-11,511.2799987792969,95.68000030517578,202.0,15.220000267028809,77.38999938964844
2024-03-12,516.780029296875,94.87999725341797,199.7899932861328,13.84000015258789,77.45999908447266
2024-03-13,515.969970703125,94.41999816894531,201.19000244140625,13.75,77.48999786376953
2024-03-14,514.9500122070312,92.97000122070312,200.35000610351562,14.399999618530273,77.12000274658203
2024-03-15,509.8299865722656,92.94000244140625,199.7100067138672,14.40999984741211,77.06999969482422
2024-03-18,512.8599853515625,92.66000366210938,200.02999877929688,14.329999923706055,77.25
2024-03-19,515.7100219726562,92.91999816894531,199.8000030517578,13.819999694824219,77.55999755859375
2024-03-20,520.47998046875,92.88999938964844,202.17999267578125,13.039999961853027,77.81999969482422
2024-03-21,522.2000122070312,93.08999633789062,201.97000122070312,12.920000076293945,77.77999877929688
2024-03-22,521.2100219726562,93.9800033569336,200.35000610351562,13.0600004196167,77.69999694824219
2024-03-25,519.77001953125,93.51000213623047,200.99000549316406,13.1899995803833,77.58000183105469
2024-03-26,518.8099975585938,93.7699966430664,201.63999938964844,13.239999771118164,77.48999786376953
2024-03-27,523.1699829101562,94.69999694824219,203.10000610351562,12.779999732971191,77.9000015258789
2024-03-28,523.0700073242188,94.62000274658203,205.72000122070312,13.010000228881836,77.7300033569336
2024-04-01,522.1599731445312,92.55000305175781,207.82000732421875,13.649999618530273,77.0199966430664
2024-04-02,518.8400268554688,92.04000091552734,210.88999938964844,14.609999656677246,76.88999938964844
2024-04-03,519.4099731445312,92.0199966430664,212.74000549316406,14.329999923706055,76.94999694824219
2024-04-04,513.0700073242188,92.68000030517578,211.52000427246094,16.350000381469727,76.88999938964844
2024-04-05,518.4299926757812,91.38999938964844,215.13999938964844,16.030000686645508,76.81999969482422
2024-04-08,518.719970703125,91.37999725341797,216.47999572753906,15.1899995803833,77.0
2024-04-09,519.3200073242188,92.2300033569336,217.6699981689453,14.979999542236328,77.16000366210938
2024-04-10,514.1199951171875,90.22000122070312,215.61000061035156,15.800000190734863,76.4800033569336
2024-04-11,518.0,89.80999755859375,219.8000030517578,14.90999984741211,76.41000366210938
2024-04-12,510.8500061035156,90.29000091552734,216.88999938964844,17.309999465942383,76.37000274658203
2024-04-15,504.45001220703125,88.88999938964844,220.9499969482422,19.229999542236328,75.93000030517578
2024-04-16,503.5299987792969,88.30000305175781,221.22000122070312,18.399999618530273,75.68000030517578
2024-04-17,500.54998779296875,89.27999877929688,219.58999633789062,18.209999084472656,75.77999877929688
2024-04-18,499.5199890136719,88.83000183105469,220.33999633789062,18.0,75.83999633789062
2024-04-19,495.1600036621094,89.1500015258789,221.02999877929688,18.709999084472656,75.9800033569336
2024-04-22,499.7200012207031,89.0,215.57000732421875,16.940000534057617,76.4000015258789
2024-04-23,505.6499938964844,89.02999877929688,215.0399932861328,15.6899995803833,76.70999908447266
2024-04-24,505.4100036621094,88.4000015258789,214.63999938964844,15.970000267028809,76.54000091552734
2024-04-25,503.489990234375,87.77999877929688,215.9199981689453,15.369999885559082,76.37999725341797
2024-04-26,508.260009765625,88.23999786376953,216.6199951171875,15.029999732971191,76.62000274658203
2024-04-29,510.05999755859375,88.9800033569336,216.17999267578125,14.670000076293945,76.8499984741211
2024-04-30,501.9800109863281,88.22000122070312,211.8699951171875,15.649999618530273,76.29000091552734
2024-05-01,500.3500061035156,88.55999755859375,213.7899932861328,15.390000343322754,76.29000091552734
2024-05-02,505.0299987792969,88.94000244140625,213.1300048828125,14.680000305175781,76.76000213623047
2024-05-03,511.2900085449219,89.83999633789062,212.9600067138672,13.489999771118164,77.08000183105469
2024-05-06,516.5700073242188,90.19000244140625,215.1999969482422,13.489999771118164,77.16999816894531
2024-05-07,517.1400146484375,90.73999786376953,214.2100067138672,13.229999542236328,77.18000030517578
2024-05-08,517.1900024414062,90.19000244140625,213.5800018310547,13.0,77.0
2024-05-09,520.1699829101562,90.62999725341797,216.9499969482422,12.6899995803833,77.0199966430664
2024-05-10,520.8400268554688,90.12000274658203,218.7100067138672,12.550000190734863,76.9000015258789
2024-05-13,520.9099731445312,90.3499984741211,216.25999450683594,13.600000381469727,76.87999725341797
2024-05-14,523.2999877929688,90.86000061035156,218.08999633789062,13.420000076293945,77.0
2024-05-15,529.780029296875,92.0999984741211,220.88999938964844,12.449999809265137,77.44999694824219
2024-05-16,528.6900024414062,92.01000213623047,220.02999877929688,12.420000076293945,77.2699966430664
2024-05-17,529.4500122070312,91.38999938964844,223.66000366210938,11.989999771118164,77.27999877929688
2024-05-20,530.0599975585938,91.12000274658203,224.55999755859375,12.149999618530273,77.31999969482422
2024-05-21,531.3599853515625,91.58999633789062,224.22999572753906,11.859999656677246,77.26000213623047
2024-05-22,529.8300170898438,91.69999694824219,220.11000061035156,12.289999961853027,77.08999633789062
2024-05-23,525.9600219726562,91.11000061035156,215.72000122070312,12.770000457763672,76.81999969482422
2024-05-24,529.4400024414062,91.37999725341797,215.9199981689453,11.930000305175781,77.08999633789062
2024-05-28,529.8099975585938,90.06999969482422,218.19000244140625,12.920000076293945,76.77999877929688
2024-05-29,526.0999755859375,88.9800033569336,216.16000366210938,14.279999732971191,76.55000305175781
2024-05-30,522.6099853515625,89.83999633789062,216.57000732421875,14.470000267028809,76.86000061035156
2024-05-31,527.3699951171875,90.44999694824219,215.3000030517578,12.920000076293945,77.12999725341797
2024-06-03,527.7999877929688,91.5999984741211,217.22000122070312,13.109999656677246,77.01000213623047
2024-06-04,528.3900146484375,92.66999816894531,215.27000427246094,13.15999984741211,76.97000122070312
2024-06-05,534.6699829101562,93.3499984741211,217.82000732421875,12.630000114440918,77.22000122070312
2024-06-06,534.6599731445312,93.20999908447266,219.42999267578125,12.579999923706055,77.08999633789062
2024-06-07,534.010009765625,91.5,211.60000610351562,12.220000267028809,76.88999938964844
2024-06-10,535.6599731445312,90.88999938964844,213.5399932861328,12.739999771118164,76.95999908447266
2024-06-11,536.9500122070312,91.83000183105469,214.14999389648438,12.850000381469727,77.05999755859375
2024-06-12,541.3599853515625,92.5199966430664,214.72000122070312,12.039999961853027,77.37000274658203
2024-06-13,542.4500122070312,93.87999725341797,212.97000122070312,11.9399995803833,77.36000061035156
2024-06-14,542.780029296875,94.66999816894531,215.72999572753906,12.65999984741211,77.05999755859375
2024-06-17,547.0999755859375,93.7300033569336,214.61000061035156,12.75,77.11000061035156
2024-06-18,548.489990234375,94.58999633789062,215.47000122070312,12.300000190734863,77.3499984741211
2024-06-20,547.0,93.95999908447266,218.16000366210938,13.279999732971191,77.30000305175781
2024-06-21,544.510009765625,93.95999908447266,214.77999877929688,13.199999809265137,77.38999938964844
2024-06-24,542.739990234375,94.33999633789062,215.6300048828125,13.329999923706055,77.30999755859375
2024-06-25,544.8300170898438,94.5,214.55999755859375,12.84000015258789,77.41000366210938
2024-06-26,545.510009765625,93.1500015258789,212.5800018310547,12.550000190734863,77.23999786376953
2024-06-27,546.3699951171875,93.5199966430664,214.99000549316406,12.239999771118164,77.33000183105469
2024-06-28,544.219970703125,91.77999877929688,215.00999450683594,12.4399995803833,77.13999938964844
2024-07-01,545.3400268554688,89.91000366210938,215.57000732421875,12.220000267028809,76.72000122070312
2024-07-02,549.010009765625,90.61000061035156,215.55999755859375,12.029999732971191,76.93000030517578
2024-07-03,551.4600219726562,91.80000305175781,217.99000549316406,12.09000015258789,77.19999694824219
2024-07-05,554.6400146484375,92.55999755859375,220.92999267578125,12.479999542236328,77.43000030517578
2024-07-08,555.280029296875,92.76000213623047,218.19000244140625,12.369999885559082,77.41000366210938
2024-07-09,555.8200073242188,92.3499984741211,218.55999755859375,12.510000228881836,77.31999969482422
2024-07-10,561.3200073242188,92.63999938964844,219.36000061035156,12.850000381469727,77.5
2024-07-11,556.47998046875,93.54000091552734,223.25,12.920000076293945,77.77999877929688
2024-07-12,559.989990234375,93.94000244140625,223.11000061035156,12.460000038146973,77.9800033569336
2024-07-15,561.530029296875,92.86000061035156,223.8300018310547,13.119999885559082,77.98999786376953
2024-07-16,564.8599853515625,94.16999816894531,228.2899932861328,13.1899995803833,78.29000091552734
2024-07-17,556.9400024414062,94.19000244140625,227.22999572753906,14.479999542236328,78.19999694824219
2024-07-18,552.6599731445312,93.47000122070312,225.77999877929688,15.930000305175781,78.04000091552734
2024-07-19,548.989990234375,92.91999816894531,221.72999572753906,16.520000457763672,77.9800033569336
2024-07-22,554.6500244140625,92.6500015258789,221.8000030517578,14.90999984741211,78.2699966430664
2024-07-23,553.780029296875,92.5199966430664,222.5800018310547,14.720000267028809,78.27999877929688
2024-07-24,541.22998046875,91.5199966430664,221.8000030517578,18.040000915527344,78.02999877929688
2024-07-25,538.4099731445312,92.2699966430664,218.3300018310547,18.459999084472656,78.04000091552734
2024-07-26,544.4400024414062,92.98999786376953,220.6300048828125,16.389999389648438,78.29000091552734
2024-07-29,544.760009765625,93.48999786376953,220.32000732421875,16.600000381469727,78.22000122070312
2024-07-30,542.0,93.8499984741211,222.52000427246094,17.690000534057617,78.26000213623047
2024-07-31,550.8099975585938,94.80999755859375,226.5500030517578,16.360000610351562,78.54000091552734
2024-08-01,543.010009765625,95.30999755859375,225.77000427246094,18.59000015258789,77.95999908447266
2024-08-02,532.9000244140625,98.27999877929688,225.33999633789062,23.389999389648438,77.69999694824219
2024-08-05,517.3800048828125,98.80000305175781,222.47999572753906,38.56999969482422,77.22000122070312
2024-08-06,522.1500244140625,96.58999633789062,220.6999969482422,27.709999084472656,77.51000213623047
2024-08-07,518.6599731445312,95.91000366210938,220.5500030517578,27.850000381469727,77.66000366210938
2024-08-08,530.6500244140625,95.31999969482422,224.00999450683594,23.790000915527344,77.9800033569336
2024-08-09,532.989990234375,96.26000213623047,224.55999755859375,20.3700008392334,77.97000122070312
2024-08-12,533.27001953125,96.61000061035156,228.41000366210938,20.709999084472656,78.0199966430664
2024-08-13,542.0399780273438,97.27999877929688,228.05999755859375,18.1200008392334,78.37999725341797
2024-08-14,543.75,97.88999938964844,226.1999969482422,16.190000534057617,78.5199966430664
2024-08-15,553.0700073242188,97.0999984741211,226.91000366210938,15.229999542236328,78.58999633789062
2024-08-16,554.3099975585938,97.44000244140625,231.99000549316406,14.800000190734863,78.83999633789062
2024-08-19,559.6099853515625,97.88999938964844,231.61000061035156,14.649999618530273,78.97000122070312
2024-08-20,558.7000122070312,98.66999816894531,232.4600067138672,15.880000114440918,78.9000015258789
2024-08-21,560.6199951171875,98.7300033569336,232.14999389648438,16.270000457763672,79.08000183105469
2024-08-22,556.219970703125,97.75,229.3699951171875,17.549999237060547,78.9800033569336
2024-08-23,562.1300048828125,98.38999938964844,232.02000427246094,15.859999656677246,79.4000015258789
2024-08-26,560.7899780273438,98.13999938964844,232.75999450683594,16.149999618530273,79.23999786376953
2024-08-27,561.5599975585938,97.97000122070312,233.38999938964844,15.430000305175781,79.29000091552734
2024-08-28,558.2999877929688,97.8499984741211,231.75,17.110000610351562,79.25
2024-08-29,558.3499755859375,97.52999877929688,232.9499969482422,15.649999618530273,79.33000183105469
2024-08-30,563.6799926757812,96.48999786376953,231.2899932861328,15.0,79.33999633789062
2024-09-03,552.0800170898438,97.75,230.2899932861328,20.719999313354492,78.68000030517578
2024-09-04,550.9500122070312,99.01000213623047,230.42999267578125,21.31999969482422,78.97000122070312
2024-09-05,549.6099853515625,99.56999969482422,232.35000610351562,19.899999618530273,79.23999786376953
2024-09-06,540.3599853515625,99.55999755859375,230.6300048828125,22.3799991607666,79.13999938964844
2024-09-09,546.4099731445312,99.98999786376953,231.60000610351562,19.450000762939453,79.33000183105469
2024-09-10,548.7899780273438,100.69000244140625,232.6199951171875,19.079999923706055,79.18000030517578
2024-09-11,554.4199829101562,100.61000061035156,232.25,17.690000534057617,79.30000305175781
2024-09-12,559.0900268554688,100.13999938964844,236.3300018310547,17.06999969482422,79.41000366210938
2024-09-13,562.010009765625,100.41000366210938,238.67999267578125,16.559999465942383,79.62999725341797
2024-09-16,562.8400268554688,101.33000183105469,238.66000366210938,17.139999389648438,79.83000183105469
2024-09-17,563.0700073242188,100.83999633789062,237.33999633789062,17.610000610351562,79.8499984741211
2024-09-18,561.4000244140625,99.58999633789062,235.50999450683594,18.229999542236328,79.91999816894531
2024-09-19,570.97998046875,99.26000213623047,239.1699981689453,16.329999923706055,80.16000366210938
2024-09-20,568.25,98.87999725341797,242.2100067138672,16.149999618530273,80.26000213623047
2024-09-23,569.6699829101562,98.66999816894531,242.67999267578125,15.890000343322754,80.11000061035156
2024-09-24,571.2999877929688,98.6500015258789,246.07000732421875,15.390000343322754,80.12000274658203
2024-09-25,570.0399780273438,97.83000183105469,245.72999572753906,15.40999984741211,80.02999877929688
2024-09-26,572.2999877929688,98.05999755859375,246.97999572753906,15.369999885559082,80.16000366210938
2024-09-27,571.469970703125,98.56999969482422,245.02000427246094,16.959999084472656,80.36000061035156
2024-09-30,573.760009765625,98.0999984741211,243.05999755859375,16.729999542236328,80.30000305175781
2024-10-01,568.6199951171875,98.48999786376953,245.61000061035156,19.260000228881836,79.87000274658203
2024-10-02,568.8599853515625,97.66000366210938,245.66000366210938,18.899999618530273,79.87999725341797
2024-10-03,567.8200073242188,96.73999786376953,245.49000549316406,20.489999771118164,79.69000244140625
2024-10-04,572.97998046875,95.55000305175781,245.0,19.209999084472656,79.5999984741211
2024-10-07,567.7999877929688,94.83000183105469,244.1699981689453,22.639999389648438,79.26000213623047
2024-10-08,573.1699829101562,94.98999786376953,242.3699951171875,21.420000076293945,79.44999694824219
2024-10-09,577.1400146484375,94.44999694824219,241.0500030517578,20.860000610351562,79.4000015258789
2024-10-10,576.1300048828125,94.08000183105469,242.82000732421875,20.93000030517578,79.36000061035156
2024-10-11,579.5800170898438,93.69999694824219,245.47000122070312,20.459999084472656,79.56999969482422
2024-10-14,584.3200073242188,93.7699966430664,245.07000732421875,19.700000762939453,79.61000061035156
2024-10-15,579.780029296875,94.91000366210938,245.9199981689453,20.639999389648438,79.58999633789062
2024-10-16,582.2999877929688,95.30999755859375,247.14999389648438,19.579999923706055,79.7300033569336
2024-10-17,582.3499755859375,93.80000305175781,248.6300048828125,19.110000610351562,79.61000061035156
2024-10-18,584.5900268554688,93.87000274658203,251.27000427246094,18.030000686645508,79.80000305175781
2024-10-21,583.6300048828125,92.2300033569336,251.22000122070312,18.3700008392334,79.4800033569336
2024-10-22,583.3200073242188,92.31999969482422,253.92999267578125,18.200000762939453,79.37000274658203
2024-10-23,577.989990234375,92.06999969482422,250.8699951171875,19.239999771118164,79.12999725341797
2024-10-24,579.239990234375,92.66000366210938,252.8000030517578,19.079999923706055,79.36000061035156
2024-10-25,579.0399780273438,92.13999938964844,253.32000732421875,20.329999923706055,79.27999877929688
2024-10-28,580.8300170898438,91.88999938964844,253.3300018310547,19.799999237060547,79.4800033569336
2024-10-29,581.77001953125,92.02999877929688,256.0899963378906,19.34000015258789,79.5
2024-10-30,580.010009765625,92.30000305175781,257.5,20.350000381469727,79.36000061035156
2024-10-31,568.6400146484375,92.44999694824219,253.50999450683594,23.15999984741211,79.13999938964844
2024-11-01,571.0399780273438,90.83999633789062,252.47000122070312,21.8799991607666,78.75
2024-11-04,569.8099975585938,92.25,252.8300018310547,21.979999542236328,78.97000122070312
2024-11-05,576.7000122070312,92.73999786376953,253.39999389648438,20.489999771118164,79.19000244140625
2024-11-06,591.0399780273438,90.19999694824219,245.6999969482422,16.270000457763672,79.33000183105469
2024-11-07,595.6099853515625,91.33000183105469,249.64999389648438,15.199999809265137,79.66999816894531
2024-11-08,598.1900024414062,92.48999786376953,247.9600067138672,14.9399995803833,79.80000305175781
2024-11-11,598.760009765625,92.04000091552734,242.13999938964844,14.970000267028809,79.70999908447266
2024-11-12,596.9000244140625,90.66000366210938,240.0500030517578,14.710000038146973,79.38999938964844
2024-11-13,597.1900024414062,89.80000305175781,237.6300048828125,14.020000457763672,79.41000366210938
2024-11-14,593.3499755859375,90.31999969482422,237.00999450683594,14.3100004196167,79.23999786376953
2024-11-15,585.75,90.08000183105469,236.58999633789062,16.139999389648438,79.2300033569336
2024-11-18,588.1500244140625,90.23999786376953,241.08999633789062,15.579999923706055,79.37999725341797
2024-11-19,590.2999877929688,90.69999694824219,243.25,16.350000381469727,79.5
2024-11-20,590.5,90.41000366210938,244.6199951171875,17.15999984741211,79.4800033569336
2024-11-21,593.6699829101562,90.33999633789062,246.66000366210938,16.8700008392334,79.51000213623047
2024-11-22,595.510009765625,90.38999938964844,249.83999633789062,15.239999771118164,79.48999786376953
2024-11-25,597.530029296875,92.7300033569336,242.47999572753906,14.600000381469727,79.79000091552734
2024-11-26,600.6500244140625,92.37000274658203,242.9499969482422,14.100000381469727,79.63999938964844
2024-11-27,598.8300170898438,93.01000213623047,243.49000549316406,14.100000381469727,79.87999725341797
2024-11-29,602.5499877929688,93.97000122070312,245.58999633789062,13.510000228881836,80.04000091552734
2024-12-02,603.6300048828125,93.87000274658203,243.44000244140625,13.34000015258789,79.6500015258789
2024-12-03,603.9099731445312,93.05999755859375,243.92999267578125,13.300000190734863,79.6500015258789
2024-12-04,607.6599731445312,94.05999755859375,244.6699981689453,13.449999809265137,79.83999633789062
2024-12-05,606.6599731445312,94.25,242.86000061035156,13.539999961853027,79.7699966430664
2024-12-06,607.8099975585938,94.38999938964844,242.9499969482422,12.770000457763672,79.9000015258789
2024-12-09,604.6799926757812,93.5199966430664,245.36000061035156,14.1899995803833,79.80000305175781
2024-12-10,602.7999877929688,93.08000183105469,248.58999633789062,14.180000305175781,79.83999633789062
2024-12-11,607.4600219726562,92.19999694824219,250.9600067138672,13.579999923706055,79.86000061035156
2024-12-12,604.3300170898438,91.08000183105469,247.27999877929688,13.920000076293945,79.63999938964844
2024-12-13,604.2100219726562,90.1500015258789,244.2899932861328,13.8100004196167,79.41000366210938
2024-12-16,606.7899780273438,90.41999816894531,244.8800048828125,14.6899995803833,79.55999755859375
2024-12-17,604.2899780273438,90.63999938964844,243.94000244140625,15.869999885559082,79.38999938964844
2024-12-18,586.280029296875,89.16000366210938,239.25999450683594,27.6200008392334,78.16999816894531
2024-12-19,586.0999755859375,87.80999755859375,239.60000610351562,24.09000015258789,78.08999633789062
2024-12-20,591.1500244140625,88.30999755859375,242.10000610351562,18.360000610351562,78.58000183105469
2024-12-23,594.6900024414062,87.5,240.9600067138672,16.780000686645508,78.37000274658203
2024-12-24,601.2999877929688,87.87000274658203,241.44000244140625,14.270000457763672,78.62000274658203
2024-12-26,601.3400268554688,87.81999969482422,243.07000732421875,14.729999542236328,78.81999969482422
2024-12-27,595.010009765625,87.0999984741211,241.39999389648438,15.949999809265137,78.55000305175781
2024-12-30,588.219970703125,87.80000305175781,240.6300048828125,17.399999618530273,78.66000366210938
2024-12-31,586.0800170898438,87.33000183105469,242.1300048828125,17.350000381469727,78.6500015258789
2025-01-02,584.6400146484375,87.56999969482422,245.4199981689453,17.93000030517578,78.83999633789062
2025-01-03,591.9500122070312,87.29000091552734,243.49000549316406,16.1299991607666,78.95999908447266
2025-01-06,595.3599853515625,86.9000015258789,243.19000244140625,16.040000915527344,79.0999984741211
2025-01-07,588.6300048828125,85.91999816894531,244.55999755859375,17.81999969482422,78.83999633789062
2025-01-08,589.489990234375,86.02999877929688,245.86000061035156,17.700000762939453,78.94000244140625
2025-01-10,580.489990234375,85.45999908447266,248.2100067138672,19.540000915527344,78.52999877929688
2025-01-13,581.3900146484375,85.43000030517578,245.74000549316406,19.190000534057617,78.51000213623047
2025-01-14,582.1900024414062,85.29000091552734,247.02999877929688,18.709999084472656,78.61000061035156
2025-01-15,592.780029296875,86.76000213623047,248.8800048828125,16.1200008392334,79.30000305175781
2025-01-16,591.6400146484375,87.04000091552734,250.60000610351562,16.600000381469727,79.38999938964844
2025-01-17,597.5800170898438,87.19000244140625,249.27000427246094,15.970000267028809,79.45999908447266
2025-01-21,603.0499877929688,87.97000122070312,253.1300048828125,15.0600004196167,79.66999816894531
2025-01-22,606.4400024414062,87.51000213623047,254.42999267578125,15.100000381469727,79.55999755859375
2025-01-23,609.75,86.83000183105469,254.07000732421875,15.020000457763672,79.66000366210938
2025-01-24,607.969970703125,87.22000122070312,255.64999389648438,14.850000381469727,79.75
2025-01-27,599.3699951171875,88.25,252.99000549316406,17.899999618530273,79.80999755859375
2025-01-28,604.52001953125,88.19000244140625,255.17999267578125,16.40999984741211,79.77999877929688
2025-01-29,601.8099975585938,88.01000213623047,254.1999969482422,16.559999465942383,79.7300033569336
2025-01-30,605.0399780273438,88.33999633789062,258.04998779296875,15.84000015258789,79.87999725341797
2025-01-31,601.8200073242188,87.76000213623047,258.55999755859375,16.43000030517578,79.72000122070312
2025-02-03,597.77001953125,88.16000366210938,259.94000244140625,18.6200008392334,79.26000213623047
2025-02-04,601.780029296875,88.43000030517578,262.5,17.209999084472656,79.51000213623047
2025-02-05,604.219970703125,89.88999938964844,264.1300048828125,15.770000457763672,79.72000122070312
2025-02-06,606.3200073242188,89.8499984741211,263.42999267578125,15.5,79.5999984741211
2025-02-07,600.77001953125,89.2699966430664,263.8999938964844,16.540000915527344,79.3499984741211
2025-02-10,604.8499755859375,89.0,268.3699951171875,15.8100004196167,79.51000213623047
2025-02-11,605.3099975585938,88.43000030517578,267.3900146484375,16.020000457763672,79.4800033569336
2025-02-12,603.3599853515625,87.2300033569336,267.6700134277344,15.890000343322754,79.30999755859375
2025-02-13,609.72998046875,88.68000030517578,270.30999755859375,15.100000381469727,79.66999816894531
2025-02-14,609.7000122070312,89.1500015258789,266.2900085449219,14.770000457763672,79.76000213623047
2025-02-18,611.489990234375,88.0999984741211,270.70001220703125,15.350000381469727,79.69000244140625
2025-02-19,612.9299926757812,88.20999908447266,270.8500061035156,15.270000457763672,79.75
2025-02-20,610.3800048828125,88.54000091552734,270.989990234375,15.65999984741211,79.80000305175781
2025-02-21,599.9400024414062,89.61000061035156,270.739990234375,18.209999084472656,79.6500015258789
2025-02-24,597.2100219726562,89.87000274658203,272.2099914550781,18.979999542236328,79.75
2025-02-25,594.239990234375,91.41999816894531,268.6199951171875,19.43000030517578,79.94999694824219
2025-02-26,594.5399780273438,91.95999908447266,269.0299987792969,19.100000381469727,80.05999755859375
2025-02-27,585.0499877929688,91.30999755859375,264.92999267578125,21.1299991607666,79.91000366210938
2025-02-28,594.1799926757812,92.43000030517578,263.2699890136719,19.6299991607666,80.12999725341797
2025-03-03,583.77001953125,92.56999969482422,266.739990234375,22.780000686645508,79.58999633789062
2025-03-04,576.8599853515625,91.43000030517578,269.05999755859375,23.510000228881836,79.58000183105469
2025-03-05,583.0599975585938,90.69999694824219,269.6199951171875,21.93000030517578,79.62000274658203
2025-03-06,572.7100219726562,90.4000015258789,268.25,24.8700008392334,79.31999969482422
2025-03-07,575.9199829101562,90.11000061035156,268.3900146484375,23.3700008392334,79.44999694824219
2025-03-10,560.5800170898438,91.05000305175781,266.0400085449219,27.860000610351562,79.1500015258789
2025-03-11,555.9199829101562,90.4000015258789,269.1600036621094,26.920000076293945,78.87000274658203
2025-03-12,558.8699951171875,89.86000061035156,270.3299865722656,24.229999542236328,78.95999908447266
2025-03-13,551.4199829101562,90.6500015258789,275.1300048828125,24.65999984741211,78.5199966430664
2025-03-14,562.8099975585938,90.16999816894531,275.239990234375,21.770000457763672,78.87999725341797
2025-03-17,567.1500244140625,90.62000274658203,276.7300109863281,20.510000228881836,79.06999969482422
2025-03-18,561.02001953125,90.70999908447266,279.9599914550781,21.700000762939453,78.93000030517578
2025-03-19,567.1300048828125,91.18000030517578,281.1099853515625,19.899999618530273,79.44999694824219
2025-03-20,565.489990234375,91.23999786376953,280.75,19.799999237060547,79.33999633789062
2025-03-21,563.97998046875,90.69999694824219,278.489990234375,19.280000686645508,79.22000122070312
2025-03-24,574.0800170898438,89.7699966430664,277.25,17.479999542236328,79.44999694824219
2025-03-25,575.4600219726562,89.76000213623047,278.4700012207031,17.149999618530273,79.41000366210938
2025-03-26,568.5900268554688,89.16999816894531,278.239990234375,18.329999923706055,79.08999633789062
2025-03-27,567.0800170898438,88.91000366210938,281.9700012207031,18.690000534057617,78.94000244140625
2025-03-28,555.6599731445312,90.13999938964844,284.05999755859375,21.649999618530273,78.80000305175781
2025-03-31,559.3900146484375,91.02999877929688,288.1400146484375,22.280000686645508,78.88999938964844
2025-04-01,560.969970703125,91.48999786376953,287.57000732421875,21.770000457763672,78.69000244140625
2025-04-02,564.52001953125,91.43000030517578,288.1600036621094,21.510000228881836,78.8499984741211
2025-04-03,536.7000122070312,91.8499984741211,286.4200134277344,30.020000457763672,77.87000274658203
2025-04-04,505.2799987792969,92.8499984741211,279.7200012207031,45.310001373291016,76.76000213623047
2025-04-07,504.3800048828125,90.05000305175781,273.7099914550781,46.97999954223633,76.0999984741211
2025-04-08,496.4800109863281,88.3499984741211,275.20001220703125,52.33000183105469,75.75
2025-04-09,548.6199951171875,88.87000274658203,285.3800048828125,33.619998931884766,77.77999877929688
2025-04-10,524.5800170898438,86.41999816894531,292.3500061035156,40.720001220703125,76.51000213623047
2025-04-11,533.9400024414062,86.88999938964844,297.92999267578125,37.560001373291016,76.73999786376953
2025-04-14,539.1199951171875,87.51000213623047,296.2300109863281,30.889999389648438,77.12000274658203
2025-04-15,537.6099853515625,87.81999969482422,297.7799987792969,30.1200008392334,77.33000183105469
2025-04-16,525.6599731445312,88.30999755859375,307.4700012207031,32.63999938964844,77.31999969482422
2025-04-17,526.4099731445312,87.52999877929688,306.1199951171875,29.649999618530273,77.7699966430664
2025-04-21,513.8800048828125,86.0,315.5899963378906,33.81999969482422,77.30999755859375
2025-04-22,527.25,86.4800033569336,311.1099853515625,30.56999969482422,77.61000061035156
2025-04-23,535.4199829101562,87.31999969482422,303.6499938964844,28.450000762939453,78.0
2025-04-24,546.6900024414062,88.23999786376953,308.07000732421875,26.469999313354492,78.69999694824219
2025-04-25,550.6400146484375,88.88999938964844,304.7300109863281,24.84000015258789,78.7699966430664
2025-04-28,550.8499755859375,89.44999694824219,309.07000732421875,25.149999618530273,78.80999755859375
2025-04-29,554.3200073242188,90.19999694824219,306.05999755859375,24.170000076293945,79.0199966430664
2025-04-30,554.5399780273438,89.47000122070312,303.7699890136719,24.700000762939453,78.5999984741211
2025-05-01,558.469970703125,88.69000244140625,297.4599914550781,24.600000381469727,78.30000305175781
2025-05-02,566.760009765625,87.7300033569336,297.9800109863281,22.68000030517578,78.54000091552734
2025-05-05,563.510009765625,87.23999786376953,306.8800048828125,23.639999389648438,78.51000213623047
2025-05-06,558.7999877929688,87.52999877929688,315.4800109863281,24.760000228881836,78.44999694824219
2025-05-07,561.1500244140625,87.9000015258789,310.75,23.549999237060547,78.5199966430664
2025-05-08,565.0599975585938,86.91999816894531,304.6300048828125,22.479999542236328,78.5
2025-05-09,564.3400268554688,87.05000305175781,306.8399963378906,21.899999618530273,78.55000305175781
2025-05-12,582.989990234375,86.23999786376953,298.19000244140625,18.389999389648438,79.33000183105469
2025-05-13,586.8400268554688,85.88999938964844,299.4599914550781,18.219999313354492,79.47000122070312
2025-05-14,587.5900268554688,85.31999969482422,293.1600036621094,18.6200008392334,79.18000030517578
2025-05-15,590.4600219726562,86.06999969482422,297.8399963378906,17.829999923706055,79.33000183105469
2025-05-16,594.2000122070312,86.30000305175781,294.239990234375,17.239999771118164,79.41999816894531
2025-05-19,594.8499755859375,86.05000305175781,298.0299987792969,18.139999389648438,79.37999725341797
2025-05-20,592.8499755859375,85.43000030517578,303.5799865722656,18.09000015258789,79.33999633789062
2025-05-21,582.8599853515625,83.97000122070312,305.82000732421875,20.8700008392334,78.80999755859375
2025-05-22,583.0900268554688,84.41000366210938,303.1099853515625,20.280000686645508,78.97000122070312
2025-05-23,579.1099853515625,84.55000305175781,309.75,22.290000915527344,78.94999694824219
2025-05-27,591.1500244140625,85.7300033569336,304.5,18.959999084472656,79.43000030517578
2025-05-28,587.72998046875,85.36000061035156,303.80999755859375,19.309999465942383,79.37999725341797
2025-05-29,590.0499877929688,86.1500015258789,305.6099853515625,19.18000030517578,79.5
2025-05-30,589.3900146484375,86.27999877929688,303.6000061035156,18.56999969482422,79.56999969482422
2025-06-02,592.7100219726562,85.16000366210938,311.6700134277344,18.360000610351562,79.18000030517578
2025-06-03,596.0900268554688,85.01000213623047,308.9100036621094,17.690000534057617,79.33000183105469
2025-06-04,595.9299926757812,86.38999938964844,310.8999938964844,17.610000610351562,79.4800033569336
2025-06-05,593.0499877929688,86.44999694824219,309.3299865722656,18.479999542236328,79.30999755859375
2025-06-06,599.1400146484375,85.3499984741211,305.17999267578125,16.770000457763672,79.30000305175781
2025-06-09,599.6799926757812,85.44000244140625,306.6199951171875,17.15999984741211,79.33999633789062
2025-06-10,603.0800170898438,85.87999725341797,306.7099914550781,16.950000762939453,79.52999877929688
2025-06-11,601.3599853515625,86.13999938964844,308.3699951171875,17.260000228881836,79.51000213623047
2025-06-12,603.75,87.16999816894531,312.20001220703125,18.020000457763672,79.5999984741211
2025-06-13,597.0,86.33000183105469,316.2900085449219,20.81999969482422,79.36000061035156
2025-06-16,602.6799926757812,85.45999908447266,311.7799987792969,19.110000610351562,79.5199966430664
2025-06-17,597.530029296875,86.5,311.94000244140625,21.600000381469727,79.43000030517578
2025-06-18,597.4400024414062,86.6500015258789,310.260009765625,20.139999389648438,79.55000305175781
2025-06-20,594.280029296875,86.48999786376953,310.1300048828125,20.6200008392334,79.80000305175781
2025-06-23,600.1500244140625,86.7699966430664,311.0799865722656,19.829999923706055,79.94999694824219
2025-06-24,606.780029296875,87.4000015258789,306.19000244140625,17.479999542236328,80.16999816894531
2025-06-25,607.1199951171875,87.51000213623047,307.1199951171875,16.760000228881836,80.1500015258789
2025-06-26,611.8699951171875,87.94999694824219,306.7799987792969,16.59000015258789,80.37999725341797
2025-06-27,614.9099731445312,87.38999938964844,301.2200012207031,16.31999969482422,80.33999633789062
2025-06-30,617.8499755859375,88.25,304.8299865722656,16.729999542236328,80.6500015258789
2025-07-01,617.6500244140625,88.13999938964844,307.54998779296875,16.829999923706055,80.16999816894531
2025-07-02,620.4500122070312,87.58000183105469,309.25,16.639999389648438,80.31999969482422
2025-07-03,625.3400268554688,86.97000122070312,307.1400146484375,16.3799991607666,80.37000274658203
2025-07-07,620.6799926757812,86.13999938964844,307.3699951171875,17.790000915527344,80.0999984741211
2025-07-08,620.3400268554688,86.02999877929688,304.1600036621094,16.809999465942383,79.98999786376953
2025-07-09,624.0599975585938,86.93000030517578,305.5199890136719,15.9399995803833,80.20999908447266
2025-07-10,625.8200073242188,86.98999786376953,306.20001220703125,15.779999732971191,80.12999725341797
2025-07-11,623.6199951171875,85.79000091552734,309.1400146484375,16.399999618530273,80.02999877929688
2025-07-14,624.8099975585938,85.61000061035156,308.010009765625,17.200000762939453,80.08999633789062
2025-07-15,622.1400146484375,85.01000213623047,306.7300109863281,17.3799991607666,79.8499984741211
2025-07-16,624.219970703125,85.12999725341797,308.260009765625,17.15999984741211,80.05999755859375
2025-07-17,628.0399780273438,85.11000061035156,307.5899963378906,16.520000457763672,80.13999938964844
2025-07-18,627.5800170898438,85.23999786376953,308.3900146484375,16.40999984741211,80.25
2025-07-21,628.77001953125,86.0,313.1300048828125,16.649999618530273,80.36000061035156
2025-07-22,628.8599853515625,86.5199966430664,316.1000061035156,16.5,80.5
2025-07-23,634.2100219726562,86.04000091552734,312.17999267578125,15.369999885559082,80.54000091552734
2025-07-24,634.4199829101562,85.88999938964844,310.2699890136719,15.390000343322754,80.44000244140625
2025-07-25,637.0999755859375,86.43000030517578,307.3999938964844,14.930000305175781,80.48999786376953
2025-07-28,636.9400024414062,85.87000274658203,305.4100036621094,15.029999732971191,80.44999694824219
2025-07-29,635.260009765625,87.31999969482422,306.25,15.979999542236328,80.5
2025-07-30,634.4600219726562,86.87000274658203,300.9599914550781,15.479999542236328,80.33000183105469
2025-07-31,632.0800170898438,86.91999816894531,302.9599914550781,16.719999313354492,80.37999725341797
2025-08-01,621.719970703125,87.81999969482422,309.1099853515625,20.3799991607666,79.9800033569336
2025-08-04,631.1699829101562,88.05999755859375,310.9100036621094,17.520000457763672,80.25
2025-08-05,627.969970703125,88.33000183105469,311.1600036621094,17.850000381469727,80.20999908447266
2025-08-06,632.780029296875,87.81999969482422,310.5,16.770000457763672,80.29000091552734
2025-08-07,632.25,87.66999816894531,313.1199951171875,16.56999969482422,80.20999908447266
2025-08-08,637.1799926757812,87.29000091552734,313.04998779296875,15.149999618530273,80.22000122070312
2025-08-11,635.9199829101562,87.38999938964844,308.54998779296875,16.25,80.22000122070312
2025-08-12,642.6900024414062,86.94999694824219,308.2699890136719,14.729999542236328,80.4000015258789
2025-08-13,644.8900146484375,87.66999816894531,309.2099914550781,14.489999771118164,80.61000061035156
2025-08-14,644.9500122070312,87.0199966430664,307.25,14.829999923706055,80.4000015258789
2025-08-15,643.4400024414062,86.4000015258789,307.42999267578125,15.09000015258789,80.45999908447266
2025-08-18,643.2999877929688,86.1500015258789,306.95001220703125,14.989999771118164,80.4000015258789
2025-08-19,639.8099975585938,86.6500015258789,305.2699890136719,15.569999694824219,80.37999725341797
2025-08-20,638.1099853515625,86.83999633789062,308.3599853515625,15.6899995803833,80.3499984741211
2025-08-21,635.5499877929688,86.41000366210938,307.2900085449219,16.600000381469727,80.19999694824219
2025-08-22,645.3099975585938,87.05000305175781,310.5799865722656,14.220000267028809,80.8499984741211
2025-08-25,642.469970703125,86.80000305175781,309.8299865722656,14.789999961853027,80.69000244140625
2025-08-26,645.1599731445312,86.75,312.0799865722656,14.619999885559082,80.87000274658203
2025-08-27,646.6300048828125,86.6500015258789,312.7099914550781,14.850000381469727,80.97000122070312
2025-08-28,648.9199829101562,87.22000122070312,315.0299987792969,14.430000305175781,81.01000213623047
2025-08-29,645.0499877929688,86.5999984741211,318.07000732421875,15.359999656677246,80.86000061035156
2025-09-02,640.27001953125,85.62999725341797,325.5899963378906,17.170000076293945,80.38999938964844
2025-09-03,643.739990234375,86.56999969482422,328.1400146484375,16.350000381469727,80.61000061035156
2025-09-04,649.1199951171875,87.2300033569336,326.69000244140625,15.300000190734863,80.83000183105469
2025-09-05,647.239990234375,88.55999755859375,331.04998779296875,15.180000305175781,80.87000274658203
2025-09-08,648.8300170898438,89.73999786376953,334.82000732421875,15.109999656677246,80.87000274658203
2025-09-09,650.3300170898438,89.2300033569336,334.05999755859375,15.039999961853027,80.77999877929688
2025-09-10,652.2100219726562,89.73999786376953,335.260009765625,15.350000381469727,80.83999633789062
2025-09-11,657.6300048828125,90.33999633789062,334.760009765625,14.710000038146973,81.04000091552734
2025-09-12,657.4099731445312,89.94999694824219,335.4200134277344,14.760000228881836,80.95999908447266
2025-09-15,660.9099731445312,90.16000366210938,338.9100036621094,15.6899995803833,81.19000244140625
2025-09-16,660.0,90.3499984741211,339.5899963378906,16.360000610351562,81.12999725341797
2025-09-17,659.1799926757812,90.12000274658203,336.9700012207031,15.720000267028809,81.05000305175781
2025-09-18,662.260009765625,89.19000244140625,335.6199951171875,15.699999809265137,81.2300033569336
2025-09-19,663.7000122070312,89.0199966430664,339.17999267578125,15.449999809265137,81.26000213623047
2025-09-22,666.8400268554688,88.69999694824219,345.04998779296875,16.100000381469727,81.31999969482422
2025-09-23,663.2100219726562,89.31999969482422,346.4599914550781,16.639999389648438,81.26000213623047
2025-09-24,661.0999755859375,88.9800033569336,343.32000732421875,16.18000030517578,81.1500015258789
2025-09-25,658.0499877929688,88.9800033569336,344.75,16.739999771118164,80.91999816894531
2025-09-26,661.8200073242188,88.9000015258789,346.739990234375,15.289999961853027,81.08000183105469
2025-09-29,663.6799926757812,89.62999725341797,352.4599914550781,16.1200008392334,81.22000122070312
2025-09-30,666.1799926757812,89.37000274658203,355.4700012207031,16.280000686645508,81.19000244140625
2025-10-01,668.4500122070312,89.29000091552734,356.0299987792969,16.290000915527344,80.95999908447266
2025-10-02,669.219970703125,89.55000305175781,354.7900085449219,16.6299991607666,80.93000030517578
2025-10-03,669.2100219726562,89.37999725341797,357.6400146484375,16.649999618530273,80.83999633789062
2025-10-06,671.6099853515625,88.66999816894531,364.3800048828125,16.3700008392334,80.86000061035156
2025-10-07,669.1199951171875,89.18000030517578,366.260009765625,17.239999771118164,80.7699966430664
2025-10-08,673.1099853515625,89.25,372.29998779296875,16.299999237060547,80.6500015258789
2025-10-09,671.1599731445312,89.18000030517578,365.42999267578125,16.43000030517578,80.41999816894531
2025-10-10,653.02001953125,90.62000274658203,369.1199951171875,21.65999984741211,79.94999694824219
2025-10-13,663.0399780273438,90.56999969482422,378.0899963378906,19.030000686645508,80.44999694824219
2025-10-14,662.22998046875,90.86000061035156,380.7900085449219,20.809999465942383,80.54000091552734
2025-10-15,665.1699829101562,90.66000366210938,387.3900146484375,20.639999389648438,80.80000305175781
2025-10-16,660.6400146484375,91.33999633789062,396.45001220703125,25.309999465942383,80.51000213623047
2025-10-17,664.3900146484375,91.19999694824219,388.989990234375,20.780000686645508,80.72000122070312
2025-10-20,671.2999877929688,91.55000305175781,403.1499938964844,18.229999542236328,80.87999725341797
2025-10-21,671.2899780273438,92.0,377.239990234375,17.8700008392334,80.76000213623047
2025-10-22,667.7999877929688,92.05999755859375,377.2799987792969,18.600000381469727,80.68000030517578
2025-10-23,671.760009765625,91.43000030517578,378.7900085449219,17.299999237060547,80.86000061035156
2025-10-24,677.25,91.47000122070312,377.5199890136719,16.3700008392334,81.08000183105469
2025-10-27,685.239990234375,91.77999877929688,367.010009765625,15.789999961853027,81.27999877929688
2025-10-28,687.0599975585938,92.0199966430664,364.3800048828125,16.420000076293945,81.19999694824219
2025-10-29,687.3900146484375,91.08999633789062,363.0,16.920000076293945,80.94999694824219
2025-10-30,679.8300170898438,90.55999755859375,370.1300048828125,16.90999984741211,80.80000305175781
2025-10-31,682.0599975585938,90.29000091552734,368.1199951171875,17.440000534057617,80.80000305175781
2025-11-03,683.3400268554688,89.73999786376953,368.7799987792969,17.170000076293945,80.13999938964844
2025-11-04,675.239990234375,89.94000244140625,362.32000732421875,19.0,80.1500015258789
2025-11-05,677.5800170898438,88.95999908447266,366.510009765625,18.010000228881836,80.2300033569336
2025-11-06,670.3099975585938,89.76000213623047,366.07000732421875,19.5,80.26000213623047
2025-11-07,670.969970703125,89.56999969482422,368.30999755859375,19.079999923706055,80.33000183105469
2025-11-10,681.4400024414062,89.55000305175781,378.3800048828125,17.600000381469727,80.5999984741211
2025-11-11,683.0,89.95999908447266,379.8699951171875,17.280000686645508,80.69000244140625
2025-11-12,683.3800048828125,90.12000274658203,385.989990234375,17.510000228881836,80.52999877929688
2025-11-13,672.0399780273438,89.37999725341797,382.8699951171875,20.0,80.19999694824219
2025-11-14,671.9299926757812,88.87000274658203,375.9599914550781,19.829999923706055,80.22000122070312
2025-11-17,665.6699829101562,89.08999633789062,371.6499938964844,22.3799991607666,80.08999633789062
2025-11-18,660.0800170898438,89.05999755859375,374.3500061035156,24.690000534057617,80.11000061035156
2025-11-19,662.6300048828125,88.87999725341797,374.9599914550781,23.65999984741211,80.1500015258789
2025-11-20,652.530029296875,89.2300033569336,374.8500061035156,26.420000076293945,80.0999984741211
2025-11-21,659.030029296875,89.5,374.2699890136719,23.43000030517578,80.37000274658203
2025-11-24,668.72998046875,90.01000213623047,380.20001220703125,20.520000457763672,80.58999633789062
2025-11-25,675.02001953125,90.23999786376953,380.0799865722656,18.559999465942383,80.87000274658203
2025-11-26,679.6799926757812,90.63999938964844,383.1199951171875,17.190000534057617,80.94999694824219
2025-11-28,683.3900146484375,90.20999908447266,387.8800048828125,16.350000381469727,80.98999786376953
2025-12-01,680.27001953125,88.7699966430664,389.75,17.239999771118164,80.47000122070312
2025-12-02,681.530029296875,88.80999755859375,387.239990234375,16.59000015258789,80.62000274658203
2025-12-03,683.8900146484375,89.05999755859375,386.8800048828125,16.079999923706055,80.69000244140625
2025-12-04,684.3900146484375,88.58000183105469,387.1300048828125,15.779999732971191,80.75
2025-12-05,685.6900024414062,88.16999816894531,386.44000244140625,15.40999984741211,80.75
2025-12-08,683.6300048828125,87.87999725341797,385.4200134277344,16.65999984741211,80.55000305175781
2025-12-09,683.0399780273438,87.97000122070312,387.3999938964844,16.93000030517578,80.45999908447266
2025-12-10,687.5700073242188,88.30999755859375,389.04998779296875,15.770000457763672,80.7300033569336
2025-12-11,689.1699829101562,88.19000244140625,393.239990234375,14.850000381469727,80.72000122070312
2025-12-12,681.760009765625,87.33999633789062,395.44000244140625,15.739999771118164,80.56999969482422
2025-12-15,680.72998046875,87.4000015258789,395.79998779296875,16.5,80.61000061035156
2025-12-16,678.8699951171875,87.87999725341797,395.8900146484375,16.479999542236328,80.66000366210938
2025-12-17,671.4000244140625,87.80000305175781,399.2900085449219,17.6200008392334,80.55999755859375
2025-12-18,676.469970703125,88.22000122070312,398.57000732421875,16.8700008392334,80.77999877929688
2025-12-19,680.5900268554688,87.55000305175781,399.0199890136719,14.90999984741211,80.36000061035156
2025-12-22,684.8300170898438,87.36000061035156,408.2300109863281,14.079999923706055,80.43000030517578
2025-12-23,687.9600219726562,87.5,413.6400146484375,14.0,80.48999786376953
2025-12-24,690.3800048828125,88.02999877929688,411.92999267578125,13.470000267028809,80.63999938964844
2025-12-26,690.3099975585938,87.73999786376953,416.739990234375,13.600000381469727,80.5999984741211
2025-12-29,687.8499755859375,88.06999969482422,398.6000061035156,14.199999809265137,80.62999725341797
2025-12-30,687.010009765625,87.86000061035156,398.8900146484375,14.329999923706055,80.70999908447266
2025-12-31,681.9199829101562,87.16000366210938,396.30999755859375,14.949999809265137,80.62999725341797
2026-01-02,683.1699829101562,87.02999877929688,398.2799987792969,14.510000228881836,80.66999816894531
2026-01-05,687.719970703125,87.45999908447266,408.760009765625,14.899999618530273,80.87999725341797
2026-01-06,691.8099975585938,87.27999877929688,413.17999267578125,14.75,80.9000015258789
2026-01-07,689.5800170898438,87.79000091552734,409.2300109863281,15.380000114440918,80.87999725341797
2026-01-08,689.510009765625,87.3499984741211,411.489990234375,15.449999809265137,80.94000244140625
2026-01-09,694.0700073242188,87.93000030517578,414.4700012207031,14.489999771118164,81.0
2026-01-12,695.1599731445312,87.66999816894531,422.2300109863281,15.119999885559082,81.04000091552734
2026-01-13,693.77001953125,87.81999969482422,421.6300048828125,15.979999542236328,81.04000091552734
2026-01-14,690.3599853515625,88.33000183105469,425.94000244140625,16.75,81.04000091552734
2026-01-15,692.239990234375,88.30999755859375,423.3299865722656,15.84000015258789,81.04000091552734
2026-01-16,691.6599731445312,87.80000305175781,421.2900085449219,15.859999656677246,81.08999633789062
2026-01-20,677.5800170898438,86.6500015258789,437.2300109863281,20.09000015258789,80.87999725341797
2026-01-21,685.4000244140625,87.30999755859375,443.6000061035156,16.899999618530273,81.12000274658203
2026-01-22,688.97998046875,87.69000244140625,451.7900085449219,15.640000343322754,81.18000030517578
2026-01-23,689.22998046875,87.93000030517578,458.0,16.09000015258789,81.13999938964844
2026-01-26,692.72998046875,88.3499984741211,464.70001220703125,16.149999618530273,81.18000030517578
2026-01-27,695.489990234375,87.80000305175781,476.1000061035156,16.350000381469727,81.16999816894531
2026-01-28,695.4199829101562,87.5999984741211,494.55999755859375,16.350000381469727,81.04000091552734
2026-01-29,694.0399780273438,87.62000274658203,495.8999938964844,16.8799991607666,81.02999877929688
2026-01-30,691.969970703125,87.12999725341797,444.95001220703125,17.440000534057617,81.12000274658203
2026-02-02,695.4099731445312,86.55000305175781,427.1300048828125,16.34000015258789,80.7699966430664
2026-02-03,689.530029296875,86.76000213623047,454.2900085449219,18.0,80.72000122070312
2026-02-04,686.1900024414062,86.54000091552734,453.9700012207031,18.639999389648438,80.62000274658203
2026-02-05,677.6199951171875,87.4800033569336,441.8800048828125,21.770000457763672,80.52999877929688
2026-02-06,690.6199951171875,87.54000091552734,455.4599914550781,20.3700008392334,80.80999755859375
2026-02-09,693.9500122070312,87.5199966430664,467.0299987792969,17.360000610351562,80.91999816894531
2026-02-10,692.1199951171875,88.52999877929688,462.3999938964844,17.790000915527344,80.83999633789062
2026-02-11,691.9600219726562,88.05999755859375,467.6300048828125,17.649999618530273,80.83000183105469
2026-02-12,681.27001953125,89.2300033569336,451.3900146484375,20.81999969482422,80.79000091552734
2026-02-13,681.75,89.72000122070312,462.6199951171875,20.600000381469727,80.8499984741211
2026-02-17,682.8499755859375,89.87000274658203,448.20001220703125,20.290000915527344,80.80999755859375
2026-02-18,686.2899780273438,89.52999877929688,458.2799987792969,19.6200008392334,80.91000366210938
2026-02-19,684.47998046875,89.62000274658203,459.55999755859375,20.229999542236328,80.94000244140625
2026-02-20,689.4299926757812,89.41000366210938,468.6199951171875,19.09000015258789,81.0
2026-02-23,682.3900146484375,89.73999786376953,481.2799987792969,21.010000228881836,80.87000274658203
2026-02-24,687.3499755859375,89.9000015258789,474.6099853515625,19.549999237060547,80.80999755859375
2026-02-25,693.1500244140625,89.91000366210938,473.4200134277344,17.93000030517578,80.91999816894531
2026-02-26,689.2999877929688,90.2699966430664,477.4800109863281,18.6299991607666,80.8499984741211
2026-02-27,685.989990234375,90.81999969482422,483.75,19.860000610351562,80.72000122070312
2026-03-02,686.3800048828125,89.61000061035156,490.0,21.440000534057617,80.27999877929688
2026-03-03,680.3300170898438,89.43000030517578,468.1400146484375,23.56999969482422,80.12000274658203
2026-03-04,685.1300048828125,89.1500015258789,471.79998779296875,21.149999618530273,80.4000015258789
2026-03-05,681.3099975585938,88.79000091552734,466.1300048828125,23.75,80.08000183105469
2026-03-06,672.3800048828125,88.45999908447266,473.510009765625,29.489999771118164,79.69000244140625
2026-03-09,678.27001953125,89.2300033569336,472.5299987792969,25.5,80.16999816894531
2026-03-10,677.1799926757812,88.27999877929688,477.8599853515625,24.93000030517578,80.04000091552734
2026-03-11,676.3300170898438,87.13999938964844,476.239990234375,24.229999542236328,79.86000061035156
2026-03-12,666.0599975585938,86.97000122070312,466.8800048828125,27.290000915527344,79.3499984741211
2026-03-13,662.2899780273438,86.54000091552734,460.8399963378906,27.190000534057617,79.19999694824219
2026-03-16,669.030029296875,87.20999908447266,460.42999267578125,23.510000228881836,79.44999694824219
2026-03-17,670.7899780273438,87.44999694824219,459.2699890136719,22.3700008392334,79.80999755859375
2026-03-18,661.4299926757812,86.95999908447266,444.739990234375,25.09000015258789,79.4000015258789
2026-03-19,659.7999877929688,87.48999786376953,426.4100036621094,24.059999465942383,79.66000366210938
2026-03-20,648.5700073242188,85.83000183105469,413.3800048828125,26.780000686645508,78.91999816894531
2026-03-23,655.3800048828125,86.38999938964844,404.0400085449219,26.149999618530273,79.44000244140625
2026-03-24,653.1799926757812,86.01000213623047,404.1300048828125,26.950000762939453,79.16999816894531
2026-03-25,656.8200073242188,86.83999633789062,416.2900085449219,25.329999923706055,79.41999816894531
2026-03-26,645.0900268554688,86.11000061035156,400.6400146484375,27.440000534057617,78.91999816894531
2026-03-27,634.0900268554688,85.63999938964844,414.70001220703125,31.049999237060547,78.72000122070312
2026-03-30,631.969970703125,86.77999877929688,414.5799865722656,30.610000610351562,78.80999755859375
2026-03-31,650.3400268554688,86.69000244140625,430.2900085449219,25.25,79.55999755859375
2026-04-01,655.239990234375,86.26000213623047,437.82000732421875,24.540000915527344,79.37000274658203
2026-04-02,655.8300170898438,86.79000091552734,429.4100036621094,23.8700008392334,79.55999755859375
2026-04-06,658.9299926757812,86.6500015258789,427.6499938964844,24.170000076293945,79.69999694824219
2026-04-07,659.219970703125,86.63999938964844,431.80999755859375,25.780000686645508,79.72000122070312
2026-04-08,676.010009765625,86.91999816894531,434.5299987792969,21.040000915527344,80.19000244140625
2026-04-09,679.9099731445312,86.69999694824219,437.9100036621094,19.489999771118164,80.27999877929688
2026-04-10,679.4600219726562,86.48999786376953,437.1300048828125,19.229999542236328,79.95999908447266
2026-04-13,686.0999755859375,86.75,435.3599853515625,19.1200008392334,80.26000213623047
2026-04-14,694.4600219726562,87.20999908447266,445.0899963378906,18.360000610351562,80.5
2026-04-15,699.9400024414062,86.83000183105469,440.4599914550781,18.170000076293945,80.45999908447266
2026-04-16,701.6599731445312,86.27999877929688,440.0799865722656,17.940000534057617,80.3499984741211
2026-04-17,710.1400146484375,87.06999969482422,445.92999267578125,17.479999542236328,80.6500015258789
2026-04-20,708.719970703125,87.05000305175781,442.0899963378906,18.8700008392334,80.58000183105469
2026-04-21,704.0800170898438,86.56999969482422,429.57000732421875,19.5,80.37000274658203
2026-04-22,711.2100219726562,86.73999786376953,435.260009765625,18.920000076293945,80.5
2026-04-23,708.4500122070312,86.55000305175781,431.0400085449219,19.309999465942383,80.37000274658203
2026-04-24,713.9400024414062,86.70999908447266,433.25,18.709999084472656,80.4800033569336
2026-04-27,715.1699829101562,86.27999877929688,429.8900146484375,18.020000457763672,80.51000213623047
2026-04-28,711.6900024414062,86.37000274658203,421.9100036621094,17.829999923706055,80.4000015258789
2026-04-29,711.5800170898438,85.69999694824219,417.4100036621094,18.809999465942383,80.12999725341797
2026-04-30,718.6599731445312,85.62000274658203,423.6600036621094,16.889999389648438,80.37999725341797
2026-05-01,720.6500244140625,85.61000061035156,423.17999267578125,16.989999771118164,80.05999755859375
2026-05-04,718.010009765625,84.95999908447266,414.7099914550781,18.290000915527344,79.80000305175781
2026-05-05,723.77001953125,85.43000030517578,418.2699890136719,17.3799991607666,79.91999816894531
2026-05-06,733.8300170898438,86.08000183105469,430.9599914550781,17.389999389648438,80.16000366210938
2026-05-07,731.5800170898438,85.6500015258789,431.67999267578125,17.079999923706055,79.86000061035156
2026-05-08,737.6199951171875,86.08000183105469,433.7699890136719,17.190000534057617,80.13999938964844
2026-05-11,739.2999877929688,85.55999755859375,434.6499938964844,18.3799991607666,79.9800033569336
2026-05-12,738.1799926757812,84.98999786376953,432.92999267578125,17.989999771118164,79.87000274658203
2026-05-13,742.3099975585938,84.80000305175781,430.5,17.8700008392334,79.91000366210938
2026-05-14,748.1699829101562,84.91999816894531,427.2099914550781,17.260000228881836,79.8499984741211
2026-05-15,739.1699829101562,83.66000366210938,417.2900085449219,18.43000030517578,79.45999908447266
2026-05-18,738.6500244140625,83.55999755859375,418.42999267578125,17.81999969482422,79.54000091552734
2026-05-19,733.72998046875,83.0199966430664,411.5,18.059999465942383,79.3499984741211
2026-05-20,741.25,83.91000366210938,417.3999938964844,17.440000534057617,79.86000061035156
2026-05-21,742.719970703125,84.22000122070312,416.989990234375,16.760000228881836,79.9000015258789
2026-05-22,745.6400146484375,84.68000030517578,413.82000732421875,16.700000762939453,79.91000366210938
2026-05-26,750.5900268554688,85.0999984741211,414.0,17.010000228881836,80.18000030517578
2026-05-27,750.4600219726562,85.30000305175781,408.489990234375,16.290000915527344,80.12999725341797
2026-05-28,754.5999755859375,85.73999786376953,412.7699890136719,15.739999771118164,80.2300033569336
2026-05-29,756.47998046875,85.76000213623047,417.1199951171875,15.319999694824219,80.30999755859375
2026-06-01,758.5399780273438,85.47000122070312,411.260009765625,16.049999237060547,79.83999633789062
2026-06-02,759.5700073242188,85.6500015258789,411.95001220703125,15.770000457763672,79.9000015258789
2026-06-03,754.239990234375,85.30999755859375,407.8699951171875,16.059999465942383,79.68000030517578
2026-06-04,757.0900268554688,85.5,411.2699890136719,15.399999618530273,79.83000183105469
2026-06-05,737.5499877929688,85.05999755859375,396.239990234375,21.510000228881836,79.43000030517578
2026-06-08,739.219970703125,84.62000274658203,397.2699890136719,18.920000076293945,79.54000091552734
2026-06-09,737.0499877929688,85.12000274658203,390.7799987792969,19.8700008392334,79.62000274658203
2026-06-10,725.4299926757812,84.87999725341797,374.5799865722656,22.219999313354492,79.47000122070312
2026-06-11,737.760009765625,85.9800033569336,386.32000732421875,19.440000534057617,79.94000244140625
2026-06-12,741.75,85.7699966430664,386.5400085449219,17.68000030517578,79.94000244140625
2026-06-15,754.8300170898438,85.72000122070312,396.54998779296875,16.200000762939453,80.04000091552734
2026-06-16,750.3300170898438,86.19000244140625,397.6300048828125,16.40999984741211,80.02999877929688
2026-06-17,740.9600219726562,86.33000183105469,388.6000061035156,18.440000534057617,79.7300033569336
2026-06-18,746.739990234375,86.75,387.1199951171875,16.399999618530273,80.01000213623047
2026-06-22,744.3900146484375,86.08999633789062,384.5899963378906,17.280000686645508,79.94000244140625
2026-06-23,733.5800170898438,86.19999694824219,377.32000732421875,19.489999771118164,79.87000274658203
2026-06-24,733.239990234375,87.37999725341797,365.9200134277344,18.6299991607666,79.8499984741211
2026-06-25,734.2999877929688,87.3499984741211,369.4599914550781,18.889999389648438,79.87999725341797
2026-06-26,728.989990234375,87.36000061035156,373.6300048828125,18.40999984741211,79.83000183105469
2026-06-29,741.0,87.44999694824219,368.5799865722656,17.649999618530273,80.01000213623047
2026-06-30,746.77001953125,86.41999816894531,368.3800048828125,16.450000762939453,79.97000122070312
2026-07-01,745.760009765625,85.5199966430664,370.6000061035156,16.59000015258789,79.58999633789062
2026-07-02,744.780029296875,85.51000213623047,378.1300048828125,16.149999618530273,79.70999908447266
2026-07-06,751.280029296875,85.44999694824219,382.1300048828125,15.569999694824219,79.87000274658203
2026-07-07,747.7100219726562,84.55000305175781,377.489990234375,16.1299991607666,79.76000213623047
2026-07-08,745.4000244140625,84.36000061035156,374.45001220703125,16.899999618530273,79.66000366210938
2026-07-09,751.7100219726562,84.48999786376953,378.17999267578125,15.84000015258789,79.75
2026-07-10,754.9500122070312,84.47000122070312,377.010009765625,15.029999732971191,79.70999908447266
2026-07-13,749.1699829101562,83.97000122070312,367.1300048828125,17.15999984741211,79.5199966430664
2026-07-14,751.8300170898438,84.08000183105469,372.1499938964844,16.5,79.68000030517578
2026-07-15,754.8099975585938,84.23999786376953,372.3500061035156,15.670000076293945,79.80999755859375
2026-07-16,750.719970703125,84.20999908447266,364.9599914550781,16.729999542236328,79.80000305175781
2026-07-17,743.2899780273438,84.5199966430664,368.4100036621094,18.770000457763672,79.6500015258789
2026-07-20,742.0900268554688,83.88999938964844,367.6000061035156,18.649999618530273,79.68000030517578
2026-07-21,748.280029296875,83.66000366210938,374.80999755859375,17.049999237060547,79.6500015258789
2026-07-22,747.4099731445312,83.44000244140625,379.1199951171875,16.639999389648438,79.5199966430664
2026-07-23,738.1799926757812,83.16999816894531,371.5199890136719,18.700000762939453,79.2300033569336
2026-07-24,738.9299926757812,83.25,371.8999938964844,18.579999923706055,79.2300033569336
2026-07-27,739.0900268554688,83.75,374.6300048828125,18.670000076293945,79.2699966430664
2026-07-28,740.8599853515625,84.23999786376953,369.3699951171875,18.209999084472656,79.41999816894531
2026-07-29,729.4600219726562,82.8499984741211,371.0799865722656,20.65999984741211,79.23999786376953
2026-07-30,741.6900024414062,82.80000305175781,377.1600036621094,17.09000015258789,79.47000122070312
2026-07-31,747.030029296875,82.25,371.5400085449219,15.989999771118164,79.4800033569336
2026-08-03,757.6699829101562,82.19000244140625,371.7099914550781,15.859999656677246,79.30999755859375
2026-08-04,771.3300170898438,82.81999969482422,374.1600036621094,16.5,79.55000305175781
2026-08-05,769.7899780273438,83.0,389.6400146484375,15.8100004196167,79.5199966430664
2026-08-06,768.5599975585938,82.5199966430664,389.6700134277344,15.149999618530273,79.45999908447266
2026-08-07,773.260009765625,82.76000213623047,398.4700012207031,14.899999618530273,79.61000061035156
2026-08-10,773.030029296875,82.05999755859375,402.5400085449219,15.460000038146973,79.4800033569336
2026-08-11,770.5599975585938,82.19000244140625,400.9599914550781,15.279999732971191,79.51000213623047
2026-08-12,772.489990234375,82.11000061035156,404.9200134277344,14.550000190734863,79.61000061035156
2026-08-13,777.8800048828125,82.58999633789062,398.9599914550781,14.630000114440918,79.79000091552734
2026-08-14,776.3400268554688,82.04000091552734,401.4800109863281,14.25,79.70999908447266
2026-08-17,772.6699829101562,81.3499984741211,405.489990234375,15.1899995803833,79.61000061035156
2026-08-18,767.4500122070312,81.66000366210938,398.54998779296875,15.84000015258789,79.52999877929688
2026-08-19,769.0599975585938,83.0199966430664,413.8399963378906,14.890000343322754,79.70999908447266
2026-08-20,762.5999755859375,82.33999633789062,415.260009765625,16.010000228881836,79.55999755859375
2026-08-21,765.719970703125,82.05000305175781,423.3599853515625,15.130000114440918,79.61000061035156
