Date,dax
2010-01-04,6048.2998046875
2010-01-05,6031.85986328125
2010-01-06,6034.330078125
2010-01-07,6019.35986328125
2010-01-08,6037.60986328125
2010-01-11,6040.5
2010-01-12,5943.0
2010-01-13,5963.14013671875
2010-01-14,5988.8798828125
2010-01-15,5875.97021484375
2010-01-18,5918.5498046875
2010-01-19,5976.47998046875
2010-01-20,5851.52978515625
2010-01-21,5746.97021484375
2010-01-22,5695.31982421875
2010-01-25,5631.3701171875
2010-01-26,5668.93017578125
2010-01-27,5643.2001953125
2010-01-28,5540.330078125
2010-01-29,5608.7900390625
2010-02-01,5654.47998046875
2010-02-02,5709.66015625
2010-02-03,5672.08984375
2010-02-04,5533.240234375
2010-02-05,5434.33984375
2010-02-08,5484.85009765625
2010-02-09,5498.259765625
2010-02-10,5536.3701171875
2010-02-11,5503.93017578125
2010-02-12,5500.39013671875
2010-02-15,5511.10009765625
2010-02-16,5592.1201171875
2010-02-17,5648.33984375
2010-02-18,5680.41015625
2010-02-19,5722.0498046875
2010-02-22,5688.43994140625
2010-02-23,5604.06982421875
2010-02-24,5615.509765625
2010-02-25,5532.330078125
2010-02-26,5598.4599609375
2010-03-01,5713.509765625
2010-03-02,5776.56005859375
2010-03-03,5817.8798828125
2010-03-04,5795.31982421875
2010-03-05,5877.35986328125
2010-03-08,5875.91015625
2010-03-09,5885.89013671875
2010-03-10,5936.72021484375
2010-03-11,5928.6298828125
2010-03-12,5945.10986328125
2010-03-15,5903.56005859375
2010-03-16,5970.990234375
2010-03-17,6024.27978515625
2010-03-18,6012.31005859375
2010-03-19,5982.43017578125
2010-03-22,5987.5
2010-03-23,6017.27001953125
2010-03-24,6039.0
2010-03-25,6132.9501953125
2010-03-26,6120.0498046875
2010-03-29,6156.85009765625
2010-03-30,6142.4501953125
2010-03-31,6153.5498046875
2010-04-01,6235.56005859375
2010-04-06,6252.2099609375
2010-04-07,6222.41015625
2010-04-08,6171.830078125
2010-04-09,6249.7001953125
2010-04-12,6250.68994140625
2010-04-13,6230.830078125
2010-04-14,6278.39990234375
2010-04-15,6291.4501953125
2010-04-16,6180.89990234375
2010-04-19,6162.43994140625
2010-04-20,6264.22998046875
2010-04-21,6230.3798828125
2010-04-22,6168.72021484375
2010-04-23,6259.52978515625
2010-04-26,6332.10009765625
2010-04-27,6159.509765625
2010-04-28,6084.33984375
2010-04-29,6144.91015625
2010-04-30,6135.7001953125
2010-05-03,6166.919921875
2010-05-04,6006.85986328125
2010-05-05,5958.4501953125
2010-05-06,5908.259765625
2010-05-07,5715.08984375
2010-05-10,6017.91015625
2010-05-11,6037.7099609375
2010-05-12,6183.490234375
2010-05-13,6251.97021484375
2010-05-14,6056.7099609375
2010-05-17,6066.919921875
2010-05-18,6155.93017578125
2010-05-19,5988.669921875
2010-05-20,5867.8798828125
2010-05-21,5829.25
2010-05-24,5805.68017578125
2010-05-25,5670.0400390625
2010-05-26,5758.02001953125
2010-05-27,5937.14013671875
2010-05-28,5946.18017578125
2010-05-31,5964.330078125
2010-06-01,5981.27001953125
2010-06-02,5981.2001953125
2010-06-03,6054.6298828125
2010-06-04,5938.8798828125
2010-06-07,5904.9501953125
2010-06-08,5868.5498046875
2010-06-09,5984.75
2010-06-10,6056.58984375
2010-06-11,6047.830078125
2010-06-14,6125.0
2010-06-15,6175.0498046875
2010-06-16,6190.91015625
2010-06-17,6223.5400390625
2010-06-18,6216.97998046875
2010-06-21,6292.97021484375
2010-06-22,6269.0400390625
2010-06-23,6204.52001953125
2010-06-24,6115.47998046875
2010-06-25,6070.60009765625
2010-06-28,6157.22021484375
2010-06-29,5952.02978515625
2010-06-30,5965.52001953125
2010-07-01,5857.43017578125
2010-07-02,5834.14990234375
2010-07-05,5816.2001953125
2010-07-06,5940.97998046875
2010-07-07,5992.85986328125
2010-07-08,6035.66015625
2010-07-09,6065.240234375
2010-07-12,6077.18994140625
2010-07-13,6191.1298828125
2010-07-14,6209.759765625
2010-07-15,6149.35986328125
2010-07-16,6040.27001953125
2010-07-19,6009.10986328125
2010-07-20,5967.490234375
2010-07-21,5990.3798828125
2010-07-22,6142.14990234375
2010-07-23,6166.33984375
2010-07-26,6194.2099609375
2010-07-27,6207.31005859375
2010-07-28,6178.93994140625
2010-07-29,6134.7001953125
2010-07-30,6147.97021484375
2010-08-02,6292.1298828125
2010-08-03,6307.91015625
2010-08-04,6331.330078125
2010-08-05,6333.580078125
2010-08-06,6259.6298828125
2010-08-09,6351.60009765625
2010-08-10,6286.25
2010-08-11,6154.06982421875
2010-08-12,6135.169921875
2010-08-13,6110.41015625
2010-08-16,6110.56982421875
2010-08-17,6206.39990234375
2010-08-18,6186.31005859375
2010-08-19,6075.1298828125
2010-08-20,6005.16015625
2010-08-23,6010.91015625
2010-08-24,5935.43994140625
2010-08-25,5899.5
2010-08-26,5912.580078125
2010-08-27,5951.169921875
2010-08-30,5912.41015625
2010-08-31,5925.22021484375
2010-09-01,6083.89990234375
2010-09-02,6083.85009765625
2010-09-03,6134.6201171875
2010-09-06,6155.0400390625
2010-09-07,6117.89013671875
2010-09-08,6164.43994140625
2010-09-09,6221.52001953125
2010-09-10,6214.77001953125
2010-09-13,6261.68017578125
2010-09-14,6275.41015625
2010-09-15,6261.8701171875
2010-09-16,6249.64990234375
2010-09-17,6209.759765625
2010-09-20,6294.580078125
2010-09-21,6275.97998046875
2010-09-22,6208.330078125
2010-09-23,6184.7099609375
2010-09-24,6298.2998046875
2010-09-27,6278.89013671875
2010-09-28,6276.08984375
2010-09-29,6246.919921875
2010-09-30,6229.02001953125
2010-10-01,6211.33984375
2010-10-04,6134.2099609375
2010-10-05,6215.830078125
2010-10-06,6270.72998046875
2010-10-07,6276.25
2010-10-08,6291.669921875
2010-10-11,6309.509765625
2010-10-12,6304.56982421875
2010-10-13,6434.52001953125
2010-10-14,6455.27001953125
2010-10-15,6492.2998046875
2010-10-18,6516.6298828125
2010-10-19,6490.68994140625
2010-10-20,6524.5498046875
2010-10-21,6611.009765625
2010-10-22,6605.83984375
2010-10-25,6639.2099609375
2010-10-26,6613.7998046875
2010-10-27,6568.0
2010-10-28,6595.27978515625
2010-10-29,6601.3701171875
2010-11-01,6604.85986328125
2010-11-02,6654.31005859375
2010-11-03,6617.7998046875
2010-11-04,6734.68994140625
2010-11-05,6754.2001953125
2010-11-08,6750.5
2010-11-09,6787.81005859375
2010-11-10,6719.83984375
2010-11-11,6723.41015625
2010-11-12,6734.60986328125
2010-11-15,6790.169921875
2010-11-16,6663.240234375
2010-11-17,6700.06982421875
2010-11-18,6832.10986328125
2010-11-19,6843.5498046875
2010-11-22,6822.0498046875
2010-11-23,6705.0
2010-11-24,6823.7998046875
2010-11-25,6879.66015625
2010-11-26,6848.97998046875
2010-11-29,6697.97021484375
2010-11-30,6688.490234375
2010-12-01,6866.6298828125
2010-12-02,6957.60986328125
2010-12-03,6947.72021484375
2010-12-06,6954.3798828125
2010-12-07,7001.91015625
2010-12-08,6975.8701171875
2010-12-09,6964.16015625
2010-12-10,7006.169921875
2010-12-13,7029.39013671875
2010-12-14,7027.39990234375
2010-12-15,7016.3701171875
2010-12-16,7024.39990234375
2010-12-17,6982.4501953125
2010-12-20,7018.60009765625
2010-12-21,7077.990234375
2010-12-22,7067.919921875
2010-12-23,7057.68994140625
2010-12-27,6970.72998046875
2010-12-28,6972.10009765625
2010-12-29,6995.47021484375
2010-12-30,6914.18994140625
2011-01-03,6989.740234375
2011-01-04,6975.35009765625
2011-01-05,6939.81982421875
2011-01-06,6981.39013671875
2011-01-07,6947.83984375
2011-01-10,6857.06005859375
2011-01-11,6941.56982421875
2011-01-12,7068.77978515625
2011-01-13,7075.10986328125
2011-01-14,7075.7001953125
2011-01-17,7078.06005859375
2011-01-18,7143.4501953125
2011-01-19,7082.759765625
2011-01-20,7024.27001953125
2011-01-21,7062.419921875
2011-01-24,7067.77001953125
2011-01-25,7059.009765625
2011-01-26,7127.35009765625
2011-01-27,7155.580078125
2011-01-28,7102.7998046875
2011-01-31,7077.47998046875
2011-02-01,7184.27001953125
2011-02-02,7183.669921875
2011-02-03,7193.68017578125
2011-02-04,7216.2099609375
2011-02-07,7283.6201171875
2011-02-08,7323.240234375
2011-02-09,7320.89990234375
2011-02-10,7340.27978515625
2011-02-11,7371.2001953125
2011-02-14,7396.6298828125
2011-02-15,7400.0400390625
2011-02-16,7414.2998046875
2011-02-17,7405.509765625
2011-02-18,7426.81005859375
2011-02-21,7321.81005859375
2011-02-22,7318.35009765625
2011-02-23,7194.60009765625
2011-02-24,7130.5
2011-02-25,7185.169921875
2011-02-28,7272.31982421875
2011-03-01,7223.2998046875
2011-03-02,7181.1201171875
2011-03-03,7225.9599609375
2011-03-04,7178.89990234375
2011-03-07,7161.93017578125
2011-03-08,7164.75
2011-03-09,7131.7998046875
2011-03-10,7063.08984375
2011-03-11,6981.490234375
2011-03-14,6866.6298828125
2011-03-15,6647.66015625
2011-03-16,6513.83984375
2011-03-17,6656.8798828125
2011-03-18,6664.39990234375
2011-03-21,6816.1201171875
2011-03-22,6780.97021484375
2011-03-23,6804.4501953125
2011-03-24,6933.580078125
2011-03-25,6946.35986328125
2011-03-28,6938.6298828125
2011-03-29,6934.43994140625
2011-03-30,7057.14990234375
2011-03-31,7041.31005859375
2011-04-01,7179.81005859375
2011-04-04,7175.330078125
2011-04-05,7175.31005859375
2011-04-06,7215.10986328125
2011-04-07,7178.77978515625
2011-04-08,7217.02001953125
2011-04-11,7204.85986328125
2011-04-12,7102.91015625
2011-04-13,7177.97021484375
2011-04-14,7146.56005859375
2011-04-15,7178.2900390625
2011-04-18,7026.85009765625
2011-04-19,7039.31005859375
2011-04-20,7249.18994140625
2011-04-21,7295.490234375
2011-04-26,7356.509765625
2011-04-27,7404.9501953125
2011-04-28,7475.22021484375
2011-04-29,7514.4599609375
2011-05-02,7527.64013671875
2011-05-03,7500.7001953125
2011-05-04,7373.93017578125
2011-05-05,7376.9599609375
2011-05-06,7492.25
2011-05-09,7410.52001953125
2011-05-10,7501.52001953125
2011-05-11,7495.0498046875
2011-05-12,7443.9501953125
2011-05-13,7403.31005859375
2011-05-16,7387.5400390625
2011-05-17,7256.64990234375
2011-05-18,7303.52978515625
2011-05-19,7358.22998046875
2011-05-20,7266.81982421875
2011-05-23,7121.52001953125
2011-05-24,7150.66015625
2011-05-25,7170.93994140625
2011-05-26,7114.08984375
2011-05-27,7163.47021484375
2011-05-30,7160.2998046875
2011-05-31,7293.68994140625
2011-06-01,7217.43017578125
2011-06-02,7074.1201171875
2011-06-03,7109.02978515625
2011-06-06,7084.56982421875
2011-06-07,7103.25
2011-06-08,7060.22998046875
2011-06-09,7159.66015625
2011-06-10,7069.89990234375
2011-06-13,7085.14013671875
2011-06-14,7204.7900390625
2011-06-15,7115.080078125
2011-06-16,7110.2001953125
2011-06-17,7164.0498046875
2011-06-20,7150.2099609375
2011-06-21,7285.509765625
2011-06-22,7278.18994140625
2011-06-23,7149.43994140625
2011-06-24,7121.3798828125
2011-06-27,7107.89990234375
2011-06-28,7170.43017578125
2011-06-29,7294.14013671875
2011-06-30,7376.240234375
2011-07-01,7419.43994140625
2011-07-04,7442.9599609375
2011-07-05,7439.43994140625
2011-07-06,7431.18994140625
2011-07-07,7471.43994140625
2011-07-08,7402.72998046875
2011-07-11,7230.25
2011-07-12,7174.14013671875
2011-07-13,7267.8701171875
2011-07-14,7214.740234375
2011-07-15,7220.1201171875
2011-07-18,7107.919921875
2011-07-19,7192.669921875
2011-07-20,7221.35986328125
2011-07-21,7290.14013671875
2011-07-22,7326.39013671875
2011-07-25,7344.5400390625
2011-07-26,7349.4501953125
2011-07-27,7252.68017578125
2011-07-28,7190.06005859375
2011-07-29,7158.77001953125
2011-08-01,6953.97998046875
2011-08-02,6796.75
2011-08-03,6640.58984375
2011-08-04,6414.759765625
2011-08-05,6236.16015625
2011-08-08,5923.27001953125
2011-08-09,5917.080078125
2011-08-10,5613.419921875
2011-08-11,5797.66015625
2011-08-12,5997.740234375
2011-08-15,6022.240234375
2011-08-16,5994.89990234375
2011-08-17,5948.93994140625
2011-08-18,5602.7998046875
2011-08-19,5480.0
2011-08-22,5473.77978515625
2011-08-23,5532.3798828125
2011-08-24,5681.080078125
2011-08-25,5584.14013671875
2011-08-26,5537.47998046875
2011-08-29,5670.06982421875
2011-08-30,5643.919921875
2011-08-31,5784.85009765625
2011-09-01,5730.6298828125
2011-09-02,5538.330078125
2011-09-05,5246.18017578125
2011-09-06,5193.97021484375
2011-09-07,5405.52978515625
2011-09-08,5408.4599609375
2011-09-09,5189.93017578125
2011-09-12,5072.330078125
2011-09-13,5166.35986328125
2011-09-14,5340.18994140625
2011-09-15,5508.240234375
2011-09-16,5573.509765625
2011-09-19,5415.91015625
2011-09-20,5571.68017578125
2011-09-21,5433.7998046875
2011-09-22,5164.2099609375
2011-09-23,5196.56005859375
2011-09-26,5345.56005859375
2011-09-27,5628.43994140625
2011-09-28,5578.419921875
2011-09-29,5639.580078125
2011-09-30,5502.02001953125
2011-10-04,5216.7099609375
2011-10-05,5473.02978515625
2011-10-06,5645.25
2011-10-07,5675.7001953125
2011-10-10,5847.2900390625
2011-10-11,5865.009765625
2011-10-12,5994.47021484375
2011-10-13,5914.83984375
2011-10-14,5967.2001953125
2011-10-17,5859.43017578125
2011-10-18,5877.41015625
2011-10-19,5913.52978515625
2011-10-20,5766.47998046875
2011-10-21,5970.9599609375
2011-10-24,6055.27001953125
2011-10-25,6046.75
2011-10-26,6016.06982421875
2011-10-27,6337.83984375
2011-10-28,6346.18994140625
2011-10-31,6141.33984375
2011-11-01,5834.509765625
2011-11-02,5965.6298828125
2011-11-03,6133.18017578125
2011-11-04,5966.16015625
2011-11-07,5928.68017578125
2011-11-08,5961.43994140625
2011-11-09,5829.5400390625
2011-11-10,5867.81005859375
2011-11-11,6057.02978515625
2011-11-14,5985.02001953125
2011-11-15,5933.14013671875
2011-11-16,5913.35986328125
2011-11-17,5850.169921875
2011-11-18,5800.240234375
2011-11-21,5606.0
2011-11-22,5537.39013671875
2011-11-23,5457.77001953125
2011-11-24,5428.10986328125
2011-11-25,5492.8701171875
2011-11-28,5745.330078125
2011-11-29,5799.91015625
2011-11-30,6088.83984375
2011-12-01,6035.8798828125
2011-12-02,6080.68017578125
2011-12-05,6106.08984375
2011-12-06,6028.81982421875
2011-12-07,5994.72998046875
2011-12-08,5874.43994140625
2011-12-09,5986.7099609375
2011-12-12,5785.43017578125
2011-12-13,5774.259765625
2011-12-14,5675.14013671875
2011-12-15,5730.6201171875
2011-12-16,5701.77978515625
2011-12-19,5670.7099609375
2011-12-20,5847.02978515625
2011-12-21,5791.52978515625
2011-12-22,5852.18017578125
2011-12-23,5878.93017578125
2011-12-27,5889.759765625
2011-12-28,5771.27001953125
2011-12-29,5848.77978515625
2011-12-30,5898.35009765625
2012-01-02,6075.52001953125
2012-01-03,6166.56982421875
2012-01-04,6111.5498046875
2012-01-05,6095.990234375
2012-01-06,6057.919921875
2012-01-09,6017.22998046875
2012-01-10,6162.97998046875
2012-01-11,6152.33984375
2012-01-12,6179.2099609375
2012-01-13,6143.080078125
2012-01-16,6220.009765625
2012-01-17,6332.93017578125
2012-01-18,6354.56982421875
2012-01-19,6416.259765625
2012-01-20,6404.39013671875
2012-01-23,6436.6201171875
2012-01-24,6419.22021484375
2012-01-25,6421.85009765625
2012-01-26,6539.85009765625
2012-01-27,6511.97998046875
2012-01-30,6444.4501953125
2012-01-31,6458.91015625
2012-02-01,6616.64013671875
2012-02-02,6655.6298828125
2012-02-03,6766.669921875
2012-02-06,6764.830078125
2012-02-07,6754.2001953125
2012-02-08,6748.759765625
2012-02-09,6788.7998046875
2012-02-10,6692.9599609375
2012-02-13,6738.47021484375
2012-02-14,6728.18994140625
2012-02-15,6757.93994140625
2012-02-16,6751.9599609375
2012-02-17,6848.02978515625
2012-02-20,6948.25
2012-02-21,6908.18017578125
2012-02-22,6843.8701171875
2012-02-23,6809.4599609375
2012-02-24,6864.43017578125
2012-02-27,6849.60009765625
2012-02-28,6887.6298828125
2012-02-29,6856.080078125
2012-03-01,6941.77001953125
2012-03-02,6921.3701171875
2012-03-05,6866.4599609375
2012-03-06,6633.10986328125
2012-03-07,6671.10986328125
2012-03-08,6834.5400390625
2012-03-09,6880.2099609375
2012-03-12,6901.35009765625
2012-03-13,6995.91015625
2012-03-14,7079.419921875
2012-03-15,7144.4501953125
2012-03-16,7157.81982421875
2012-03-19,7154.22021484375
2012-03-20,7054.93994140625
2012-03-21,7071.31982421875
2012-03-22,6981.259765625
2012-03-23,6995.6201171875
2012-03-26,7079.22998046875
2012-03-27,7078.89990234375
2012-03-28,6998.7998046875
2012-03-29,6875.14990234375
2012-03-30,6946.830078125
2012-04-02,7056.64990234375
2012-04-03,6982.27978515625
2012-04-04,6784.06005859375
2012-04-05,6775.259765625
2012-04-10,6606.43017578125
2012-04-11,6674.72998046875
2012-04-12,6743.240234375
2012-04-13,6583.89990234375
2012-04-16,6625.18994140625
2012-04-17,6801.0
2012-04-18,6732.02978515625
2012-04-19,6671.22021484375
2012-04-20,6750.1201171875
2012-04-23,6523.0
2012-04-24,6590.41015625
2012-04-25,6704.5
2012-04-26,6739.89990234375
2012-04-27,6801.31982421875
2012-04-30,6761.18994140625
2012-05-02,6710.77001953125
2012-05-03,6694.43994140625
2012-05-04,6561.47021484375
2012-05-07,6569.47998046875
2012-05-08,6444.740234375
2012-05-09,6475.31005859375
2012-05-10,6518.0
2012-05-11,6579.93017578125
2012-05-14,6451.97021484375
2012-05-15,6401.06005859375
2012-05-16,6384.259765625
2012-05-17,6308.9599609375
2012-05-18,6271.22021484375
2012-05-21,6331.0400390625
2012-05-22,6435.60009765625
2012-05-23,6285.75
2012-05-24,6315.89013671875
2012-05-25,6339.93994140625
2012-05-28,6323.18994140625
2012-05-29,6396.83984375
2012-05-30,6280.7998046875
2012-05-31,6264.3798828125
2012-06-01,6050.2900390625
2012-06-04,5978.22998046875
2012-06-05,5969.39990234375
2012-06-06,6093.990234375
2012-06-07,6144.22021484375
2012-06-08,6130.81982421875
2012-06-11,6141.0498046875
2012-06-12,6161.240234375
2012-06-13,6152.490234375
2012-06-14,6138.60986328125
2012-06-15,6229.41015625
2012-06-18,6248.2001953125
2012-06-19,6363.35986328125
2012-06-20,6392.1298828125
2012-06-21,6343.1298828125
2012-06-22,6263.25
2012-06-25,6132.39013671875
2012-06-26,6136.68994140625
2012-06-27,6228.990234375
2012-06-28,6149.91015625
2012-06-29,6416.27978515625
2012-07-02,6496.080078125
2012-07-03,6578.2099609375
2012-07-04,6564.7998046875
2012-07-05,6535.56005859375
2012-07-06,6410.10986328125
2012-07-09,6387.56982421875
2012-07-10,6438.330078125
2012-07-11,6453.85009765625
2012-07-12,6419.35009765625
2012-07-13,6557.10009765625
2012-07-16,6565.72021484375
2012-07-17,6577.64013671875
2012-07-18,6684.419921875
2012-07-19,6758.39013671875
2012-07-20,6630.02001953125
2012-07-23,6419.330078125
2012-07-24,6390.41015625
2012-07-25,6406.52001953125
2012-07-26,6582.9599609375
2012-07-27,6689.39990234375
2012-07-30,6774.06005859375
2012-07-31,6772.259765625
2012-08-01,6754.4599609375
2012-08-02,6606.08984375
2012-08-03,6865.66015625
2012-08-06,6918.72021484375
2012-08-07,6967.9501953125
2012-08-08,6966.14990234375
2012-08-09,6964.990234375
2012-08-10,6944.56005859375
2012-08-13,6909.68017578125
2012-08-14,6974.39013671875
2012-08-15,6946.7998046875
2012-08-16,6996.2900390625
2012-08-17,7040.8798828125
2012-08-20,7033.68017578125
2012-08-21,7089.31982421875
2012-08-22,7017.75
2012-08-23,6949.56982421875
2012-08-24,6971.06982421875
2012-08-27,7047.4501953125
2012-08-28,7002.68017578125
2012-08-29,7010.56982421875
2012-08-30,6895.490234375
2012-08-31,6970.7900390625
2012-09-03,7014.830078125
2012-09-04,6932.580078125
2012-09-05,6964.68994140625
2012-09-06,7167.330078125
2012-09-07,7214.5
2012-09-10,7213.7001953125
2012-09-11,7310.10986328125
2012-09-12,7343.52978515625
2012-09-13,7310.31982421875
2012-09-14,7412.1298828125
2012-09-17,7403.68994140625
2012-09-18,7347.68994140625
2012-09-19,7390.759765625
2012-09-20,7389.490234375
2012-09-21,7451.6201171875
2012-09-24,7413.16015625
2012-09-25,7425.10986328125
2012-09-26,7276.509765625
2012-09-27,7290.02001953125
2012-09-28,7216.14990234375
2012-10-01,7326.72998046875
2012-10-02,7305.85986328125
2012-10-04,7305.2099609375
2012-10-05,7397.8701171875
2012-10-08,7291.2099609375
2012-10-09,7234.52978515625
2012-10-10,7205.22998046875
2012-10-11,7281.7001953125
2012-10-12,7232.490234375
2012-10-15,7261.25
2012-10-16,7376.27001953125
2012-10-17,7394.5498046875
2012-10-18,7437.22998046875
2012-10-19,7380.64013671875
2012-10-22,7328.0498046875
2012-10-23,7173.68994140625
2012-10-24,7192.85009765625
2012-10-25,7200.22998046875
2012-10-26,7231.85009765625
2012-10-29,7203.16015625
2012-10-30,7284.39990234375
2012-10-31,7260.6298828125
2012-11-01,7335.669921875
2012-11-02,7363.85009765625
2012-11-05,7326.47021484375
2012-11-06,7377.759765625
2012-11-07,7232.830078125
2012-11-08,7204.9599609375
2012-11-09,7163.5
2012-11-12,7168.759765625
2012-11-13,7169.1201171875
2012-11-14,7101.919921875
2012-11-15,7043.419921875
2012-11-16,6950.52978515625
2012-11-19,7123.83984375
2012-11-20,7172.990234375
2012-11-21,7184.7099609375
2012-11-22,7244.990234375
2012-11-23,7309.1298828125
2012-11-26,7292.02978515625
2012-11-27,7332.330078125
2012-11-28,7343.41015625
2012-11-29,7400.9599609375
2012-11-30,7405.5
2012-12-03,7435.2099609375
2012-12-04,7435.1201171875
2012-12-05,7454.5498046875
2012-12-06,7534.5400390625
2012-12-07,7517.7998046875
2012-12-10,7530.919921875
2012-12-11,7589.75
2012-12-12,7614.7900390625
2012-12-13,7581.97998046875
2012-12-14,7596.47021484375
2012-12-17,7604.93994140625
2012-12-18,7653.580078125
2012-12-19,7668.5
2012-12-20,7672.10009765625
2012-12-21,7636.22998046875
2012-12-27,7655.8798828125
2012-12-28,7612.39013671875
2013-01-02,7778.77978515625
2013-01-03,7756.43994140625
2013-01-04,7776.3701171875
2013-01-07,7732.66015625
2013-01-08,7695.830078125
2013-01-09,7720.47021484375
2013-01-10,7708.47021484375
2013-01-11,7715.52978515625
2013-01-14,7729.52001953125
2013-01-15,7675.91015625
2013-01-16,7691.1298828125
2013-01-17,7735.4599609375
2013-01-18,7702.22998046875
2013-01-21,7748.85986328125
2013-01-22,7696.2099609375
2013-01-23,7707.5400390625
2013-01-24,7748.1298828125
2013-01-25,7857.97021484375
2013-01-28,7833.0
2013-01-29,7848.56982421875
2013-01-30,7811.31005859375
2013-01-31,7776.0498046875
2013-02-01,7833.39013671875
2013-02-04,7638.22998046875
2013-02-05,7664.66015625
2013-02-06,7581.18017578125
2013-02-07,7590.85009765625
2013-02-08,7652.14013671875
2013-02-11,7633.740234375
2013-02-12,7660.18994140625
2013-02-13,7711.89013671875
2013-02-14,7631.18994140625
2013-02-15,7593.509765625
2013-02-18,7628.72998046875
2013-02-19,7752.4501953125
2013-02-20,7728.89990234375
2013-02-21,7583.56982421875
2013-02-22,7661.91015625
2013-02-25,7773.18994140625
2013-02-26,7597.10986328125
2013-02-27,7675.830078125
2013-02-28,7741.7001953125
2013-03-01,7708.16015625
2013-03-04,7691.68017578125
2013-03-05,7870.31005859375
2013-03-06,7919.330078125
2013-03-07,7939.77001953125
2013-03-08,7986.47021484375
2013-03-11,7984.2900390625
2013-03-12,7966.1201171875
2013-03-13,7970.91015625
2013-03-14,8058.3701171875
2013-03-15,8042.85009765625
2013-03-18,8010.7001953125
2013-03-19,7947.7900390625
2013-03-20,8001.97021484375
2013-03-21,7932.509765625
2013-03-22,7911.35009765625
2013-03-25,7870.89990234375
2013-03-26,7879.669921875
2013-03-27,7789.08984375
2013-03-28,7795.31005859375
2013-04-02,7943.8701171875
2013-04-03,7874.75
2013-04-04,7817.39013671875
2013-04-05,7658.75
2013-04-08,7662.64013671875
2013-04-09,7637.509765625
2013-04-10,7810.6298828125
2013-04-11,7871.6298828125
2013-04-12,7744.77001953125
2013-04-15,7712.6298828125
2013-04-16,7682.580078125
2013-04-17,7503.02978515625
2013-04-18,7473.72998046875
2013-04-19,7459.9599609375
2013-04-22,7478.10986328125
2013-04-23,7658.2099609375
2013-04-24,7759.02978515625
2013-04-25,7832.85986328125
2013-04-26,7814.759765625
2013-04-29,7873.5
2013-04-30,7913.7099609375
2013-05-02,7961.7099609375
2013-05-03,8122.2900390625
2013-05-06,8112.080078125
2013-05-07,8181.77978515625
2013-05-08,8249.7099609375
2013-05-09,8262.5498046875
2013-05-10,8278.58984375
2013-05-13,8279.2900390625
2013-05-14,8339.1103515625
2013-05-15,8362.419921875
2013-05-16,8369.8701171875
2013-05-17,8398.0
2013-05-20,8455.830078125
2013-05-21,8472.2001953125
2013-05-22,8530.8896484375
2013-05-23,8351.98046875
2013-05-24,8305.3203125
2013-05-27,8383.2998046875
2013-05-28,8480.8701171875
2013-05-29,8336.580078125
2013-05-30,8400.2001953125
2013-05-31,8348.83984375
2013-06-03,8285.7998046875
2013-06-04,8295.9599609375
2013-06-05,8196.1796875
2013-06-06,8098.81005859375
2013-06-07,8254.6796875
2013-06-10,8307.6904296875
2013-06-11,8222.4599609375
2013-06-12,8143.27001953125
2013-06-13,8095.39013671875
2013-06-14,8127.9599609375
2013-06-17,8215.73046875
2013-06-18,8229.509765625
2013-06-19,8197.080078125
2013-06-20,7928.47998046875
2013-06-21,7789.240234375
2013-06-24,7692.4501953125
2013-06-25,7811.2998046875
2013-06-26,7940.990234375
2013-06-27,7990.75
2013-06-28,7959.22021484375
2013-07-01,7983.919921875
2013-07-02,7910.77001953125
2013-07-03,7829.31982421875
2013-07-04,7994.31005859375
2013-07-05,7806.0
2013-07-08,7968.5400390625
2013-07-09,8057.75
2013-07-10,8066.47998046875
2013-07-11,8158.7998046875
2013-07-12,8212.76953125
2013-07-15,8234.8095703125
2013-07-16,8201.0498046875
2013-07-17,8254.7197265625
2013-07-18,8337.08984375
2013-07-19,8331.5703125
2013-07-22,8331.0595703125
2013-07-23,8314.23046875
2013-07-24,8379.1103515625
2013-07-25,8298.98046875
2013-07-26,8244.91015625
2013-07-29,8259.0302734375
2013-07-30,8271.01953125
2013-07-31,8275.9697265625
2013-08-01,8410.73046875
2013-08-02,8406.9404296875
2013-08-05,8398.3798828125
2013-08-06,8299.73046875
2013-08-07,8260.48046875
2013-08-08,8318.3203125
2013-08-09,8338.3095703125
2013-08-12,8359.25
2013-08-13,8415.759765625
2013-08-14,8438.1201171875
2013-08-15,8376.2900390625
2013-08-16,8391.9404296875
2013-08-19,8366.2900390625
2013-08-20,8300.0302734375
2013-08-21,8285.41015625
2013-08-22,8397.8896484375
2013-08-23,8416.990234375
2013-08-26,8435.150390625
2013-08-27,8242.5595703125
2013-08-28,8157.89990234375
2013-08-29,8194.5498046875
2013-08-30,8103.14990234375
2013-09-02,8243.8701171875
2013-09-03,8180.7099609375
2013-09-04,8195.919921875
2013-09-05,8234.98046875
2013-09-06,8275.669921875
2013-09-09,8276.3203125
2013-09-10,8446.5400390625
2013-09-11,8495.73046875
2013-09-12,8494.0
2013-09-13,8509.419921875
2013-09-16,8613.0
2013-09-17,8596.9501953125
2013-09-18,8636.0595703125
2013-09-19,8694.1796875
2013-09-20,8675.73046875
2013-09-23,8635.2900390625
2013-09-24,8664.599609375
2013-09-25,8665.6298828125
2013-09-26,8664.099609375
2013-09-27,8661.509765625
2013-09-30,8594.400390625
2013-10-01,8689.1396484375
2013-10-02,8629.419921875
2013-10-04,8622.9697265625
2013-10-07,8591.580078125
2013-10-08,8555.8896484375
2013-10-09,8516.6904296875
2013-10-10,8685.76953125
2013-10-11,8724.830078125
2013-10-14,8723.8095703125
2013-10-15,8804.4404296875
2013-10-16,8846.0
2013-10-17,8811.98046875
2013-10-18,8865.099609375
2013-10-21,8867.2197265625
2013-10-22,8947.4599609375
2013-10-23,8919.8603515625
2013-10-24,8980.6298828125
2013-10-25,8985.740234375
2013-10-28,8978.650390625
2013-10-29,9022.0400390625
2013-10-30,9010.26953125
2013-10-31,9033.919921875
2013-11-01,9007.830078125
2013-11-04,9037.23046875
2013-11-05,9009.1103515625
2013-11-06,9040.8701171875
2013-11-07,9081.0302734375
2013-11-08,9078.2802734375
2013-11-11,9107.8603515625
2013-11-12,9076.48046875
2013-11-13,9054.830078125
2013-11-14,9149.66015625
2013-11-15,9168.6904296875
2013-11-18,9225.4296875
2013-11-19,9193.2900390625
2013-11-20,9202.0703125
2013-11-21,9196.080078125
2013-11-22,9219.0400390625
2013-11-25,9299.9501953125
2013-11-26,9290.0703125
2013-11-27,9351.1298828125
2013-11-28,9387.3701171875
2013-11-29,9405.2998046875
2013-12-02,9401.9599609375
2013-12-03,9223.400390625
2013-12-04,9140.6298828125
2013-12-05,9084.9501953125
2013-12-06,9172.41015625
2013-12-09,9195.169921875
2013-12-10,9114.4404296875
2013-12-11,9077.1103515625
2013-12-12,9017.0
2013-12-13,9006.4599609375
2013-12-16,9163.5595703125
2013-12-17,9085.1201171875
2013-12-18,9181.75
2013-12-19,9335.740234375
2013-12-20,9400.1796875
2013-12-23,9488.8203125
2013-12-27,9589.3896484375
2013-12-30,9552.16015625
2014-01-02,9400.0400390625
2014-01-03,9435.150390625
2014-01-06,9428.0
2014-01-07,9506.2001953125
2014-01-08,9497.83984375
2014-01-09,9421.6103515625
2014-01-10,9473.240234375
2014-01-13,9510.169921875
2014-01-14,9540.509765625
2014-01-15,9733.8095703125
2014-01-16,9717.7099609375
2014-01-17,9742.9599609375
2014-01-20,9715.900390625
2014-01-21,9730.1201171875
2014-01-22,9720.1103515625
2014-01-23,9631.0400390625
2014-01-24,9392.01953125
2014-01-27,9349.2197265625
2014-01-28,9406.91015625
2014-01-29,9336.73046875
2014-01-30,9373.48046875
2014-01-31,9306.48046875
2014-02-03,9186.51953125
2014-02-04,9127.91015625
2014-02-05,9116.3203125
2014-02-06,9256.580078125
2014-02-07,9301.919921875
2014-02-10,9289.8603515625
2014-02-11,9478.76953125
2014-02-12,9540.0
2014-02-13,9596.76953125
2014-02-14,9662.400390625
2014-02-17,9656.759765625
2014-02-18,9659.7802734375
2014-02-19,9660.0498046875
2014-02-20,9618.849609375
2014-02-21,9656.9501953125
2014-02-24,9708.9404296875
2014-02-25,9699.349609375
2014-02-26,9661.73046875
2014-02-27,9588.330078125
2014-02-28,9692.080078125
2014-03-03,9358.8896484375
2014-03-04,9589.150390625
2014-03-05,9542.01953125
2014-03-06,9542.8701171875
2014-03-07,9350.75
2014-03-10,9265.5
2014-03-11,9307.7900390625
2014-03-12,9188.6904296875
2014-03-13,9017.7900390625
2014-03-14,9056.41015625
2014-03-17,9180.8896484375
2014-03-18,9242.5498046875
2014-03-19,9277.0498046875
2014-03-20,9296.1201171875
2014-03-21,9342.9404296875
2014-03-24,9188.76953125
2014-03-25,9338.400390625
2014-03-26,9448.580078125
2014-03-27,9451.2099609375
2014-03-28,9587.1904296875
2014-03-31,9555.91015625
2014-04-01,9603.7099609375
2014-04-02,9623.3603515625
2014-04-03,9628.8203125
2014-04-04,9695.76953125
2014-04-07,9510.849609375
2014-04-08,9490.7900390625
2014-04-09,9506.349609375
2014-04-10,9454.5400390625
2014-04-11,9315.2900390625
2014-04-14,9339.169921875
2014-04-15,9173.7099609375
2014-04-16,9317.8203125
2014-04-17,9409.7099609375
2014-04-22,9600.08984375
2014-04-23,9544.1904296875
2014-04-24,9548.6796875
2014-04-25,9401.5498046875
2014-04-28,9446.3603515625
2014-04-29,9584.1201171875
2014-04-30,9603.23046875
2014-05-02,9556.01953125
2014-05-05,9529.5
2014-05-06,9467.5302734375
2014-05-07,9521.2998046875
2014-05-08,9607.400390625
2014-05-09,9581.4501953125
2014-05-12,9702.4599609375
2014-05-13,9754.4296875
2014-05-14,9754.3896484375
2014-05-15,9656.0498046875
2014-05-16,9629.099609375
2014-05-19,9659.3896484375
2014-05-20,9639.080078125
2014-05-21,9697.8701171875
2014-05-22,9720.91015625
2014-05-23,9768.009765625
2014-05-26,9892.8203125
2014-05-27,9940.8203125
2014-05-28,9939.169921875
2014-05-29,9938.900390625
2014-05-30,9943.26953125
2014-06-02,9950.1201171875
2014-06-03,9919.740234375
2014-06-04,9926.669921875
2014-06-05,9947.830078125
2014-06-06,9987.1904296875
2014-06-09,10008.6298828125
2014-06-10,10028.7998046875
2014-06-11,9949.8095703125
2014-06-12,9938.7001953125
2014-06-13,9912.8701171875
2014-06-16,9883.98046875
2014-06-17,9920.3203125
2014-06-18,9930.330078125
2014-06-19,10004.0
2014-06-20,9987.240234375
2014-06-23,9920.919921875
2014-06-24,9938.080078125
2014-06-25,9867.75
2014-06-26,9804.900390625
2014-06-27,9815.169921875
2014-06-30,9833.0703125
2014-07-01,9902.41015625
2014-07-02,9911.26953125
2014-07-03,10029.4296875
2014-07-04,10009.080078125
2014-07-07,9906.0703125
2014-07-08,9772.669921875
2014-07-09,9808.2001953125
2014-07-10,9659.1298828125
2014-07-11,9666.33984375
2014-07-14,9783.009765625
2014-07-15,9719.41015625
2014-07-16,9859.26953125
2014-07-17,9753.8798828125
2014-07-18,9720.01953125
2014-07-21,9612.0498046875
2014-07-22,9734.330078125
2014-07-23,9753.5595703125
2014-07-24,9794.0595703125
2014-07-25,9644.009765625
2014-07-28,9598.169921875
2014-07-29,9653.6298828125
2014-07-30,9593.6796875
2014-07-31,9407.48046875
2014-08-01,9210.080078125
2014-08-04,9154.1396484375
2014-08-05,9189.740234375
2014-08-06,9130.0400390625
2014-08-07,9038.9697265625
2014-08-08,9009.3203125
2014-08-11,9180.740234375
2014-08-12,9069.4697265625
2014-08-13,9198.8798828125
2014-08-14,9225.099609375
2014-08-15,9092.599609375
2014-08-18,9245.330078125
2014-08-19,9334.2802734375
2014-08-20,9314.5703125
2014-08-21,9401.5302734375
2014-08-22,9339.169921875
2014-08-25,9510.1396484375
2014-08-26,9588.150390625
2014-08-27,9569.7099609375
2014-08-28,9462.5595703125
2014-08-29,9470.169921875
2014-09-01,9479.0302734375
2014-09-02,9507.01953125
2014-09-03,9626.490234375
2014-09-04,9724.259765625
2014-09-05,9747.01953125
2014-09-08,9758.0302734375
2014-09-09,9710.7001953125
2014-09-10,9700.169921875
2014-09-11,9691.2802734375
2014-09-12,9651.1298828125
2014-09-15,9659.6298828125
2014-09-16,9632.9296875
2014-09-17,9661.5
2014-09-18,9798.1298828125
2014-09-19,9799.259765625
2014-09-22,9749.5400390625
2014-09-23,9595.0302734375
2014-09-24,9661.9697265625
2014-09-25,9510.009765625
2014-09-26,9490.5498046875
2014-09-29,9422.91015625
2014-09-30,9474.2998046875
2014-10-01,9382.0302734375
2014-10-02,9195.6796875
2014-10-06,9209.509765625
2014-10-07,9086.2099609375
2014-10-08,8995.330078125
2014-10-09,9005.01953125
2014-10-10,8788.8095703125
2014-10-13,8812.4296875
2014-10-14,8825.2099609375
2014-10-15,8571.9501953125
2014-10-16,8582.900390625
2014-10-17,8850.26953125
2014-10-20,8717.759765625
2014-10-21,8886.9599609375
2014-10-22,8940.1396484375
2014-10-23,9047.3095703125
2014-10-24,8987.7998046875
2014-10-27,8902.6103515625
2014-10-28,9068.1904296875
2014-10-29,9082.8095703125
2014-10-30,9114.83984375
2014-10-31,9326.8701171875
2014-11-03,9251.7001953125
2014-11-04,9166.4697265625
2014-11-05,9315.48046875
2014-11-06,9377.41015625
2014-11-07,9291.830078125
2014-11-10,9351.8701171875
2014-11-11,9369.0302734375
2014-11-12,9210.9599609375
2014-11-13,9248.509765625
2014-11-14,9252.9404296875
2014-11-17,9306.349609375
2014-11-18,9456.5302734375
2014-11-19,9472.7998046875
2014-11-20,9483.9697265625
2014-11-21,9732.5498046875
2014-11-24,9785.5400390625
2014-11-25,9861.2099609375
2014-11-26,9915.5595703125
2014-11-27,9974.8701171875
2014-11-28,9980.849609375
2014-12-01,9963.509765625
2014-12-02,9934.080078125
2014-12-03,9971.7900390625
2014-12-04,9851.349609375
2014-12-05,10087.1201171875
2014-12-08,10014.990234375
2014-12-09,9793.7099609375
2014-12-10,9799.73046875
2014-12-11,9862.5302734375
2014-12-12,9594.73046875
2014-12-15,9334.009765625
2014-12-16,9563.8896484375
2014-12-17,9544.4296875
2014-12-18,9811.0595703125
2014-12-19,9786.9599609375
2014-12-22,9865.759765625
2014-12-23,9922.1103515625
2014-12-29,9927.1298828125
2014-12-30,9805.5498046875
2015-01-02,9764.73046875
2015-01-05,9473.16015625
2015-01-06,9469.66015625
2015-01-07,9518.1796875
2015-01-08,9837.6103515625
2015-01-09,9648.5
2015-01-12,9781.900390625
2015-01-13,9941.0
2015-01-14,9817.080078125
2015-01-15,10032.6103515625
2015-01-16,10167.76953125
2015-01-19,10242.349609375
2015-01-20,10257.1298828125
2015-01-21,10299.23046875
2015-01-22,10435.6201171875
2015-01-23,10649.580078125
2015-01-26,10798.330078125
2015-01-27,10628.580078125
2015-01-28,10710.9697265625
2015-01-29,10737.8701171875
2015-01-30,10694.3203125
2015-02-02,10828.009765625
2015-02-03,10890.9501953125
2015-02-04,10911.3203125
2015-02-05,10905.41015625
2015-02-06,10846.3896484375
2015-02-09,10663.509765625
2015-02-10,10753.830078125
2015-02-11,10752.1103515625
2015-02-12,10919.650390625
2015-02-13,10963.400390625
2015-02-16,10923.23046875
2015-02-17,10895.6201171875
2015-02-18,10961.0
2015-02-19,11001.9404296875
2015-02-20,11050.6396484375
2015-02-23,11130.919921875
2015-02-24,11205.740234375
2015-02-25,11210.26953125
2015-02-26,11327.1904296875
2015-02-27,11401.66015625
2015-03-02,11410.3603515625
2015-03-03,11280.3603515625
2015-03-04,11390.3798828125
2015-03-05,11504.009765625
2015-03-06,11550.9697265625
2015-03-09,11582.1103515625
2015-03-10,11500.3798828125
2015-03-11,11805.990234375
2015-03-12,11799.3896484375
2015-03-13,11901.6103515625
2015-03-16,12167.7197265625
2015-03-17,11980.849609375
2015-03-18,11922.76953125
2015-03-19,11899.400390625
2015-03-20,12039.3701171875
2015-03-23,11895.83984375
2015-03-24,12005.6904296875
2015-03-25,11865.3203125
2015-03-26,11843.6796875
2015-03-27,11868.330078125
2015-03-30,12086.009765625
2015-03-31,11966.169921875
2015-04-01,12001.3798828125
2015-04-02,11967.3896484375
2015-04-07,12123.51953125
2015-04-08,12035.8603515625
2015-04-09,12166.4404296875
2015-04-10,12374.73046875
2015-04-13,12338.73046875
2015-04-14,12227.599609375
2015-04-15,12231.33984375
2015-04-16,11998.8603515625
2015-04-17,11688.7001953125
2015-04-20,11891.91015625
2015-04-21,11939.580078125
2015-04-22,11867.3701171875
2015-04-23,11723.580078125
2015-04-24,11810.849609375
2015-04-27,12039.16015625
2015-04-28,11811.66015625
2015-04-29,11432.7197265625
2015-04-30,11454.3798828125
2015-05-04,11619.849609375
2015-05-05,11327.6796875
2015-05-06,11350.150390625
2015-05-07,11407.9697265625
2015-05-08,11709.73046875
2015-05-11,11673.349609375
2015-05-12,11472.41015625
2015-05-13,11351.4599609375
2015-05-14,11559.8203125
2015-05-15,11447.0302734375
2015-05-18,11594.2802734375
2015-05-19,11853.330078125
2015-05-20,11848.4697265625
2015-05-21,11864.58984375
2015-05-22,11815.009765625
2015-05-26,11625.1298828125
2015-05-27,11771.1298828125
2015-05-28,11677.5703125
2015-05-29,11413.8203125
2015-06-01,11436.0498046875
2015-06-02,11328.7998046875
2015-06-03,11419.6201171875
2015-06-04,11340.599609375
2015-06-05,11197.150390625
2015-06-08,11064.919921875
2015-06-09,11001.2900390625
2015-06-10,11265.3896484375
2015-06-11,11332.7802734375
2015-06-12,11196.490234375
2015-06-15,10984.9697265625
2015-06-16,11044.009765625
2015-06-17,10978.009765625
2015-06-18,11100.2998046875
2015-06-19,11040.099609375
2015-06-22,11460.5
2015-06-23,11542.5400390625
2015-06-24,11471.259765625
2015-06-25,11473.1298828125
2015-06-26,11492.4296875
2015-06-29,11083.2001953125
2015-06-30,10944.9697265625
2015-07-01,11180.5
2015-07-02,11099.349609375
2015-07-03,11058.3896484375
2015-07-06,10890.6298828125
2015-07-07,10676.7802734375
2015-07-08,10747.2998046875
2015-07-09,10996.41015625
2015-07-10,11315.6298828125
2015-07-13,11484.3798828125
2015-07-14,11516.900390625
2015-07-15,11539.66015625
2015-07-16,11716.759765625
2015-07-17,11673.419921875
2015-07-20,11735.7197265625
2015-07-21,11604.7998046875
2015-07-22,11520.669921875
2015-07-23,11512.1103515625
2015-07-24,11347.4501953125
2015-07-27,11056.400390625
2015-07-28,11173.91015625
2015-07-29,11211.849609375
2015-07-30,11257.150390625
2015-07-31,11308.990234375
2015-08-03,11443.7197265625
2015-08-04,11456.0703125
2015-08-05,11636.2998046875
2015-08-06,11585.099609375
2015-08-07,11490.830078125
2015-08-10,11604.7802734375
2015-08-11,11293.650390625
2015-08-12,10924.6103515625
2015-08-13,11014.6298828125
2015-08-14,10985.1396484375
2015-08-17,10940.330078125
2015-08-18,10915.919921875
2015-08-19,10682.150390625
2015-08-20,10432.1904296875
2015-08-21,10124.51953125
2015-08-24,9648.4296875
2015-08-25,10128.1201171875
2015-08-26,9997.4296875
2015-08-27,10315.6201171875
2015-08-28,10298.5302734375
2015-08-31,10259.4599609375
2015-09-01,10015.5703125
2015-09-02,10048.0498046875
2015-09-03,10317.83984375
2015-09-04,10038.0400390625
2015-09-07,10108.6103515625
2015-09-08,10271.3603515625
2015-09-09,10303.1201171875
2015-09-10,10210.4404296875
2015-09-11,10123.5595703125
2015-09-14,10131.740234375
2015-09-15,10188.1298828125
2015-09-16,10227.2099609375
2015-09-17,10229.580078125
2015-09-18,9916.16015625
2015-09-21,9948.509765625
2015-09-22,9570.66015625
2015-09-23,9612.6201171875
2015-09-24,9427.6396484375
2015-09-25,9688.5302734375
2015-09-28,9483.5498046875
2015-09-29,9450.400390625
2015-09-30,9660.4404296875
2015-10-01,9509.25
2015-10-02,9553.0703125
2015-10-05,9814.7900390625
2015-10-06,9902.830078125
2015-10-07,9970.400390625
2015-10-08,9993.0703125
2015-10-09,10096.599609375
2015-10-12,10119.830078125
2015-10-13,10032.8203125
2015-10-14,9915.849609375
2015-10-15,10064.7998046875
2015-10-16,10104.4296875
2015-10-19,10164.3095703125
2015-10-20,10147.6796875
2015-10-21,10238.099609375
2015-10-22,10491.9697265625
2015-10-23,10794.5400390625
2015-10-26,10801.33984375
2015-10-27,10692.1904296875
2015-10-28,10831.9599609375
2015-10-29,10800.83984375
2015-10-30,10850.1396484375
2015-11-02,10950.669921875
2015-11-03,10951.150390625
2015-11-04,10845.240234375
2015-11-05,10887.740234375
2015-11-06,10988.0302734375
2015-11-09,10815.4501953125
2015-11-10,10832.51953125
2015-11-11,10907.8701171875
2015-11-12,10782.6298828125
2015-11-13,10708.400390625
2015-11-16,10713.23046875
2015-11-17,10971.0400390625
2015-11-18,10959.9501953125
2015-11-19,11085.4404296875
2015-11-20,11119.830078125
2015-11-23,11092.3095703125
2015-11-24,10933.990234375
2015-11-25,11169.5400390625
2015-11-26,11320.76953125
2015-11-27,11293.759765625
2015-11-30,11382.23046875
2015-12-01,11261.240234375
2015-12-02,11190.01953125
2015-12-03,10789.240234375
2015-12-04,10752.099609375
2015-12-07,10886.08984375
2015-12-08,10673.599609375
2015-12-09,10592.490234375
2015-12-10,10598.9296875
2015-12-11,10340.0595703125
2015-12-14,10139.33984375
2015-12-15,10450.3798828125
2015-12-16,10469.259765625
2015-12-17,10738.1201171875
2015-12-18,10608.1904296875
2015-12-21,10497.76953125
2015-12-22,10488.75
2015-12-23,10727.6396484375
2015-12-28,10653.91015625
2015-12-29,10860.1396484375
2015-12-30,10743.009765625
2016-01-04,10283.4404296875
2016-01-05,10310.099609375
2016-01-06,10214.01953125
2016-01-07,9979.849609375
2016-01-08,9849.33984375
2016-01-11,9825.0703125
2016-01-12,9985.4296875
2016-01-13,9960.9599609375
2016-01-14,9794.2001953125
2016-01-15,9545.26953125
2016-01-18,9521.849609375
2016-01-19,9664.2099609375
2016-01-20,9391.6396484375
2016-01-21,9574.16015625
2016-01-22,9764.8798828125
2016-01-25,9736.150390625
2016-01-26,9822.75
2016-01-27,9880.8203125
2016-01-28,9639.58984375
2016-01-29,9798.1103515625
2016-02-01,9757.8798828125
2016-02-02,9581.0400390625
2016-02-03,9434.8203125
2016-02-04,9393.3603515625
2016-02-05,9286.23046875
2016-02-08,8979.3603515625
2016-02-09,8879.400390625
2016-02-10,9017.2900390625
2016-02-11,8752.8701171875
2016-02-12,8967.509765625
2016-02-15,9206.83984375
2016-02-16,9135.1103515625
2016-02-17,9377.2099609375
2016-02-18,9463.6396484375
2016-02-19,9388.0498046875
2016-02-22,9573.58984375
2016-02-23,9416.76953125
2016-02-24,9167.7998046875
2016-02-25,9331.48046875
2016-02-26,9513.2998046875
2016-02-29,9495.400390625
2016-03-01,9717.16015625
2016-03-02,9776.6201171875
2016-03-03,9751.919921875
2016-03-04,9824.169921875
2016-03-07,9778.9296875
2016-03-08,9692.8203125
2016-03-09,9723.08984375
2016-03-10,9498.150390625
2016-03-11,9831.1298828125
2016-03-14,9990.259765625
2016-03-15,9933.849609375
2016-03-16,9983.41015625
2016-03-17,9892.2001953125
2016-03-18,9950.7998046875
2016-03-21,9948.6396484375
2016-03-22,9990.0
2016-03-23,10022.9296875
2016-03-24,9851.349609375
2016-03-29,9887.9404296875
2016-03-30,10046.6103515625
2016-03-31,9965.509765625
2016-04-01,9794.6396484375
2016-04-04,9822.080078125
2016-04-05,9563.3603515625
2016-04-06,9624.509765625
2016-04-07,9530.6201171875
2016-04-08,9622.259765625
2016-04-11,9682.990234375
2016-04-12,9761.4697265625
2016-04-13,10026.099609375
2016-04-14,10093.650390625
2016-04-15,10051.5703125
2016-04-18,10120.3095703125
2016-04-19,10349.58984375
2016-04-20,10421.2900390625
2016-04-21,10435.73046875
2016-04-22,10373.490234375
2016-04-25,10294.349609375
2016-04-26,10259.58984375
2016-04-27,10299.830078125
2016-04-28,10321.150390625
2016-04-29,10038.9697265625
2016-05-02,10123.26953125
2016-05-03,9926.76953125
2016-05-04,9828.25
2016-05-05,9851.8603515625
2016-05-06,9869.9501953125
2016-05-09,9980.490234375
2016-05-10,10045.4404296875
2016-05-11,9975.3203125
2016-05-12,9862.1201171875
2016-05-13,9952.900390625
2016-05-17,9890.1904296875
2016-05-18,9943.23046875
2016-05-19,9795.8896484375
2016-05-20,9916.01953125
2016-05-23,9842.2900390625
2016-05-24,10057.3095703125
2016-05-25,10205.2099609375
2016-05-26,10272.7099609375
2016-05-27,10286.3095703125
2016-05-30,10333.23046875
2016-05-31,10262.740234375
2016-06-01,10204.4404296875
2016-06-02,10208.0
2016-06-03,10103.259765625
2016-06-06,10121.080078125
2016-06-07,10287.6796875
2016-06-08,10217.0302734375
2016-06-09,10088.8701171875
2016-06-10,9834.6201171875
2016-06-13,9657.4404296875
2016-06-14,9519.2001953125
2016-06-15,9606.7099609375
2016-06-16,9550.4697265625
2016-06-17,9631.3603515625
2016-06-20,9962.01953125
2016-06-21,10015.5400390625
2016-06-22,10071.0595703125
2016-06-23,10257.0302734375
2016-06-24,9557.16015625
2016-06-27,9268.66015625
2016-06-28,9447.2802734375
2016-06-29,9612.26953125
2016-06-30,9680.08984375
2016-07-01,9776.1201171875
2016-07-04,9709.08984375
2016-07-05,9532.6103515625
2016-07-06,9373.259765625
2016-07-07,9418.7802734375
2016-07-08,9629.66015625
2016-07-11,9833.41015625
2016-07-12,9964.0703125
2016-07-13,9930.7099609375
2016-07-14,10068.2998046875
2016-07-15,10066.900390625
2016-07-18,10063.1298828125
2016-07-19,9981.240234375
2016-07-20,10142.009765625
2016-07-21,10156.2099609375
2016-07-22,10147.4599609375
2016-07-25,10198.240234375
2016-07-26,10247.759765625
2016-07-27,10319.5498046875
2016-07-28,10274.9296875
2016-07-29,10337.5
2016-08-01,10330.51953125
2016-08-02,10144.33984375
2016-08-03,10170.2099609375
2016-08-04,10227.8603515625
2016-08-05,10367.2099609375
2016-08-08,10432.3603515625
2016-08-09,10692.900390625
2016-08-10,10650.8896484375
2016-08-11,10742.83984375
2016-08-12,10713.4296875
2016-08-15,10739.2099609375
2016-08-16,10676.650390625
2016-08-17,10537.669921875
2016-08-18,10603.0302734375
2016-08-19,10544.3603515625
2016-08-22,10494.349609375
2016-08-23,10592.8798828125
2016-08-24,10622.9697265625
2016-08-25,10529.58984375
2016-08-26,10587.76953125
2016-08-29,10544.4404296875
2016-08-30,10657.6396484375
2016-08-31,10592.6904296875
2016-09-01,10534.3095703125
2016-09-02,10683.8203125
2016-09-05,10672.2197265625
2016-09-06,10687.1396484375
2016-09-07,10752.98046875
2016-09-08,10675.2900390625
2016-09-09,10573.4404296875
2016-09-12,10431.76953125
2016-09-13,10386.599609375
2016-09-14,10378.400390625
2016-09-15,10431.2001953125
2016-09-16,10276.169921875
2016-09-19,10373.8701171875
2016-09-20,10393.8603515625
2016-09-21,10436.490234375
2016-09-22,10674.1796875
2016-09-23,10626.9697265625
2016-09-26,10393.7099609375
2016-09-27,10361.48046875
2016-09-28,10438.33984375
2016-09-29,10405.5400390625
2016-09-30,10511.01953125
2016-10-04,10619.6103515625
2016-10-05,10585.7802734375
2016-10-06,10568.7998046875
2016-10-07,10490.8603515625
2016-10-10,10624.080078125
2016-10-11,10577.16015625
2016-10-12,10523.0703125
2016-10-13,10414.0703125
2016-10-14,10580.3798828125
2016-10-17,10503.5703125
2016-10-18,10631.5498046875
2016-10-19,10645.6796875
2016-10-20,10701.3896484375
2016-10-21,10710.73046875
2016-10-24,10761.169921875
2016-10-25,10757.3095703125
2016-10-26,10709.6796875
2016-10-27,10717.080078125
2016-10-28,10696.1904296875
2016-10-31,10665.009765625
2016-11-01,10526.16015625
2016-11-02,10370.9296875
2016-11-03,10325.8798828125
2016-11-04,10259.1298828125
2016-11-07,10456.9501953125
2016-11-08,10482.3203125
2016-11-09,10646.009765625
2016-11-10,10630.1201171875
2016-11-11,10667.9501953125
2016-11-14,10693.6904296875
2016-11-15,10735.1396484375
2016-11-16,10663.8701171875
2016-11-17,10685.5400390625
2016-11-18,10664.5595703125
2016-11-21,10685.1298828125
2016-11-22,10713.849609375
2016-11-23,10662.4404296875
2016-11-24,10689.259765625
2016-11-25,10699.26953125
2016-11-28,10582.669921875
2016-11-29,10620.490234375
2016-11-30,10640.2998046875
2016-12-01,10534.0498046875
2016-12-02,10513.349609375
2016-12-05,10684.830078125
2016-12-06,10775.3203125
2016-12-07,10986.6904296875
2016-12-08,11179.419921875
2016-12-09,11203.6298828125
2016-12-12,11190.2099609375
2016-12-13,11284.650390625
2016-12-14,11244.83984375
2016-12-15,11366.400390625
2016-12-16,11404.009765625
2016-12-19,11426.7001953125
2016-12-20,11464.740234375
2016-12-21,11468.6396484375
2016-12-22,11456.099609375
2016-12-23,11449.9296875
2016-12-27,11472.240234375
2016-12-28,11474.990234375
2016-12-29,11451.0498046875
2016-12-30,11481.0595703125
2017-01-02,11598.330078125
2017-01-03,11584.240234375
2017-01-04,11584.3095703125
2017-01-05,11584.9404296875
2017-01-06,11599.009765625
2017-01-09,11563.990234375
2017-01-10,11583.2998046875
2017-01-11,11646.169921875
2017-01-12,11521.0400390625
2017-01-13,11629.1796875
2017-01-16,11554.7099609375
2017-01-17,11540.0
2017-01-18,11599.3896484375
2017-01-19,11596.8896484375
2017-01-20,11630.1298828125
2017-01-23,11545.75
2017-01-24,11594.9404296875
2017-01-25,11806.0498046875
2017-01-26,11848.6298828125
2017-01-27,11814.26953125
2017-01-30,11681.8896484375
2017-01-31,11535.3095703125
2017-02-01,11659.5
2017-02-02,11627.9501953125
2017-02-03,11651.490234375
2017-02-06,11509.83984375
2017-02-07,11549.4404296875
2017-02-08,11543.3798828125
2017-02-09,11642.8603515625
2017-02-10,11666.9697265625
2017-02-13,11774.4296875
2017-02-14,11771.8095703125
2017-02-15,11793.9296875
2017-02-16,11757.240234375
2017-02-17,11757.01953125
2017-02-20,11827.6201171875
2017-02-21,11967.490234375
2017-02-22,11998.58984375
2017-02-23,11947.830078125
2017-02-24,11804.0302734375
2017-02-27,11822.669921875
2017-02-28,11834.41015625
2017-03-01,12067.1904296875
2017-03-02,12059.5703125
2017-03-03,12027.3603515625
2017-03-06,11958.400390625
2017-03-07,11966.1396484375
2017-03-08,11967.3095703125
2017-03-09,11978.3896484375
2017-03-10,11963.1796875
2017-03-13,11990.0302734375
2017-03-14,11988.7900390625
2017-03-15,12009.8701171875
2017-03-16,12083.1796875
2017-03-17,12095.240234375
2017-03-20,12052.900390625
2017-03-21,11962.1298828125
2017-03-22,11904.1201171875
2017-03-23,12039.6796875
2017-03-24,12064.26953125
2017-03-27,11996.0703125
2017-03-28,12149.419921875
2017-03-29,12203.0
2017-03-30,12256.4296875
2017-03-31,12312.8701171875
2017-04-03,12257.2001953125
2017-04-04,12282.33984375
2017-04-05,12217.5400390625
2017-04-06,12230.8896484375
2017-04-07,12225.0595703125
2017-04-10,12200.51953125
2017-04-11,12139.349609375
2017-04-12,12154.7001953125
2017-04-13,12109.0
2017-04-18,12000.4404296875
2017-04-19,12016.4501953125
2017-04-20,12027.3203125
2017-04-21,12048.5703125
2017-04-24,12454.98046875
2017-04-25,12467.0400390625
2017-04-26,12472.7998046875
2017-04-27,12443.7900390625
2017-04-28,12438.009765625
2017-05-02,12507.900390625
2017-05-03,12527.83984375
2017-05-04,12647.7802734375
2017-05-05,12716.8896484375
2017-05-08,12694.5498046875
2017-05-09,12749.1201171875
2017-05-10,12757.4599609375
2017-05-11,12711.0595703125
2017-05-12,12770.41015625
2017-05-15,12807.0400390625
2017-05-16,12804.5302734375
2017-05-17,12631.6103515625
2017-05-18,12590.0595703125
2017-05-19,12638.6904296875
2017-05-22,12619.4599609375
2017-05-23,12659.150390625
2017-05-24,12642.8701171875
2017-05-25,12621.7197265625
2017-05-26,12602.1796875
2017-05-29,12628.9501953125
2017-05-30,12598.6796875
2017-05-31,12615.0595703125
2017-06-01,12664.919921875
2017-06-02,12822.9404296875
2017-06-06,12690.1201171875
2017-06-07,12672.490234375
2017-06-08,12713.580078125
2017-06-09,12815.7197265625
2017-06-12,12690.4404296875
2017-06-13,12764.98046875
2017-06-14,12805.9501953125
2017-06-15,12691.8095703125
2017-06-16,12752.73046875
2017-06-19,12888.9501953125
2017-06-20,12814.7900390625
2017-06-21,12774.259765625
2017-06-22,12794.0
2017-06-23,12733.41015625
2017-06-26,12770.830078125
2017-06-27,12671.01953125
2017-06-28,12647.26953125
2017-06-29,12416.1904296875
2017-06-30,12325.1201171875
2017-07-03,12475.3095703125
2017-07-04,12437.1298828125
2017-07-05,12453.6796875
2017-07-06,12381.25
2017-07-07,12388.6796875
2017-07-10,12445.919921875
2017-07-11,12437.01953125
2017-07-12,12626.580078125
2017-07-13,12641.330078125
2017-07-14,12631.7197265625
2017-07-17,12587.16015625
2017-07-18,12430.3896484375
2017-07-19,12452.0498046875
2017-07-20,12447.25
2017-07-21,12240.0595703125
2017-07-24,12208.9501953125
2017-07-25,12264.3095703125
2017-07-26,12305.1103515625
2017-07-27,12212.0400390625
2017-07-28,12162.7001953125
2017-07-31,12118.25
2017-08-01,12251.2900390625
2017-08-02,12181.48046875
2017-08-03,12154.7197265625
2017-08-04,12297.7197265625
2017-08-07,12257.169921875
2017-08-08,12292.0498046875
2017-08-09,12154.0
2017-08-10,12014.2998046875
2017-08-11,12014.0595703125
2017-08-14,12165.1201171875
2017-08-15,12177.0400390625
2017-08-16,12263.8603515625
2017-08-17,12203.4599609375
2017-08-18,12165.1904296875
2017-08-21,12065.990234375
2017-08-22,12229.33984375
2017-08-23,12174.2998046875
2017-08-24,12180.830078125
2017-08-25,12167.9404296875
2017-08-28,12123.4697265625
2017-08-29,11945.8798828125
2017-08-30,12002.4697265625
2017-08-31,12055.83984375
2017-09-01,12142.6396484375
2017-09-04,12102.2099609375
2017-09-05,12123.7099609375
2017-09-06,12214.5400390625
2017-09-07,12296.6298828125
2017-09-08,12303.98046875
2017-09-11,12475.240234375
2017-09-12,12524.76953125
2017-09-13,12553.5703125
2017-09-14,12540.4501953125
2017-09-15,12518.8095703125
2017-09-18,12559.3896484375
2017-09-19,12561.7900390625
2017-09-20,12569.169921875
2017-09-21,12600.0302734375
2017-09-22,12592.349609375
2017-09-25,12594.8095703125
2017-09-26,12605.2001953125
2017-09-27,12657.41015625
2017-09-28,12704.650390625
2017-09-29,12828.8603515625
2017-10-02,12902.650390625
2017-10-04,12970.51953125
2017-10-05,12968.0498046875
2017-10-06,12955.9404296875
2017-10-09,12976.400390625
2017-10-10,12949.25
2017-10-11,12970.6796875
2017-10-12,12982.8896484375
2017-10-13,12991.8701171875
2017-10-16,13003.7001953125
2017-10-17,12995.0595703125
2017-10-18,13043.0302734375
2017-10-19,12990.099609375
2017-10-20,12991.2802734375
2017-10-23,13003.1396484375
2017-10-24,13013.1904296875
2017-10-25,12953.41015625
2017-10-26,13133.2802734375
2017-10-27,13217.5400390625
2017-10-30,13229.5703125
2017-11-01,13465.509765625
2017-11-02,13440.9296875
2017-11-03,13478.8603515625
2017-11-06,13468.7900390625
2017-11-07,13379.26953125
2017-11-08,13382.419921875
2017-11-09,13182.5595703125
2017-11-10,13127.4697265625
2017-11-13,13074.419921875
2017-11-14,13033.48046875
2017-11-15,12976.3701171875
2017-11-16,13047.2197265625
2017-11-17,12993.73046875
2017-11-20,13058.66015625
2017-11-21,13167.5400390625
2017-11-22,13015.0400390625
2017-11-23,13008.5498046875
2017-11-24,13059.83984375
2017-11-27,13000.2001953125
2017-11-28,13059.5302734375
2017-11-29,13061.8701171875
2017-11-30,13023.98046875
2017-12-01,12861.490234375
2017-12-04,13058.5498046875
2017-12-05,13048.5400390625
2017-12-06,12998.849609375
2017-12-07,13045.150390625
2017-12-08,13153.7001953125
2017-12-11,13123.650390625
2017-12-12,13183.5302734375
2017-12-13,13125.6396484375
2017-12-14,13068.080078125
2017-12-15,13103.5595703125
2017-12-18,13312.2998046875
2017-12-19,13215.7900390625
2017-12-20,13069.169921875
2017-12-21,13109.740234375
2017-12-22,13072.7900390625
2017-12-27,13070.01953125
2017-12-28,12979.9404296875
2017-12-29,12917.6396484375
2018-01-02,12871.3896484375
2018-01-03,12978.2099609375
2018-01-04,13167.8896484375
2018-01-05,13319.6396484375
2018-01-08,13367.7802734375
2018-01-09,13385.58984375
2018-01-10,13281.33984375
2018-01-11,13202.900390625
2018-01-12,13245.0302734375
2018-01-15,13200.509765625
2018-01-16,13246.330078125
2018-01-17,13183.9599609375
2018-01-18,13281.4296875
2018-01-19,13434.4501953125
2018-01-22,13463.6904296875
2018-01-23,13559.599609375
2018-01-24,13414.740234375
2018-01-25,13298.3603515625
2018-01-26,13340.169921875
2018-01-29,13324.48046875
2018-01-30,13197.7099609375
2018-01-31,13189.48046875
2018-02-01,13003.900390625
2018-02-02,12785.16015625
2018-02-05,12687.490234375
2018-02-06,12392.66015625
2018-02-07,12590.4296875
2018-02-08,12260.2900390625
2018-02-09,12107.48046875
2018-02-12,12282.76953125
2018-02-13,12196.5
2018-02-14,12339.16015625
2018-02-15,12346.169921875
2018-02-16,12451.9599609375
2018-02-19,12385.599609375
2018-02-20,12487.900390625
2018-02-21,12470.490234375
2018-02-22,12461.91015625
2018-02-23,12483.7900390625
2018-02-26,12527.0400390625
2018-02-27,12490.73046875
2018-02-28,12435.849609375
2018-03-01,12190.9404296875
2018-03-02,11913.7099609375
2018-03-05,12090.8701171875
2018-03-06,12113.8701171875
2018-03-07,12245.3603515625
2018-03-08,12355.5703125
2018-03-09,12346.6796875
2018-03-12,12418.3896484375
2018-03-13,12221.0302734375
2018-03-14,12237.740234375
2018-03-15,12345.5595703125
2018-03-16,12389.580078125
2018-03-19,12217.01953125
2018-03-20,12307.330078125
2018-03-21,12309.150390625
2018-03-22,12100.080078125
2018-03-23,11886.3095703125
2018-03-26,11787.259765625
2018-03-27,11970.830078125
2018-03-28,11940.7099609375
2018-03-29,12096.73046875
2018-04-03,12002.4501953125
2018-04-04,11957.900390625
2018-04-05,12305.1904296875
2018-04-06,12241.26953125
2018-04-09,12261.75
2018-04-10,12397.3203125
2018-04-11,12293.9697265625
2018-04-12,12415.009765625
2018-04-13,12442.400390625
2018-04-16,12391.41015625
2018-04-17,12585.5703125
2018-04-18,12590.830078125
2018-04-19,12567.419921875
2018-04-20,12540.5
2018-04-23,12572.3896484375
2018-04-24,12550.8203125
2018-04-25,12422.2998046875
2018-04-26,12500.4697265625
2018-04-27,12580.8701171875
2018-04-30,12612.1103515625
2018-05-02,12802.25
2018-05-03,12690.150390625
2018-05-04,12819.599609375
2018-05-07,12948.1396484375
2018-05-08,12912.2099609375
2018-05-09,12943.0595703125
2018-05-10,13022.8701171875
2018-05-11,13001.240234375
2018-05-14,12977.7099609375
2018-05-15,12970.0400390625
2018-05-16,12996.330078125
2018-05-17,13114.6103515625
2018-05-18,13077.7197265625
2018-05-22,13169.919921875
2018-05-23,12976.83984375
2018-05-24,12855.08984375
2018-05-25,12938.009765625
2018-05-28,12863.4599609375
2018-05-29,12666.509765625
2018-05-30,12783.759765625
2018-05-31,12604.8896484375
2018-06-01,12724.26953125
2018-06-04,12770.75
2018-06-05,12787.1298828125
2018-06-06,12830.0703125
2018-06-07,12811.0498046875
2018-06-08,12766.5498046875
2018-06-11,12842.91015625
2018-06-12,12842.2998046875
2018-06-13,12890.580078125
2018-06-14,13107.099609375
2018-06-15,13010.5498046875
2018-06-18,12834.1103515625
2018-06-19,12677.9697265625
2018-06-20,12695.16015625
2018-06-21,12511.91015625
2018-06-22,12579.7197265625
2018-06-25,12270.330078125
2018-06-26,12234.33984375
2018-06-27,12348.6103515625
2018-06-28,12177.23046875
2018-06-29,12306.0
2018-07-02,12238.169921875
2018-07-03,12349.1396484375
2018-07-04,12317.6103515625
2018-07-05,12464.2900390625
2018-07-06,12496.169921875
2018-07-09,12543.8896484375
2018-07-10,12609.849609375
2018-07-11,12417.1298828125
2018-07-12,12492.9697265625
2018-07-13,12540.73046875
2018-07-16,12561.01953125
2018-07-17,12661.5400390625
2018-07-18,12765.9404296875
2018-07-19,12686.2900390625
2018-07-20,12561.419921875
2018-07-23,12548.5703125
2018-07-24,12689.3896484375
2018-07-25,12579.330078125
2018-07-26,12809.23046875
2018-07-27,12860.400390625
2018-07-30,12798.2001953125
2018-07-31,12805.5
2018-08-01,12737.0498046875
2018-08-02,12546.330078125
2018-08-03,12615.759765625
2018-08-06,12598.2099609375
2018-08-07,12648.1904296875
2018-08-08,12633.5400390625
2018-08-09,12676.1103515625
2018-08-10,12424.349609375
2018-08-13,12358.740234375
2018-08-14,12358.8701171875
2018-08-15,12163.009765625
2018-08-16,12237.169921875
2018-08-17,12210.5498046875
2018-08-20,12331.2998046875
2018-08-21,12384.490234375
2018-08-22,12385.7001953125
2018-08-23,12365.580078125
2018-08-24,12394.51953125
2018-08-27,12538.3095703125
2018-08-28,12527.419921875
2018-08-29,12561.6796875
2018-08-30,12494.240234375
2018-08-31,12364.0595703125
2018-09-03,12346.41015625
2018-09-04,12210.2099609375
2018-09-05,12040.4599609375
2018-09-06,11955.25
2018-09-07,11959.6298828125
2018-09-10,11986.33984375
2018-09-11,11970.26953125
2018-09-12,12032.2998046875
2018-09-13,12055.5498046875
2018-09-14,12124.330078125
2018-09-17,12096.41015625
2018-09-18,12157.669921875
2018-09-19,12219.01953125
2018-09-20,12326.48046875
2018-09-21,12430.8798828125
2018-09-24,12350.8203125
2018-09-25,12374.66015625
2018-09-26,12385.8896484375
2018-09-27,12435.58984375
2018-09-28,12246.73046875
2018-10-01,12339.0302734375
2018-10-02,12287.580078125
2018-10-04,12244.1396484375
2018-10-05,12111.900390625
2018-10-08,11947.16015625
2018-10-09,11977.2197265625
2018-10-10,11712.5
2018-10-11,11539.349609375
2018-10-12,11523.8095703125
2018-10-15,11614.16015625
2018-10-16,11776.5498046875
2018-10-17,11715.0302734375
2018-10-18,11589.2099609375
2018-10-19,11553.830078125
2018-10-22,11524.33984375
2018-10-23,11274.2802734375
2018-10-24,11191.6298828125
2018-10-25,11307.1201171875
2018-10-26,11200.6201171875
2018-10-29,11335.48046875
2018-10-30,11287.3896484375
2018-10-31,11447.509765625
2018-11-01,11468.5400390625
2018-11-02,11518.990234375
2018-11-05,11494.9599609375
2018-11-06,11484.33984375
2018-11-07,11579.099609375
2018-11-08,11527.3203125
2018-11-09,11529.16015625
2018-11-12,11325.4404296875
2018-11-13,11472.2197265625
2018-11-14,11412.5302734375
2018-11-15,11353.669921875
2018-11-16,11341.0
2018-11-19,11244.5400390625
2018-11-20,11066.41015625
2018-11-21,11244.169921875
2018-11-22,11138.490234375
2018-11-23,11192.6904296875
2018-11-26,11354.7197265625
2018-11-27,11309.1103515625
2018-11-28,11298.8798828125
2018-11-29,11298.23046875
2018-11-30,11257.240234375
2018-12-03,11465.4599609375
2018-12-04,11335.3203125
2018-12-05,11200.240234375
2018-12-06,10810.98046875
2018-12-07,10788.08984375
2018-12-10,10622.0703125
2018-12-11,10780.509765625
2018-12-12,10929.4296875
2018-12-13,10924.7001953125
2018-12-14,10865.76953125
2018-12-17,10772.2001953125
2018-12-18,10740.8896484375
2018-12-19,10766.2099609375
2018-12-20,10611.099609375
2018-12-21,10633.8203125
2018-12-27,10381.509765625
2018-12-28,10558.9599609375
2019-01-02,10580.1904296875
2019-01-03,10416.66015625
2019-01-04,10767.6904296875
2019-01-07,10747.8095703125
2019-01-08,10803.98046875
2019-01-09,10893.3203125
2019-01-10,10921.58984375
2019-01-11,10887.4599609375
2019-01-14,10855.91015625
2019-01-15,10891.7900390625
2019-01-16,10931.240234375
2019-01-17,10918.6201171875
2019-01-18,11205.5400390625
2019-01-21,11136.2001953125
2019-01-22,11090.1103515625
2019-01-23,11071.5400390625
2019-01-24,11130.1796875
2019-01-25,11281.7900390625
2019-01-28,11210.3095703125
2019-01-29,11218.830078125
2019-01-30,11181.66015625
2019-01-31,11173.099609375
2019-02-01,11180.66015625
2019-02-04,11176.580078125
2019-02-05,11367.98046875
2019-02-06,11324.7197265625
2019-02-07,11022.01953125
2019-02-08,10906.7802734375
2019-02-11,11014.58984375
2019-02-12,11126.080078125
2019-02-13,11167.2197265625
2019-02-14,11089.7900390625
2019-02-15,11299.7998046875
2019-02-18,11299.2001953125
2019-02-19,11309.2099609375
2019-02-20,11401.9697265625
2019-02-21,11423.2802734375
2019-02-22,11457.7001953125
2019-02-25,11505.3896484375
2019-02-26,11540.7900390625
2019-02-27,11487.330078125
2019-02-28,11515.6396484375
2019-03-01,11601.6796875
2019-03-04,11592.66015625
2019-03-05,11620.740234375
2019-03-06,11587.6298828125
2019-03-07,11517.7998046875
2019-03-08,11457.83984375
2019-03-11,11543.48046875
2019-03-12,11524.169921875
2019-03-13,11572.41015625
2019-03-14,11587.4697265625
2019-03-15,11685.6904296875
2019-03-18,11657.0595703125
2019-03-19,11788.41015625
2019-03-20,11603.8896484375
2019-03-21,11549.9599609375
2019-03-22,11364.169921875
2019-03-25,11346.650390625
2019-03-26,11419.48046875
2019-03-27,11419.0400390625
2019-03-28,11428.16015625
2019-03-29,11526.0400390625
2019-04-01,11681.990234375
2019-04-02,11754.7900390625
2019-04-03,11954.400390625
2019-04-04,11988.009765625
2019-04-05,12009.75
2019-04-08,11963.400390625
2019-04-09,11850.5703125
2019-04-10,11905.91015625
2019-04-11,11935.2001953125
2019-04-12,11999.9296875
2019-04-15,12020.2802734375
2019-04-16,12101.3203125
2019-04-17,12153.0703125
2019-04-18,12222.3896484375
2019-04-23,12235.509765625
2019-04-24,12313.16015625
2019-04-25,12282.599609375
2019-04-26,12315.1796875
2019-04-29,12328.01953125
2019-04-30,12344.080078125
2019-05-02,12345.419921875
2019-05-03,12412.75
2019-05-06,12286.8798828125
2019-05-07,12092.740234375
2019-05-08,12179.9296875
2019-05-09,11973.919921875
2019-05-10,12059.830078125
2019-05-13,11876.650390625
2019-05-14,11991.6201171875
2019-05-15,12099.5703125
2019-05-16,12310.3701171875
2019-05-17,12238.9404296875
2019-05-20,12041.2900390625
2019-05-21,12143.4697265625
2019-05-22,12168.740234375
2019-05-23,11952.41015625
2019-05-24,12011.0400390625
2019-05-27,12071.1796875
2019-05-28,12027.0498046875
2019-05-29,11837.8095703125
2019-05-30,11902.080078125
2019-05-31,11726.83984375
2019-06-03,11792.8095703125
2019-06-04,11971.169921875
2019-06-05,11980.8095703125
2019-06-06,11953.1396484375
2019-06-07,12045.3798828125
2019-06-11,12155.8095703125
2019-06-12,12115.6796875
2019-06-13,12169.0498046875
2019-06-14,12096.400390625
2019-06-17,12085.8203125
2019-06-18,12331.75
2019-06-19,12308.5302734375
2019-06-20,12355.3896484375
2019-06-21,12339.919921875
2019-06-24,12274.5703125
2019-06-25,12228.4404296875
2019-06-26,12245.3203125
2019-06-27,12271.0302734375
2019-06-28,12398.7998046875
2019-07-01,12521.3798828125
2019-07-02,12526.7197265625
2019-07-03,12616.240234375
2019-07-04,12629.900390625
2019-07-05,12568.5302734375
2019-07-08,12543.509765625
2019-07-09,12436.5498046875
2019-07-10,12373.41015625
2019-07-11,12332.1201171875
2019-07-12,12323.3203125
2019-07-15,12387.33984375
2019-07-16,12430.9697265625
2019-07-17,12341.0302734375
2019-07-18,12227.849609375
2019-07-19,12260.0703125
2019-07-22,12289.400390625
2019-07-23,12490.740234375
2019-07-24,12522.8896484375
2019-07-25,12362.099609375
2019-07-26,12419.900390625
2019-07-29,12417.4697265625
2019-07-30,12147.240234375
2019-07-31,12189.0400390625
2019-08-01,12253.150390625
2019-08-02,11872.4404296875
2019-08-05,11658.509765625
2019-08-06,11567.9599609375
2019-08-07,11650.150390625
2019-08-08,11845.41015625
2019-08-09,11693.7998046875
2019-08-12,11679.6796875
2019-08-13,11750.1298828125
2019-08-14,11492.66015625
2019-08-15,11412.669921875
2019-08-16,11562.740234375
2019-08-19,11715.3701171875
2019-08-20,11651.1796875
2019-08-21,11802.849609375
2019-08-22,11747.0400390625
2019-08-23,11611.509765625
2019-08-26,11658.0400390625
2019-08-27,11730.01953125
2019-08-28,11701.01953125
2019-08-29,11838.8798828125
2019-08-30,11939.2802734375
2019-09-02,11953.7802734375
2019-09-03,11910.8603515625
2019-09-04,12025.0400390625
2019-09-05,12126.7802734375
2019-09-06,12191.73046875
2019-09-09,12226.099609375
2019-09-10,12268.7099609375
2019-09-11,12359.0703125
2019-09-12,12410.25
2019-09-13,12468.5302734375
2019-09-16,12380.3095703125
2019-09-17,12372.6103515625
2019-09-18,12389.6201171875
2019-09-19,12457.7001953125
2019-09-20,12468.009765625
2019-09-23,12342.330078125
2019-09-24,12307.150390625
2019-09-25,12234.1796875
2019-09-26,12288.5400390625
2019-09-27,12380.9404296875
2019-09-30,12428.080078125
2019-10-01,12263.830078125
2019-10-02,11925.25
2019-10-04,12012.8095703125
2019-10-07,12097.4296875
2019-10-08,11970.2001953125
2019-10-09,12094.259765625
2019-10-10,12164.2001953125
2019-10-11,12511.650390625
2019-10-14,12486.5595703125
2019-10-15,12629.7900390625
2019-10-16,12670.1103515625
2019-10-17,12654.9501953125
2019-10-18,12633.599609375
2019-10-21,12747.9599609375
2019-10-22,12754.6904296875
2019-10-23,12798.1904296875
2019-10-24,12872.099609375
2019-10-25,12894.509765625
2019-10-28,12941.7099609375
2019-10-29,12939.6201171875
2019-10-30,12910.23046875
2019-10-31,12866.7900390625
2019-11-01,12961.0498046875
2019-11-04,13136.2802734375
2019-11-05,13148.5
2019-11-06,13179.8896484375
2019-11-07,13289.4599609375
2019-11-08,13228.5595703125
2019-11-11,13198.3701171875
2019-11-12,13283.509765625
2019-11-13,13230.0703125
2019-11-14,13180.23046875
2019-11-15,13241.75
2019-11-18,13207.009765625
2019-11-19,13221.1201171875
2019-11-20,13158.1396484375
2019-11-21,13137.7001953125
2019-11-22,13163.8798828125
2019-11-25,13246.4501953125
2019-11-26,13236.419921875
2019-11-27,13287.0703125
2019-11-28,13245.580078125
2019-11-29,13236.3798828125
2019-12-02,12964.6796875
2019-12-03,12989.2900390625
2019-12-04,13140.5703125
2019-12-05,13054.7998046875
2019-12-06,13166.580078125
2019-12-09,13105.6103515625
2019-12-10,13070.7197265625
2019-12-11,13146.740234375
2019-12-12,13221.6396484375
2019-12-13,13282.7197265625
2019-12-16,13407.66015625
2019-12-17,13287.830078125
2019-12-18,13222.16015625
2019-12-19,13211.9599609375
2019-12-20,13318.900390625
2019-12-23,13300.98046875
2019-12-27,13337.1103515625
2019-12-30,13249.009765625
2020-01-02,13385.9296875
2020-01-03,13219.1396484375
2020-01-06,13126.990234375
2020-01-07,13226.830078125
2020-01-08,13320.1796875
2020-01-09,13495.0595703125
2020-01-10,13483.3095703125
2020-01-13,13451.51953125
2020-01-14,13456.490234375
2020-01-15,13432.2998046875
2020-01-16,13429.4296875
2020-01-17,13526.1298828125
2020-01-20,13548.9404296875
2020-01-21,13555.8701171875
2020-01-22,13515.75
2020-01-23,13388.419921875
2020-01-24,13576.6796875
2020-01-27,13204.76953125
2020-01-28,13323.6904296875
2020-01-29,13345.0
2020-01-30,13157.1201171875
2020-01-31,12981.9697265625
2020-02-03,13045.1904296875
2020-02-04,13281.740234375
2020-02-05,13478.330078125
2020-02-06,13574.8203125
2020-02-07,13513.8095703125
2020-02-10,13494.0302734375
2020-02-11,13627.83984375
2020-02-12,13749.7802734375
2020-02-13,13745.4296875
2020-02-14,13744.2099609375
2020-02-17,13783.8896484375
2020-02-18,13681.1904296875
2020-02-19,13789.0
2020-02-20,13664.0
2020-02-21,13579.330078125
2020-02-24,13035.240234375
2020-02-25,12790.490234375
2020-02-26,12774.8798828125
2020-02-27,12367.4599609375
2020-02-28,11890.349609375
2020-03-02,11857.8701171875
2020-03-03,11985.3896484375
2020-03-04,12127.6904296875
2020-03-05,11944.7197265625
2020-03-06,11541.8701171875
2020-03-09,10625.01953125
2020-03-10,10475.490234375
2020-03-11,10438.6796875
2020-03-12,9161.1298828125
2020-03-13,9232.080078125
2020-03-16,8742.25
2020-03-17,8939.099609375
2020-03-18,8441.7099609375
2020-03-19,8610.4296875
2020-03-20,8928.9501953125
2020-03-23,8741.150390625
2020-03-24,9700.5703125
2020-03-25,9874.259765625
2020-03-26,10000.9599609375
2020-03-27,9632.51953125
2020-03-30,9815.9697265625
2020-03-31,9935.83984375
2020-04-01,9544.75
2020-04-02,9570.8203125
2020-04-03,9525.76953125
2020-04-06,10075.169921875
2020-04-07,10356.7001953125
2020-04-08,10332.8896484375
2020-04-09,10564.740234375
2020-04-14,10696.5595703125
2020-04-15,10279.759765625
2020-04-16,10301.5400390625
2020-04-17,10625.7802734375
2020-04-20,10675.900390625
2020-04-21,10249.849609375
2020-04-22,10415.0302734375
2020-04-23,10513.7900390625
2020-04-24,10336.08984375
2020-04-27,10659.990234375
2020-04-28,10795.6298828125
2020-04-29,11107.740234375
2020-04-30,10861.6396484375
2020-05-04,10466.7998046875
2020-05-05,10729.4599609375
2020-05-06,10606.2001953125
2020-05-07,10759.26953125
2020-05-08,10904.48046875
2020-05-11,10824.990234375
2020-05-12,10819.5
2020-05-13,10542.66015625
2020-05-14,10337.01953125
2020-05-15,10465.169921875
2020-05-18,11058.8701171875
2020-05-19,11075.2900390625
2020-05-20,11223.7099609375
2020-05-21,11065.9296875
2020-05-22,11073.8701171875
2020-05-25,11391.2802734375
2020-05-26,11504.650390625
2020-05-27,11657.6904296875
2020-05-28,11781.1298828125
2020-05-29,11586.849609375
2020-06-02,12021.2802734375
2020-06-03,12487.3603515625
2020-06-04,12430.5595703125
2020-06-05,12847.6796875
2020-06-08,12819.58984375
2020-06-09,12617.990234375
2020-06-10,12530.16015625
2020-06-11,11970.2900390625
2020-06-12,11949.2802734375
2020-06-15,11911.349609375
2020-06-16,12315.66015625
2020-06-17,12382.1396484375
2020-06-18,12281.5302734375
2020-06-19,12330.759765625
2020-06-22,12262.9697265625
2020-06-23,12523.759765625
2020-06-24,12093.9404296875
2020-06-25,12177.8701171875
2020-06-26,12089.3896484375
2020-06-29,12232.1201171875
2020-06-30,12310.9296875
2020-07-01,12260.5703125
2020-07-02,12608.4599609375
2020-07-03,12528.1796875
2020-07-06,12733.4501953125
2020-07-07,12616.7998046875
2020-07-08,12494.8095703125
2020-07-09,12489.4599609375
2020-07-10,12633.7099609375
2020-07-13,12799.9697265625
2020-07-14,12697.3603515625
2020-07-15,12930.98046875
2020-07-16,12874.9697265625
2020-07-17,12919.6103515625
2020-07-20,13046.919921875
2020-07-21,13171.830078125
2020-07-22,13104.25
2020-07-23,13103.3896484375
2020-07-24,12838.0595703125
2020-07-27,12838.66015625
2020-07-28,12835.2802734375
2020-07-29,12822.259765625
2020-07-30,12379.650390625
2020-07-31,12313.3603515625
2020-08-03,12646.98046875
2020-08-04,12600.8701171875
2020-08-05,12660.25
2020-08-06,12591.6796875
2020-08-07,12674.8798828125
2020-08-10,12687.5302734375
2020-08-11,12946.8896484375
2020-08-12,13058.6298828125
2020-08-13,12993.7099609375
2020-08-14,12901.33984375
2020-08-17,12920.66015625
2020-08-18,12881.759765625
2020-08-19,12977.330078125
2020-08-20,12830.0
2020-08-21,12764.7998046875
2020-08-24,13066.5400390625
2020-08-25,13061.6201171875
2020-08-26,13190.150390625
2020-08-27,13096.3603515625
2020-08-28,13033.2001953125
2020-08-31,12945.3798828125
2020-09-01,12974.25
2020-09-02,13243.4296875
2020-09-03,13057.76953125
2020-09-04,12842.66015625
2020-09-07,13100.2802734375
2020-09-08,12968.330078125
2020-09-09,13237.2099609375
2020-09-10,13208.8896484375
2020-09-11,13202.83984375
2020-09-14,13193.66015625
2020-09-15,13217.669921875
2020-09-16,13255.3701171875
2020-09-17,13208.1201171875
2020-09-18,13116.25
2020-09-21,12542.4404296875
2020-09-22,12594.3896484375
2020-09-23,12642.9697265625
2020-09-24,12606.5703125
2020-09-25,12469.2001953125
2020-09-28,12870.8701171875
2020-09-29,12825.8203125
2020-09-30,12760.73046875
2020-10-01,12730.76953125
2020-10-02,12689.0400390625
2020-10-05,12828.3095703125
2020-10-06,12906.01953125
2020-10-07,12928.5703125
2020-10-08,13042.2099609375
2020-10-09,13051.23046875
2020-10-12,13138.41015625
2020-10-13,13018.990234375
2020-10-14,13028.0595703125
2020-10-15,12703.75
2020-10-16,12908.990234375
2020-10-19,12854.66015625
2020-10-20,12736.9501953125
2020-10-21,12557.6396484375
2020-10-22,12543.0595703125
2020-10-23,12645.75
2020-10-26,12177.1796875
2020-10-27,12063.5703125
2020-10-28,11560.509765625
2020-10-29,11598.0703125
2020-10-30,11556.48046875
2020-11-02,11788.2802734375
2020-11-03,12088.98046875
2020-11-04,12324.2197265625
2020-11-05,12568.08984375
2020-11-06,12480.01953125
2020-11-09,13095.9697265625
2020-11-10,13163.1103515625
2020-11-11,13216.1796875
2020-11-12,13052.9501953125
2020-11-13,13076.7197265625
2020-11-16,13138.6103515625
2020-11-17,13133.4697265625
2020-11-18,13201.8896484375
2020-11-19,13086.16015625
2020-11-20,13137.25
2020-11-23,13126.9697265625
2020-11-24,13292.4404296875
2020-11-25,13289.7998046875
2020-11-26,13286.5703125
2020-11-27,13335.6796875
2020-11-30,13291.16015625
2020-12-01,13382.2998046875
2020-12-02,13313.240234375
2020-12-03,13252.8603515625
2020-12-04,13298.9599609375
2020-12-07,13271.0
2020-12-08,13278.490234375
2020-12-09,13340.259765625
2020-12-10,13295.73046875
2020-12-11,13114.2998046875
2020-12-14,13223.16015625
2020-12-15,13362.8701171875
2020-12-16,13565.98046875
2020-12-17,13667.25
2020-12-18,13630.509765625
2020-12-21,13246.2998046875
2020-12-22,13418.1103515625
2020-12-23,13587.23046875
2020-12-28,13790.2900390625
2020-12-29,13761.3798828125
2020-12-30,13718.7802734375
2021-01-04,13726.740234375
2021-01-05,13651.2197265625
2021-01-06,13891.9697265625
2021-01-07,13968.240234375
2021-01-08,14049.5302734375
2021-01-11,13936.66015625
2021-01-12,13925.0595703125
2021-01-13,13939.7099609375
2021-01-14,13988.7001953125
2021-01-15,13787.73046875
2021-01-18,13848.349609375
2021-01-19,13815.0595703125
2021-01-20,13921.3701171875
2021-01-21,13906.669921875
2021-01-22,13873.9697265625
2021-01-25,13643.9501953125
2021-01-26,13870.990234375
2021-01-27,13620.4599609375
2021-01-28,13665.9296875
2021-01-29,13432.8701171875
2021-02-01,13622.01953125
2021-02-02,13835.16015625
2021-02-03,13933.6298828125
2021-02-04,14060.2900390625
2021-02-05,14056.7197265625
2021-02-08,14059.91015625
2021-02-09,14011.7998046875
2021-02-10,13932.9697265625
2021-02-11,14040.91015625
2021-02-12,14049.8896484375
2021-02-15,14109.48046875
2021-02-16,14064.599609375
2021-02-17,13909.26953125
2021-02-18,13886.9296875
2021-02-19,13993.23046875
2021-02-22,13950.0400390625
2021-02-23,13864.8095703125
2021-02-24,13976.0
2021-02-25,13879.330078125
2021-02-26,13786.2900390625
2021-03-01,14012.8203125
2021-03-02,14039.7998046875
2021-03-03,14080.0302734375
2021-03-04,14056.33984375
2021-03-05,13920.6904296875
2021-03-08,14380.91015625
2021-03-09,14437.9404296875
2021-03-10,14540.25
2021-03-11,14569.3896484375
2021-03-12,14502.3896484375
2021-03-15,14461.419921875
2021-03-16,14557.580078125
2021-03-17,14596.6103515625
2021-03-18,14775.51953125
2021-03-19,14621.0
2021-03-22,14657.2099609375
2021-03-23,14662.01953125
2021-03-24,14610.3896484375
2021-03-25,14621.3603515625
2021-03-26,14748.9404296875
2021-03-29,14817.7197265625
2021-03-30,15008.6103515625
2021-03-31,15008.33984375
2021-04-01,15107.169921875
2021-04-06,15212.6796875
2021-04-07,15176.3603515625
2021-04-08,15202.6796875
2021-04-09,15234.16015625
2021-04-12,15215.0
2021-04-13,15234.3603515625
2021-04-14,15209.150390625
2021-04-15,15255.330078125
2021-04-16,15459.75
2021-04-19,15368.3896484375
2021-04-20,15129.509765625
2021-04-21,15195.9697265625
2021-04-22,15320.51953125
2021-04-23,15279.6201171875
2021-04-26,15296.33984375
2021-04-27,15249.26953125
2021-04-28,15292.1796875
2021-04-29,15154.2001953125
2021-04-30,15135.91015625
2021-05-03,15236.4697265625
2021-05-04,14856.48046875
2021-05-05,15170.7802734375
2021-05-06,15196.740234375
2021-05-07,15399.650390625
2021-05-10,15400.41015625
2021-05-11,15119.75
2021-05-12,15150.2197265625
2021-05-13,15199.6796875
2021-05-14,15416.6396484375
2021-05-17,15396.6201171875
2021-05-18,15386.580078125
2021-05-19,15113.5595703125
2021-05-20,15370.259765625
2021-05-21,15437.509765625
2021-05-25,15465.08984375
2021-05-26,15450.7197265625
2021-05-27,15406.73046875
2021-05-28,15519.98046875
2021-05-31,15421.1298828125
2021-06-01,15567.3603515625
2021-06-02,15602.7099609375
2021-06-03,15632.669921875
2021-06-04,15692.900390625
2021-06-07,15677.150390625
2021-06-08,15640.599609375
2021-06-09,15581.1396484375
2021-06-10,15571.2197265625
2021-06-11,15693.26953125
2021-06-14,15673.6396484375
2021-06-15,15729.51953125
2021-06-16,15710.5703125
2021-06-17,15727.669921875
2021-06-18,15448.0400390625
2021-06-21,15603.240234375
2021-06-22,15636.330078125
2021-06-23,15456.3896484375
2021-06-24,15589.23046875
2021-06-25,15607.9697265625
2021-06-28,15554.1796875
2021-06-29,15690.58984375
2021-06-30,15531.0400390625
2021-07-01,15603.8095703125
2021-07-02,15650.08984375
2021-07-05,15661.9697265625
2021-07-06,15511.3798828125
2021-07-07,15692.7099609375
2021-07-08,15420.6396484375
2021-07-09,15687.9296875
2021-07-12,15790.509765625
2021-07-13,15789.6396484375
2021-07-14,15788.98046875
2021-07-15,15629.66015625
2021-07-16,15540.3095703125
2021-07-19,15133.2001953125
2021-07-20,15216.26953125
2021-07-21,15422.5
2021-07-22,15514.5400390625
2021-07-23,15669.2900390625
2021-07-26,15618.98046875
2021-07-27,15519.1298828125
2021-07-28,15570.3603515625
2021-07-29,15640.4697265625
2021-07-30,15544.3896484375
2021-08-02,15568.73046875
2021-08-03,15555.080078125
2021-08-04,15692.1298828125
2021-08-05,15744.669921875
2021-08-06,15761.4501953125
2021-08-09,15745.41015625
2021-08-10,15770.7099609375
2021-08-11,15826.08984375
2021-08-12,15937.509765625
2021-08-13,15977.4404296875
2021-08-16,15925.73046875
2021-08-17,15921.9501953125
2021-08-18,15965.9697265625
2021-08-19,15765.8095703125
2021-08-20,15808.0400390625
2021-08-23,15852.7900390625
2021-08-24,15905.849609375
2021-08-25,15860.66015625
2021-08-26,15793.6201171875
2021-08-27,15851.75
2021-08-30,15887.3095703125
2021-08-31,15835.08984375
2021-09-01,15824.2900390625
2021-09-02,15840.58984375
2021-09-03,15781.2001953125
2021-09-06,15932.1201171875
2021-09-07,15843.08984375
2021-09-08,15610.2802734375
2021-09-09,15623.150390625
2021-09-10,15609.8095703125
2021-09-13,15701.419921875
2021-09-14,15722.990234375
2021-09-15,15616.0
2021-09-16,15651.75
2021-09-17,15490.169921875
2021-09-20,15132.0595703125
2021-09-21,15348.5302734375
2021-09-22,15506.740234375
2021-09-23,15643.9697265625
2021-09-24,15531.75
2021-09-27,15573.8798828125
2021-09-28,15248.5595703125
2021-09-29,15365.26953125
2021-09-30,15260.6904296875
2021-10-01,15156.4404296875
2021-10-04,15036.5498046875
2021-10-05,15194.490234375
2021-10-06,14973.330078125
2021-10-07,15250.8603515625
2021-10-08,15206.1298828125
2021-10-11,15199.1396484375
2021-10-12,15146.8701171875
2021-10-13,15249.3798828125
2021-10-14,15462.7197265625
2021-10-15,15587.3603515625
2021-10-18,15474.4697265625
2021-10-19,15515.830078125
2021-10-20,15522.919921875
2021-10-21,15472.5595703125
2021-10-22,15542.98046875
2021-10-25,15599.23046875
2021-10-26,15757.0595703125
2021-10-27,15705.8095703125
2021-10-28,15696.330078125
2021-10-29,15688.76953125
2021-11-01,15806.2900390625
2021-11-02,15954.4501953125
2021-11-03,15959.98046875
2021-11-04,16029.650390625
2021-11-05,16054.3603515625
2021-11-08,16046.51953125
2021-11-09,16040.4697265625
2021-11-10,16067.830078125
2021-11-11,16083.1103515625
2021-11-12,16094.0703125
2021-11-15,16148.6396484375
2021-11-16,16247.8603515625
2021-11-17,16251.1298828125
2021-11-18,16221.73046875
2021-11-19,16159.9697265625
2021-11-22,16115.6904296875
2021-11-23,15937.0
2021-11-24,15878.3896484375
2021-11-25,15917.98046875
2021-11-26,15257.0400390625
2021-11-29,15280.8603515625
2021-11-30,15100.1298828125
2021-12-01,15472.669921875
2021-12-02,15263.1103515625
2021-12-03,15169.98046875
2021-12-06,15380.7900390625
2021-12-07,15813.9404296875
2021-12-08,15687.08984375
2021-12-09,15639.259765625
2021-12-10,15623.3095703125
2021-12-13,15621.7197265625
2021-12-14,15453.5595703125
2021-12-15,15476.349609375
2021-12-16,15636.400390625
2021-12-17,15531.6904296875
2021-12-20,15239.669921875
2021-12-21,15447.4404296875
2021-12-22,15593.4697265625
2021-12-23,15756.3095703125
2021-12-27,15835.25
2021-12-28,15963.7001953125
2021-12-29,15852.25
2021-12-30,15884.8603515625
2022-01-03,16020.73046875
2022-01-04,16152.6103515625
2022-01-05,16271.75
2022-01-06,16052.0302734375
2022-01-07,15947.740234375
2022-01-10,15768.26953125
2022-01-11,15941.8095703125
2022-01-12,16010.3203125
2022-01-13,16031.58984375
2022-01-14,15883.240234375
2022-01-17,15933.7197265625
2022-01-18,15772.5595703125
2022-01-19,15809.7197265625
2022-01-20,15912.330078125
2022-01-21,15603.8798828125
2022-01-24,15011.1298828125
2022-01-25,15123.8701171875
2022-01-26,15459.3896484375
2022-01-27,15524.26953125
2022-01-28,15318.9501953125
2022-01-31,15471.2001953125
2022-02-01,15619.3896484375
2022-02-02,15613.76953125
2022-02-03,15368.4697265625
2022-02-04,15099.5595703125
2022-02-07,15206.6396484375
2022-02-08,15242.3798828125
2022-02-09,15482.009765625
2022-02-10,15490.4404296875
2022-02-11,15425.1201171875
2022-02-14,15113.9697265625
2022-02-15,15412.7099609375
2022-02-16,15396.0703125
2022-02-17,15267.6298828125
2022-02-18,15042.509765625
2022-02-21,14731.1201171875
2022-02-22,14693.0
2022-02-23,14631.3603515625
2022-02-24,14052.099609375
2022-02-25,14567.23046875
2022-02-28,14461.01953125
2022-03-01,13904.849609375
2022-03-02,14000.1103515625
2022-03-03,13698.400390625
2022-03-04,13094.5400390625
2022-03-07,12834.650390625
2022-03-08,12831.509765625
2022-03-09,13847.9296875
2022-03-10,13442.099609375
2022-03-11,13628.1103515625
2022-03-14,13929.1103515625
2022-03-15,13917.26953125
2022-03-16,14440.740234375
2022-03-17,14388.0595703125
2022-03-18,14413.08984375
2022-03-21,14326.9697265625
2022-03-22,14473.2001953125
2022-03-23,14283.650390625
2022-03-24,14273.7900390625
2022-03-25,14305.759765625
2022-03-28,14417.3701171875
2022-03-29,14820.330078125
2022-03-30,14606.0498046875
2022-03-31,14414.75
2022-04-01,14446.48046875
2022-04-04,14518.16015625
2022-04-05,14424.3603515625
2022-04-06,14151.6904296875
2022-04-07,14078.150390625
2022-04-08,14283.669921875
2022-04-11,14192.7802734375
2022-04-12,14124.9501953125
2022-04-13,14076.4404296875
2022-04-14,14163.849609375
2022-04-19,14153.4599609375
2022-04-20,14362.0302734375
2022-04-21,14502.41015625
2022-04-22,14142.08984375
2022-04-25,13924.169921875
2022-04-26,13756.400390625
2022-04-27,13793.9404296875
2022-04-28,13979.83984375
2022-04-29,14097.8798828125
2022-05-02,13939.0703125
2022-05-03,14039.4697265625
2022-05-04,13970.8203125
2022-05-05,13902.51953125
2022-05-06,13674.2900390625
2022-05-09,13380.669921875
2022-05-10,13534.740234375
2022-05-11,13828.6396484375
2022-05-12,13739.6396484375
2022-05-13,14027.9296875
2022-05-16,13964.3798828125
2022-05-17,14185.9404296875
2022-05-18,14007.759765625
2022-05-19,13882.2998046875
2022-05-20,13981.91015625
2022-05-23,14175.400390625
2022-05-24,13919.75
2022-05-25,14007.9296875
2022-05-26,14231.2900390625
2022-05-27,14462.1904296875
2022-05-30,14575.98046875
2022-05-31,14388.349609375
2022-06-01,14340.4697265625
2022-06-02,14485.169921875
2022-06-03,14460.08984375
2022-06-06,14653.8095703125
2022-06-07,14556.6201171875
2022-06-08,14445.990234375
2022-06-09,14198.7998046875
2022-06-10,13761.830078125
2022-06-13,13427.0302734375
2022-06-14,13304.3896484375
2022-06-15,13485.2900390625
2022-06-16,13038.490234375
2022-06-17,13126.259765625
2022-06-20,13265.599609375
2022-06-21,13292.400390625
2022-06-22,13144.2802734375
2022-06-23,12912.58984375
2022-06-24,13118.1298828125
2022-06-27,13186.0703125
2022-06-28,13231.8203125
2022-06-29,13003.349609375
2022-06-30,12783.76953125
2022-07-01,12813.0302734375
2022-07-04,12773.3798828125
2022-07-05,12401.2001953125
2022-07-06,12594.51953125
2022-07-07,12843.2197265625
2022-07-08,13015.23046875
2022-07-11,12832.4404296875
2022-07-12,12905.48046875
2022-07-13,12756.3203125
2022-07-14,12519.66015625
2022-07-15,12864.7197265625
2022-07-18,12959.8095703125
2022-07-19,13308.41015625
2022-07-20,13281.98046875
2022-07-21,13246.6396484375
2022-07-22,13253.6796875
2022-07-25,13210.3203125
2022-07-26,13096.9296875
2022-07-27,13166.3798828125
2022-07-28,13282.1103515625
2022-07-29,13484.0498046875
2022-08-01,13479.6298828125
2022-08-02,13449.2001953125
2022-08-03,13587.5595703125
2022-08-04,13662.6796875
2022-08-05,13573.9296875
2022-08-08,13687.6904296875
2022-08-09,13534.9697265625
2022-08-10,13700.9296875
2022-08-11,13694.509765625
2022-08-12,13795.849609375
2022-08-15,13816.6103515625
2022-08-16,13910.1201171875
2022-08-17,13626.7099609375
2022-08-18,13697.41015625
2022-08-19,13544.51953125
2022-08-22,13230.5703125
2022-08-23,13194.23046875
2022-08-24,13220.0595703125
2022-08-25,13271.9599609375
2022-08-26,12971.4697265625
2022-08-29,12892.990234375
2022-08-30,12961.1396484375
2022-08-31,12834.9599609375
2022-09-01,12630.23046875
2022-09-02,13050.26953125
2022-09-05,12760.7802734375
2022-09-06,12871.4404296875
2022-09-07,12915.9697265625
2022-09-08,12904.3203125
2022-09-09,13088.2099609375
2022-09-12,13402.26953125
2022-09-13,13188.9501953125
2022-09-14,13028.0
2022-09-15,12956.66015625
2022-09-16,12741.259765625
2022-09-19,12803.240234375
2022-09-20,12670.830078125
2022-09-21,12767.150390625
2022-09-22,12531.6298828125
2022-09-23,12284.1904296875
2022-09-26,12227.919921875
2022-09-27,12139.6796875
2022-09-28,12183.2802734375
2022-09-29,11975.5498046875
2022-09-30,12114.3603515625
2022-10-03,12209.48046875
2022-10-04,12670.48046875
2022-10-05,12517.1796875
2022-10-06,12470.7802734375
2022-10-07,12273.0
2022-10-10,12272.9404296875
2022-10-11,12220.25
2022-10-12,12172.259765625
2022-10-13,12355.580078125
2022-10-14,12437.8095703125
2022-10-17,12649.0302734375
2022-10-18,12765.6103515625
2022-10-19,12741.41015625
2022-10-20,12767.41015625
2022-10-21,12730.900390625
2022-10-24,12931.4501953125
2022-10-25,13052.9599609375
2022-10-26,13195.8095703125
2022-10-27,13211.23046875
2022-10-28,13243.330078125
2022-10-31,13253.740234375
2022-11-01,13338.740234375
2022-11-02,13256.740234375
2022-11-03,13130.1904296875
2022-11-04,13459.849609375
2022-11-07,13533.51953125
2022-11-08,13688.75
2022-11-09,13666.3203125
2022-11-10,14146.08984375
2022-11-11,14224.8603515625
2022-11-14,14313.2998046875
2022-11-15,14378.509765625
2022-11-16,14234.0302734375
2022-11-17,14266.3798828125
2022-11-18,14431.8603515625
2022-11-21,14379.9296875
2022-11-22,14422.349609375
2022-11-23,14427.58984375
2022-11-24,14539.5595703125
2022-11-25,14541.3798828125
2022-11-28,14383.3603515625
2022-11-29,14355.4501953125
2022-11-30,14397.0400390625
2022-12-01,14490.2998046875
2022-12-02,14529.3896484375
2022-12-05,14447.6103515625
2022-12-06,14343.1904296875
2022-12-07,14261.1904296875
2022-12-08,14264.5595703125
2022-12-09,14370.7197265625
2022-12-12,14306.6298828125
2022-12-13,14497.8896484375
2022-12-14,14460.2001953125
2022-12-15,13986.23046875
2022-12-16,13893.0703125
2022-12-19,13942.8701171875
2022-12-20,13884.66015625
2022-12-21,14097.8203125
2022-12-22,13914.0703125
2022-12-23,13940.9296875
2022-12-27,13995.099609375
2022-12-28,13925.599609375
2022-12-29,14071.7197265625
2022-12-30,13923.58984375
2023-01-02,14069.259765625
2023-01-03,14181.669921875
2023-01-04,14490.7802734375
2023-01-05,14436.3095703125
2023-01-06,14610.01953125
2023-01-09,14792.830078125
2023-01-10,14774.599609375
2023-01-11,14947.91015625
2023-01-12,15058.2998046875
2023-01-13,15086.51953125
2023-01-16,15134.0400390625
2023-01-17,15187.0703125
2023-01-18,15181.7998046875
2023-01-19,14920.3603515625
2023-01-20,15033.5595703125
2023-01-23,15102.9501953125
2023-01-24,15093.1103515625
2023-01-25,15081.6396484375
2023-01-26,15132.849609375
2023-01-27,15150.0302734375
2023-01-30,15126.080078125
2023-01-31,15128.26953125
2023-02-01,15180.740234375
2023-02-02,15509.1904296875
2023-02-03,15476.4296875
2023-02-06,15345.91015625
2023-02-07,15320.8798828125
2023-02-08,15412.0498046875
2023-02-09,15523.419921875
2023-02-10,15307.98046875
2023-02-13,15397.33984375
2023-02-14,15380.5595703125
2023-02-15,15506.33984375
2023-02-16,15533.6396484375
2023-02-17,15482.0
2023-02-20,15477.5498046875
2023-02-21,15397.6201171875
2023-02-22,15399.8896484375
2023-02-23,15475.6904296875
2023-02-24,15209.740234375
2023-02-27,15381.4296875
2023-02-28,15365.1396484375
2023-03-01,15305.01953125
2023-03-02,15327.6396484375
2023-03-03,15578.3896484375
2023-03-06,15653.580078125
2023-03-07,15559.5302734375
2023-03-08,15631.8701171875
2023-03-09,15633.2099609375
2023-03-10,15427.9697265625
2023-03-13,14959.4697265625
2023-03-14,15232.830078125
2023-03-15,14735.259765625
2023-03-16,14967.099609375
2023-03-17,14768.2001953125
2023-03-20,14933.3798828125
2023-03-21,15195.33984375
2023-03-22,15216.1904296875
2023-03-23,15210.3896484375
2023-03-24,14957.23046875
2023-03-27,15127.6796875
2023-03-28,15142.01953125
2023-03-29,15328.7802734375
2023-03-30,15522.400390625
2023-03-31,15628.83984375
2023-04-03,15580.919921875
2023-04-04,15603.4697265625
2023-04-05,15520.169921875
2023-04-06,15597.8896484375
2023-04-11,15655.169921875
2023-04-12,15703.599609375
2023-04-13,15729.4599609375
2023-04-14,15807.5
2023-04-17,15789.5302734375
2023-04-18,15882.669921875
2023-04-19,15895.2001953125
2023-04-20,15795.9697265625
2023-04-21,15881.66015625
2023-04-24,15863.9501953125
2023-04-25,15872.1298828125
2023-04-26,15795.73046875
2023-04-27,15800.4501953125
2023-04-28,15922.3798828125
2023-05-02,15726.9404296875
2023-05-03,15815.0595703125
2023-05-04,15734.240234375
2023-05-05,15961.01953125
2023-05-08,15952.830078125
2023-05-09,15955.48046875
2023-05-10,15896.23046875
2023-05-11,15834.91015625
2023-05-12,15913.8203125
2023-05-15,15917.240234375
2023-05-16,15897.9296875
2023-05-17,15951.2998046875
2023-05-18,16163.3603515625
2023-05-19,16275.3798828125
2023-05-22,16223.990234375
2023-05-23,16152.8603515625
2023-05-24,15842.1298828125
2023-05-25,15793.7998046875
2023-05-26,15983.9697265625
2023-05-29,15952.73046875
2023-05-30,15908.91015625
2023-05-31,15664.01953125
2023-06-01,15853.66015625
2023-06-02,16051.23046875
2023-06-05,15963.8896484375
2023-06-06,15992.4404296875
2023-06-07,15960.5595703125
2023-06-08,15989.9599609375
2023-06-09,15949.83984375
2023-06-12,16097.8701171875
2023-06-13,16230.6796875
2023-06-14,16310.7900390625
2023-06-15,16290.1201171875
2023-06-16,16357.6298828125
2023-06-19,16201.2001953125
2023-06-20,16111.3203125
2023-06-21,16023.1298828125
2023-06-22,15988.16015625
2023-06-23,15829.9404296875
2023-06-26,15813.0595703125
2023-06-27,15846.8603515625
2023-06-28,15949.0
2023-06-29,15946.7197265625
2023-06-30,16147.900390625
2023-07-03,16081.0400390625
2023-07-04,16039.169921875
2023-07-05,15937.580078125
2023-07-06,15528.5400390625
2023-07-07,15603.400390625
2023-07-10,15673.16015625
2023-07-11,15790.33984375
2023-07-12,16023.0
2023-07-13,16141.0302734375
2023-07-14,16105.0703125
2023-07-17,16068.650390625
2023-07-18,16125.490234375
2023-07-19,16108.9296875
2023-07-20,16204.2197265625
2023-07-21,16177.2197265625
2023-07-24,16190.9501953125
2023-07-25,16211.58984375
2023-07-26,16131.4599609375
2023-07-27,16406.029296875
2023-07-28,16469.75
2023-07-31,16446.830078125
2023-08-01,16240.400390625
2023-08-02,16020.01953125
2023-08-03,15893.3798828125
2023-08-04,15951.8603515625
2023-08-07,15950.759765625
2023-08-08,15774.9296875
2023-08-09,15852.580078125
2023-08-10,15996.51953125
2023-08-11,15832.169921875
2023-08-14,15904.25
2023-08-15,15767.2802734375
2023-08-16,15789.4501953125
2023-08-17,15676.900390625
2023-08-18,15574.259765625
2023-08-21,15603.2802734375
2023-08-22,15705.6201171875
2023-08-23,15728.41015625
2023-08-24,15621.490234375
2023-08-25,15631.8203125
2023-08-28,15792.6103515625
2023-08-29,15930.8798828125
2023-08-30,15891.9296875
2023-08-31,15947.080078125
2023-09-01,15840.33984375
2023-09-04,15824.849609375
2023-09-05,15771.7099609375
2023-09-06,15741.3701171875
2023-09-07,15718.66015625
2023-09-08,15740.2998046875
2023-09-11,15800.990234375
2023-09-12,15715.5302734375
2023-09-13,15654.0302734375
2023-09-14,15805.2900390625
2023-09-15,15893.5302734375
2023-09-18,15727.1201171875
2023-09-19,15664.48046875
2023-09-20,15781.58984375
2023-09-21,15571.8603515625
2023-09-22,15557.2900390625
2023-09-25,15405.490234375
2023-09-26,15255.8701171875
2023-09-27,15217.4501953125
2023-09-28,15323.5
2023-09-29,15386.580078125
2023-10-02,15247.2099609375
2023-10-03,15085.2099609375
2023-10-04,15099.919921875
2023-10-05,15070.2197265625
2023-10-06,15229.76953125
2023-10-09,15128.1103515625
2023-10-10,15423.51953125
2023-10-11,15460.009765625
2023-10-12,15425.0302734375
2023-10-13,15186.66015625
2023-10-16,15237.990234375
2023-10-17,15251.6904296875
2023-10-18,15094.91015625
2023-10-19,15045.23046875
2023-10-20,14798.4697265625
2023-10-23,14800.7197265625
2023-10-24,14879.9404296875
2023-10-25,14892.1796875
2023-10-26,14731.0498046875
2023-10-27,14687.41015625
2023-10-30,14716.5400390625
2023-10-31,14810.33984375
2023-11-01,14923.26953125
2023-11-02,15143.599609375
2023-11-03,15189.25
2023-11-06,15135.9697265625
2023-11-07,15152.6396484375
2023-11-08,15229.599609375
2023-11-09,15352.5400390625
2023-11-10,15234.3896484375
2023-11-13,15345.0
2023-11-14,15614.4296875
2023-11-15,15748.169921875
2023-11-16,15786.6103515625
2023-11-17,15919.16015625
2023-11-20,15901.330078125
2023-11-21,15900.5302734375
2023-11-22,15957.8203125
2023-11-23,15994.73046875
2023-11-24,16029.490234375
2023-11-27,15966.3701171875
2023-11-28,15992.669921875
2023-11-29,16166.4501953125
2023-11-30,16215.4296875
2023-12-01,16397.51953125
2023-12-04,16404.759765625
2023-12-05,16533.109375
2023-12-06,16656.439453125
2023-12-07,16628.990234375
2023-12-08,16759.220703125
2023-12-11,16794.4296875
2023-12-12,16791.740234375
2023-12-13,16766.05078125
2023-12-14,16752.23046875
2023-12-15,16751.439453125
2023-12-18,16650.55078125
2023-12-19,16744.41015625
2023-12-20,16733.05078125
2023-12-21,16687.419921875
2023-12-22,16706.1796875
2023-12-27,16742.0703125
2023-12-28,16701.55078125
2023-12-29,16751.640625
2024-01-02,16769.359375
2024-01-03,16538.390625
2024-01-04,16617.2890625
2024-01-05,16594.2109375
2024-01-08,16716.470703125
2024-01-09,16688.359375
2024-01-10,16689.810546875
2024-01-11,16547.029296875
2024-01-12,16704.560546875
2024-01-15,16622.220703125
2024-01-16,16571.6796875
2024-01-17,16431.689453125
2024-01-18,16567.349609375
2024-01-19,16555.130859375
2024-01-22,16683.359375
2024-01-23,16627.08984375
2024-01-24,16889.919921875
2024-01-25,16906.919921875
2024-01-26,16961.390625
2024-01-29,16941.7109375
2024-01-30,16972.33984375
2024-01-31,16903.759765625
2024-02-01,16859.0390625
2024-02-02,16918.2109375
2024-02-05,16904.060546875
2024-02-06,17033.240234375
2024-02-07,16921.9609375
2024-02-08,16963.830078125
2024-02-09,16926.5
2024-02-12,17037.349609375
2024-02-13,16880.830078125
2024-02-14,16945.48046875
2024-02-15,17046.689453125
2024-02-16,17117.439453125
2024-02-19,17092.259765625
2024-02-20,17068.4296875
2024-02-21,17118.119140625
2024-02-22,17370.44921875
2024-02-23,17419.330078125
2024-02-26,17423.23046875
2024-02-27,17556.490234375
2024-02-28,17601.220703125
2024-02-29,17678.189453125
2024-03-01,17735.0703125
2024-03-04,17716.169921875
2024-03-05,17698.400390625
2024-03-06,17716.7109375
2024-03-07,17842.849609375
2024-03-08,17814.509765625
2024-03-11,17746.26953125
2024-03-12,17965.109375
2024-03-13,17961.380859375
2024-03-14,17942.0390625
2024-03-15,17936.650390625
2024-03-18,17932.6796875
2024-03-19,17987.490234375
2024-03-20,18015.130859375
2024-03-21,18179.25
2024-03-22,18205.939453125
2024-03-25,18261.310546875
2024-03-26,18384.349609375
2024-03-27,18477.08984375
2024-03-28,18492.490234375
2024-04-02,18283.130859375
2024-04-03,18367.720703125
2024-04-04,18403.130859375
2024-04-05,18175.0390625
2024-04-08,18318.970703125
2024-04-09,18076.689453125
2024-04-10,18097.30078125
2024-04-11,17954.48046875
2024-04-12,17930.3203125
2024-04-15,18026.580078125
2024-04-16,17766.23046875
2024-04-17,17770.01953125
2024-04-18,17837.400390625
2024-04-19,17737.359375
2024-04-22,17860.80078125
2024-04-23,18137.650390625
2024-04-24,18088.69921875
2024-04-25,17917.279296875
2024-04-26,18161.009765625
2024-04-29,18118.3203125
2024-04-30,17932.169921875
2024-05-02,17896.5
2024-05-03,18001.599609375
2024-05-06,18175.2109375
2024-05-07,18430.05078125
2024-05-08,18498.380859375
2024-05-09,18686.599609375
2024-05-10,18772.849609375
2024-05-13,18742.220703125
2024-05-14,18716.419921875
2024-05-15,18869.359375
2024-05-16,18738.810546875
2024-05-17,18704.419921875
2024-05-20,18768.9609375
2024-05-21,18726.759765625
2024-05-22,18680.19921875
2024-05-23,18691.3203125
2024-05-24,18693.369140625
2024-05-27,18774.7109375
2024-05-28,18677.869140625
2024-05-29,18473.2890625
2024-05-30,18496.7890625
2024-05-31,18497.939453125
2024-06-03,18608.16015625
2024-06-04,18405.640625
2024-06-05,18575.939453125
2024-06-06,18652.669921875
2024-06-07,18557.26953125
2024-06-10,18494.890625
2024-06-11,18369.939453125
2024-06-12,18630.859375
2024-06-13,18265.6796875
2024-06-14,18002.01953125
2024-06-17,18068.2109375
2024-06-18,18131.970703125
2024-06-19,18067.91015625
2024-06-20,18254.1796875
2024-06-21,18163.51953125
2024-06-24,18325.580078125
2024-06-25,18177.619140625
2024-06-26,18155.240234375
2024-06-27,18210.55078125
2024-06-28,18235.44921875
2024-07-01,18290.66015625
2024-07-02,18164.060546875
2024-07-03,18374.529296875
2024-07-04,18450.48046875
2024-07-05,18475.44921875
2024-07-08,18472.05078125
2024-07-09,18236.189453125
2024-07-10,18407.220703125
2024-07-11,18534.560546875
2024-07-12,18748.1796875
2024-07-15,18590.890625
2024-07-16,18518.029296875
2024-07-17,18437.30078125
2024-07-18,18354.759765625
2024-07-19,18171.9296875
2024-07-22,18407.0703125
2024-07-23,18557.69921875
2024-07-24,18387.4609375
2024-07-25,18298.720703125
2024-07-26,18417.55078125
2024-07-29,18320.669921875
2024-07-30,18411.1796875
2024-07-31,18508.650390625
2024-08-01,18083.05078125
2024-08-02,17661.220703125
2024-08-05,17339.0
2024-08-06,17354.3203125
2024-08-07,17615.150390625
2024-08-08,17680.400390625
2024-08-09,17722.880859375
2024-08-12,17726.470703125
2024-08-13,17812.05078125
2024-08-14,17885.599609375
2024-08-15,18183.240234375
2024-08-16,18322.400390625
2024-08-19,18421.689453125
2024-08-20,18357.51953125
2024-08-21,18448.94921875
2024-08-22,18493.390625
2024-08-23,18633.099609375
2024-08-26,18617.01953125
2024-08-27,18681.810546875
2024-08-28,18782.2890625
2024-08-29,18912.5703125
2024-08-30,18906.919921875
2024-09-02,18930.849609375
2024-09-03,18747.109375
2024-09-04,18591.849609375
2024-09-05,18576.5
2024-09-06,18301.900390625
2024-09-09,18443.560546875
2024-09-10,18265.919921875
2024-09-11,18330.26953125
2024-09-12,18518.390625
2024-09-13,18699.400390625
2024-09-16,18633.109375
2024-09-17,18726.080078125
2024-09-18,18711.490234375
2024-09-19,19002.380859375
2024-09-20,18720.009765625
2024-09-23,18846.7890625
2024-09-24,18996.630859375
2024-09-25,18918.5
2024-09-26,19238.359375
2024-09-27,19473.630859375
2024-09-30,19324.9296875
2024-10-01,19213.140625
2024-10-02,19164.75
2024-10-03,19015.41015625
2024-10-04,19120.9296875
2024-10-07,19104.099609375
2024-10-08,19066.470703125
2024-10-09,19254.9296875
2024-10-10,19210.900390625
2024-10-11,19373.830078125
2024-10-14,19508.2890625
2024-10-15,19486.189453125
2024-10-16,19432.810546875
2024-10-17,19583.390625
2024-10-18,19657.369140625
2024-10-21,19461.189453125
2024-10-22,19421.91015625
2024-10-23,19377.619140625
2024-10-24,19443.0
2024-10-25,19463.58984375
2024-10-28,19531.619140625
2024-10-29,19478.0703125
2024-10-30,19257.33984375
2024-10-31,19077.5390625
2024-11-01,19254.970703125
2024-11-04,19147.849609375
2024-11-05,19256.26953125
2024-11-06,19039.310546875
2024-11-07,19362.51953125
2024-11-08,19215.48046875
2024-11-11,19448.599609375
2024-11-12,19033.640625
2024-11-13,19003.109375
2024-11-14,19263.69921875
2024-11-15,19210.810546875
2024-11-18,19189.189453125
2024-11-19,19060.310546875
2024-11-20,19004.779296875
2024-11-21,19146.169921875
2024-11-22,19322.58984375
2024-11-25,19405.19921875
2024-11-26,19295.98046875
2024-11-27,19261.75
2024-11-28,19425.73046875
2024-11-29,19626.44921875
2024-12-02,19933.619140625
2024-12-03,20016.75
2024-12-04,20232.140625
2024-12-05,20358.80078125
2024-12-06,20384.609375
2024-12-09,20345.9609375
2024-12-10,20329.16015625
2024-12-11,20399.16015625
2024-12-12,20426.26953125
2024-12-13,20405.919921875
2024-12-16,20313.810546875
2024-12-17,20246.369140625
2024-12-18,20242.5703125
2024-12-19,19969.859375
2024-12-20,19884.75
2024-12-23,19848.76953125
2024-12-27,19984.3203125
2024-12-30,19909.140625
2025-01-02,20024.66015625
2025-01-03,19906.080078125
2025-01-06,20216.189453125
2025-01-07,20340.5703125
2025-01-08,20329.939453125
2025-01-09,20317.099609375
2025-01-10,20214.7890625
2025-01-13,20132.849609375
2025-01-14,20271.330078125
2025-01-15,20574.6796875
2025-01-16,20655.390625
2025-01-17,20903.390625
2025-01-20,20990.310546875
2025-01-21,21042.0
2025-01-22,21254.26953125
2025-01-23,21411.529296875
2025-01-24,21394.9296875
2025-01-27,21282.1796875
2025-01-28,21430.580078125
2025-01-29,21637.529296875
2025-01-30,21727.19921875
2025-01-31,21732.05078125
2025-02-03,21428.240234375
2025-02-04,21505.69921875
2025-02-05,21585.9296875
2025-02-06,21902.419921875
2025-02-07,21787.0
2025-02-10,21911.740234375
2025-02-11,22037.830078125
2025-02-12,22148.029296875
2025-02-13,22612.01953125
2025-02-14,22513.419921875
2025-02-17,22798.08984375
2025-02-18,22844.5
2025-02-19,22433.630859375
2025-02-20,22314.650390625
2025-02-21,22287.560546875
2025-02-24,22425.9296875
2025-02-25,22410.26953125
2025-02-26,22794.109375
2025-02-27,22550.890625
2025-02-28,22551.4296875
2025-03-03,23147.01953125
2025-03-04,22326.810546875
2025-03-05,23081.029296875
2025-03-06,23419.48046875
2025-03-07,23008.939453125
2025-03-10,22620.94921875
2025-03-11,22328.76953125
2025-03-12,22676.41015625
2025-03-13,22567.140625
2025-03-14,22986.8203125
2025-03-17,23154.5703125
2025-03-18,23380.69921875
2025-03-19,23288.060546875
2025-03-20,22999.150390625
2025-03-21,22891.6796875
2025-03-24,22852.66015625
2025-03-25,23109.7890625
2025-03-26,22839.029296875
2025-03-27,22678.740234375
2025-03-28,22461.51953125
2025-03-31,22163.490234375
2025-04-01,22539.98046875
2025-04-02,22390.83984375
2025-04-03,21717.390625
2025-04-04,20641.720703125
2025-04-07,19789.619140625
2025-04-08,20280.259765625
2025-04-09,19670.880859375
2025-04-10,20562.73046875
2025-04-11,20374.099609375
2025-04-14,20954.830078125
2025-04-15,21253.69921875
2025-04-16,21311.01953125
2025-04-17,21205.859375
2025-04-22,21293.529296875
2025-04-23,21961.970703125
2025-04-24,22064.509765625
2025-04-25,22242.44921875
2025-04-28,22271.669921875
2025-04-29,22425.830078125
2025-04-30,22496.98046875
2025-05-02,23086.650390625
2025-05-05,23344.5390625
2025-05-06,23249.650390625
2025-05-07,23115.9609375
2025-05-08,23352.689453125
2025-05-09,23499.3203125
2025-05-12,23566.5390625
2025-05-13,23638.560546875
2025-05-14,23527.009765625
2025-05-15,23695.58984375
2025-05-16,23767.4296875
2025-05-19,23934.98046875
2025-05-20,24036.109375
2025-05-21,24122.400390625
2025-05-22,23999.169921875
2025-05-23,23629.580078125
2025-05-26,24027.650390625
2025-05-27,24226.490234375
2025-05-28,24038.189453125
2025-05-29,23933.23046875
2025-05-30,23997.48046875
2025-06-02,23930.669921875
2025-06-03,24091.619140625
2025-06-04,24276.48046875
2025-06-05,24323.580078125
2025-06-06,24304.4609375
2025-06-09,24174.3203125
2025-06-10,23987.560546875
2025-06-11,23948.900390625
2025-06-12,23771.44921875
2025-06-13,23516.23046875
2025-06-16,23699.119140625
2025-06-17,23434.650390625
2025-06-18,23317.810546875
2025-06-19,23057.380859375
2025-06-20,23350.55078125
2025-06-23,23269.009765625
2025-06-24,23641.580078125
2025-06-25,23498.330078125
2025-06-26,23649.30078125
2025-06-27,24033.220703125
2025-06-30,23909.609375
2025-07-01,23673.2890625
2025-07-02,23790.109375
2025-07-03,23934.130859375
2025-07-04,23787.44921875
2025-07-07,24073.669921875
2025-07-08,24206.91015625
2025-07-09,24549.560546875
2025-07-10,24456.810546875
2025-07-11,24255.310546875
2025-07-14,24160.640625
2025-07-15,24060.2890625
2025-07-16,24009.380859375
2025-07-17,24370.9296875
2025-07-18,24289.509765625
2025-07-21,24307.80078125
2025-07-22,24041.900390625
2025-07-23,24240.8203125
2025-07-24,24295.9296875
2025-07-25,24217.5
2025-07-28,23970.359375
2025-07-29,24217.369140625
2025-07-30,24262.220703125
2025-07-31,24065.470703125
2025-08-01,23425.970703125
2025-08-04,23757.689453125
2025-08-05,23846.0703125
2025-08-06,23924.359375
2025-08-07,24192.5
2025-08-08,24162.859375
2025-08-11,24081.33984375
2025-08-12,24024.779296875
2025-08-13,24185.58984375
2025-08-14,24377.5
2025-08-15,24359.30078125
2025-08-18,24314.76953125
2025-08-19,24423.0703125
2025-08-20,24276.970703125
2025-08-21,24293.33984375
2025-08-22,24363.08984375
2025-08-25,24273.119140625
2025-08-26,24152.869140625
2025-08-27,24046.2109375
2025-08-28,24039.919921875
2025-08-29,23902.2109375
2025-09-01,24037.330078125
2025-09-02,23487.330078125
2025-09-03,23594.80078125
2025-09-04,23770.330078125
2025-09-05,23596.98046875
2025-09-08,23807.130859375
2025-09-09,23718.44921875
2025-09-10,23632.94921875
2025-09-11,23703.650390625
2025-09-12,23698.150390625
2025-09-15,23748.859375
2025-09-16,23329.240234375
2025-09-17,23359.1796875
2025-09-18,23674.529296875
2025-09-19,23639.41015625
2025-09-22,23527.05078125
2025-09-23,23611.330078125
2025-09-24,23666.810546875
2025-09-25,23534.830078125
2025-09-26,23739.470703125
2025-09-29,23745.060546875
2025-09-30,23880.720703125
2025-10-01,24113.619140625
2025-10-02,24422.560546875
2025-10-03,24378.80078125
2025-10-06,24378.2890625
2025-10-07,24385.779296875
2025-10-08,24597.130859375
2025-10-09,24611.25
2025-10-10,24241.4609375
2025-10-13,24387.9296875
2025-10-14,24236.939453125
2025-10-15,24181.369140625
2025-10-16,24272.189453125
2025-10-17,23830.990234375
2025-10-20,24258.80078125
2025-10-21,24330.029296875
2025-10-22,24151.130859375
2025-10-23,24207.7890625
2025-10-24,24239.890625
2025-10-27,24308.779296875
2025-10-28,24278.630859375
2025-10-29,24124.2109375
2025-10-30,24118.890625
2025-10-31,23958.30078125
2025-11-03,24132.41015625
2025-11-04,23949.109375
2025-11-05,24049.740234375
2025-11-06,23734.01953125
2025-11-07,23569.9609375
2025-11-10,23959.990234375
2025-11-11,24088.060546875
2025-11-12,24381.4609375
2025-11-13,24041.619140625
2025-11-14,23876.55078125
2025-11-17,23590.51953125
2025-11-18,23180.529296875
2025-11-19,23162.919921875
2025-11-20,23278.849609375
2025-11-21,23091.869140625
2025-11-24,23239.1796875
2025-11-25,23464.630859375
2025-11-26,23726.220703125
2025-11-27,23767.9609375
2025-11-28,23836.7890625
2025-12-01,23589.439453125
2025-12-02,23710.859375
2025-12-03,23693.7109375
2025-12-04,23882.029296875
2025-12-05,24028.140625
2025-12-08,24046.009765625
2025-12-09,24162.650390625
2025-12-10,24130.140625
2025-12-11,24294.609375
2025-12-12,24186.490234375
2025-12-15,24229.91015625
2025-12-16,24076.869140625
2025-12-17,23960.58984375
2025-12-18,24199.5
2025-12-19,24288.400390625
2025-12-22,24283.970703125
2025-12-23,24340.060546875
2025-12-29,24351.119140625
2025-12-30,24490.41015625
2026-01-02,24539.33984375
2026-01-05,24868.689453125
2026-01-06,24892.19921875
2026-01-07,25122.259765625
2026-01-08,25127.4609375
2026-01-09,25261.640625
2026-01-12,25405.33984375
2026-01-13,25420.66015625
2026-01-14,25286.240234375
2026-01-15,25352.390625
2026-01-16,25297.130859375
2026-01-19,24959.060546875
2026-01-20,24703.119140625
2026-01-21,24560.98046875
2026-01-22,24856.470703125
2026-01-23,24900.7109375
2026-01-26,24933.080078125
2026-01-27,24894.439453125
2026-01-28,24822.7890625
2026-01-29,24309.4609375
2026-01-30,24538.810546875
2026-02-02,24797.51953125
2026-02-03,24780.7890625
2026-02-04,24603.0390625
2026-02-05,24491.060546875
2026-02-06,24721.4609375
2026-02-09,25014.869140625
2026-02-10,24987.849609375
2026-02-11,24856.150390625
2026-02-12,24852.689453125
2026-02-13,24914.880859375
2026-02-16,24800.91015625
2026-02-17,24998.400390625
2026-02-18,25278.2109375
2026-02-19,25043.5703125
2026-02-20,25260.689453125
2026-02-23,24991.970703125
2026-02-24,24986.25
2026-02-25,25175.939453125
2026-02-26,25289.01953125
2026-02-27,25284.259765625
2026-03-02,24638.0
2026-03-03,23790.650390625
2026-03-04,24205.359375
2026-03-05,23815.75
2026-03-06,23591.029296875
2026-03-09,23409.369140625
2026-03-10,23968.630859375
2026-03-11,23640.029296875
2026-03-12,23589.650390625
2026-03-13,23447.2890625
2026-03-16,23564.009765625
2026-03-17,23730.919921875
2026-03-18,23502.25
2026-03-19,22839.560546875
2026-03-20,22380.189453125
2026-03-23,22653.859375
2026-03-24,22636.91015625
2026-03-25,22957.080078125
2026-03-26,22612.970703125
2026-03-27,22300.75
2026-03-30,22562.880859375
2026-03-31,22680.0390625
2026-04-01,23298.890625
2026-04-02,23168.080078125
2026-04-07,22921.58984375
2026-04-08,24080.630859375
2026-04-09,23806.990234375
2026-04-10,23803.94921875
2026-04-13,23742.439453125
2026-04-14,24044.220703125
2026-04-15,24066.69921875
2026-04-16,24154.470703125
2026-04-17,24702.240234375
2026-04-20,24417.80078125
2026-04-21,24270.869140625
2026-04-22,24194.900390625
2026-04-23,24155.44921875
2026-04-24,24128.98046875
2026-04-27,24083.529296875
2026-04-28,24018.259765625
2026-04-29,23954.560546875
2026-04-30,24292.380859375
2026-05-04,23991.26953125
2026-05-05,24401.69921875
2026-05-06,24918.689453125
2026-05-07,24663.609375
2026-05-08,24338.630859375
2026-05-11,24350.279296875
2026-05-12,23954.9296875
2026-05-13,24136.810546875
2026-05-14,24456.259765625
2026-05-15,23950.5703125
2026-05-18,24307.919921875
2026-05-19,24400.650390625
2026-05-20,24737.240234375
2026-05-21,24606.76953125
2026-05-22,24888.560546875
2026-05-25,25389.099609375
2026-05-26,25184.890625
2026-05-27,25177.80078125
2026-05-28,25092.25
2026-05-29,25104.69921875
2026-06-01,25003.0390625
2026-06-02,25124.169921875
2026-06-03,24795.939453125
2026-06-04,24944.94921875
2026-06-05,24759.05078125
2026-06-08,24616.220703125
2026-06-09,24433.060546875
2026-06-10,24195.310546875
2026-06-11,24209.7109375
2026-06-12,24635.30078125
2026-06-15,24894.009765625
2026-06-16,24910.41015625
2026-06-17,24934.669921875
2026-06-18,25026.80078125
2026-06-19,24985.8203125
2026-06-22,25139.689453125
2026-06-23,24893.580078125
2026-06-24,24740.359375
2026-06-25,24994.830078125
2026-06-26,24671.220703125
2026-06-29,24626.890625
2026-06-30,24995.810546875
2026-07-01,25040.279296875
2026-07-02,25580.880859375
2026-07-03,25779.310546875
2026-07-06,25817.890625
2026-07-07,25465.25
2026-07-08,24897.44921875
2026-07-09,25118.26953125
2026-07-10,25067.08984375
2026-07-13,25114.25
2026-07-14,25147.029296875
2026-07-15,24999.529296875
2026-07-16,24915.490234375
2026-07-17,24830.98046875
2026-07-20,24846.689453125
2026-07-21,25011.349609375
2026-07-22,25155.41015625
2026-07-23,24763.119140625
2026-07-24,25099.0
2026-07-27,25361.029296875
2026-07-28,25464.009765625
2026-07-29,25460.48046875
2026-07-30,25612.029296875
2026-07-31,25629.240234375
2026-08-03,26001.310546875
2026-08-04,26202.349609375
2026-08-05,26126.30078125
2026-08-06,26140.130859375
2026-08-07,26319.44921875
2026-08-10,26323.880859375
2026-08-11,26391.419921875
2026-08-12,26331.0703125
2026-08-13,26299.740234375
2026-08-14,26440.310546875
2026-08-17,26338.609375
2026-08-18,26128.359375
2026-08-19,26091.330078125
2026-08-20,25983.0390625
2026-08-21,26136.560546875
