Date,hang_seng
2010-01-04,21823.279296875
2010-01-05,22279.580078125
2010-01-06,22416.669921875
2010-01-07,22269.44921875
2010-01-08,22296.75
2010-01-11,22411.51953125
2010-01-12,22326.640625
2010-01-13,21748.599609375
2010-01-14,21716.94921875
2010-01-15,21654.16015625
2010-01-18,21460.009765625
2010-01-19,21677.98046875
2010-01-20,21286.169921875
2010-01-21,20862.669921875
2010-01-22,20726.1796875
2010-01-25,20598.55078125
2010-01-26,20109.330078125
2010-01-27,20033.0703125
2010-01-28,20356.369140625
2010-01-29,20121.990234375
2010-02-01,20243.75
2010-02-02,20272.1796875
2010-02-03,20722.080078125
2010-02-04,20341.640625
2010-02-05,19665.080078125
2010-02-08,19550.890625
2010-02-09,19790.279296875
2010-02-10,19922.220703125
2010-02-11,20290.689453125
2010-02-12,20268.689453125
2010-02-17,20534.009765625
2010-02-18,20422.150390625
2010-02-19,19894.01953125
2010-02-22,20377.26953125
2010-02-23,20623.0
2010-02-24,20467.740234375
2010-02-25,20399.5703125
2010-02-26,20608.69921875
2010-03-01,21056.9296875
2010-03-02,20906.109375
2010-03-03,20876.7890625
2010-03-04,20575.779296875
2010-03-05,20787.970703125
2010-03-08,21196.869140625
2010-03-09,21207.55078125
2010-03-10,21208.2890625
2010-03-11,21228.19921875
2010-03-12,21209.740234375
2010-03-15,21079.099609375
2010-03-16,21022.9296875
2010-03-17,21384.490234375
2010-03-18,21330.669921875
2010-03-19,21370.8203125
2010-03-22,20933.25
2010-03-23,20987.779296875
2010-03-24,21008.619140625
2010-03-25,20778.55078125
2010-03-26,21053.109375
2010-03-29,21237.4296875
2010-03-30,21374.7890625
2010-03-31,21239.349609375
2010-04-01,21537.0
2010-04-07,21928.76953125
2010-04-08,21867.0390625
2010-04-09,22208.5
2010-04-12,22138.169921875
2010-04-13,22103.529296875
2010-04-14,22121.4296875
2010-04-15,22157.8203125
2010-04-16,21865.259765625
2010-04-19,21405.169921875
2010-04-20,21623.380859375
2010-04-21,21510.9296875
2010-04-22,21454.939453125
2010-04-23,21244.490234375
2010-04-26,21587.060546875
2010-04-27,21261.7890625
2010-04-28,20949.400390625
2010-04-29,20778.919921875
2010-04-30,21108.58984375
2010-05-03,20811.359375
2010-05-04,20763.05078125
2010-05-05,20327.5390625
2010-05-06,20133.41015625
2010-05-07,19920.2890625
2010-05-10,20426.640625
2010-05-11,20146.509765625
2010-05-12,20212.490234375
2010-05-13,20422.4609375
2010-05-14,20145.4296875
2010-05-17,19715.19921875
2010-05-18,19944.939453125
2010-05-19,19578.98046875
2010-05-20,19545.830078125
2010-05-24,19667.759765625
2010-05-25,18985.5
2010-05-26,19196.44921875
2010-05-27,19431.369140625
2010-05-28,19766.7109375
2010-05-31,19765.189453125
2010-06-01,19496.94921875
2010-06-02,19471.80078125
2010-06-03,19786.7109375
2010-06-04,19780.0703125
2010-06-07,19378.150390625
2010-06-08,19487.48046875
2010-06-09,19621.240234375
2010-06-10,19632.69921875
2010-06-11,19872.380859375
2010-06-14,20051.91015625
2010-06-15,20062.150390625
2010-06-17,20138.400390625
2010-06-18,20286.7109375
2010-06-21,20912.1796875
2010-06-22,20819.080078125
2010-06-23,20856.609375
2010-06-24,20733.490234375
2010-06-25,20690.7890625
2010-06-28,20726.6796875
2010-06-29,20248.900390625
2010-06-30,20128.990234375
2010-07-02,19905.3203125
2010-07-05,19842.19921875
2010-07-06,20084.119140625
2010-07-07,19857.0703125
2010-07-08,20050.560546875
2010-07-09,20378.66015625
2010-07-12,20467.4296875
2010-07-13,20431.060546875
2010-07-14,20560.810546875
2010-07-15,20255.619140625
2010-07-16,20250.16015625
2010-07-19,20090.94921875
2010-07-20,20264.58984375
2010-07-21,20487.23046875
2010-07-22,20589.69921875
2010-07-23,20815.330078125
2010-07-26,20839.91015625
2010-07-27,20973.390625
2010-07-28,21091.1796875
2010-07-29,21093.8203125
2010-07-30,21029.810546875
2010-08-02,21412.7890625
2010-08-03,21457.66015625
2010-08-04,21549.880859375
2010-08-05,21551.720703125
2010-08-06,21678.80078125
2010-08-09,21801.58984375
2010-08-10,21473.599609375
2010-08-11,21294.5390625
2010-08-12,21105.7109375
2010-08-13,21071.5703125
2010-08-16,21112.119140625
2010-08-17,21137.4296875
2010-08-18,21022.73046875
2010-08-19,21072.4609375
2010-08-20,20981.8203125
2010-08-23,20889.009765625
2010-08-24,20658.7109375
2010-08-25,20634.98046875
2010-08-26,20612.060546875
2010-08-27,20597.349609375
2010-08-30,20737.220703125
2010-08-31,20536.490234375
2010-09-01,20623.830078125
2010-09-02,20868.919921875
2010-09-03,20971.5
2010-09-06,21355.76953125
2010-09-07,21401.7890625
2010-09-08,21088.859375
2010-09-09,21167.26953125
2010-09-10,21257.390625
2010-09-13,21658.349609375
2010-09-14,21696.0390625
2010-09-15,21725.640625
2010-09-16,21691.44921875
2010-09-17,21970.859375
2010-09-20,21977.33984375
2010-09-21,22002.58984375
2010-09-22,22047.7109375
2010-09-24,22119.4296875
2010-09-27,22340.83984375
2010-09-28,22109.94921875
2010-09-29,22378.669921875
2010-09-30,22358.169921875
2010-10-04,22618.66015625
2010-10-05,22639.140625
2010-10-06,22880.41015625
2010-10-07,22884.3203125
2010-10-08,22944.1796875
2010-10-11,23207.310546875
2010-10-12,23121.69921875
2010-10-13,23457.689453125
2010-10-14,23852.169921875
2010-10-15,23757.630859375
2010-10-18,23469.380859375
2010-10-19,23763.73046875
2010-10-20,23556.5
2010-10-21,23649.48046875
2010-10-22,23517.5390625
2010-10-25,23627.91015625
2010-10-26,23601.240234375
2010-10-27,23164.580078125
2010-10-28,23210.859375
2010-10-29,23096.3203125
2010-11-01,23652.939453125
2010-11-02,23671.419921875
2010-11-03,24144.669921875
2010-11-04,24535.630859375
2010-11-05,24876.8203125
2010-11-08,24964.369140625
2010-11-09,24710.599609375
2010-11-10,24500.609375
2010-11-11,24700.30078125
2010-11-12,24222.580078125
2010-11-15,24027.1796875
2010-11-16,23693.01953125
2010-11-17,23214.4609375
2010-11-18,23637.390625
2010-11-19,23605.7109375
2010-11-22,23524.01953125
2010-11-23,22896.140625
2010-11-24,23023.859375
2010-11-25,23054.6796875
2010-11-26,22877.25
2010-11-29,23166.220703125
2010-11-30,23007.990234375
2010-12-01,23249.80078125
2010-12-02,23448.779296875
2010-12-03,23320.51953125
2010-12-06,23237.689453125
2010-12-07,23428.150390625
2010-12-08,23092.51953125
2010-12-09,23171.80078125
2010-12-10,23162.91015625
2010-12-13,23317.609375
2010-12-14,23431.189453125
2010-12-15,22975.349609375
2010-12-16,22668.779296875
2010-12-17,22714.849609375
2010-12-20,22639.080078125
2010-12-21,22993.859375
2010-12-22,23045.189453125
2010-12-23,22902.970703125
2010-12-24,22833.80078125
2010-12-28,22621.73046875
2010-12-29,22969.30078125
2010-12-30,22999.33984375
2010-12-31,23035.44921875
2011-01-03,23436.05078125
2011-01-04,23668.48046875
2011-01-05,23757.8203125
2011-01-06,23786.30078125
2011-01-07,23686.630859375
2011-01-10,23527.259765625
2011-01-11,23760.33984375
2011-01-12,24125.609375
2011-01-13,24238.98046875
2011-01-14,24283.23046875
2011-01-17,24156.970703125
2011-01-18,24153.98046875
2011-01-19,24419.619140625
2011-01-20,24003.69921875
2011-01-21,23876.859375
2011-01-24,23801.779296875
2011-01-25,23788.830078125
2011-01-26,23843.240234375
2011-01-27,23779.619140625
2011-01-28,23617.01953125
2011-01-31,23447.33984375
2011-02-01,23482.94921875
2011-02-02,23908.9609375
2011-02-07,23553.58984375
2011-02-08,23484.30078125
2011-02-09,23164.029296875
2011-02-10,22708.619140625
2011-02-11,22828.919921875
2011-02-14,23121.060546875
2011-02-15,22899.779296875
2011-02-16,23156.970703125
2011-02-17,23301.83984375
2011-02-18,23595.240234375
2011-02-21,23485.419921875
2011-02-22,22990.810546875
2011-02-23,22906.900390625
2011-02-24,22601.0390625
2011-02-25,23012.369140625
2011-02-28,23338.01953125
2011-03-01,23396.419921875
2011-03-02,23048.66015625
2011-03-03,23122.419921875
2011-03-04,23408.859375
2011-03-07,23313.189453125
2011-03-08,23711.69921875
2011-03-09,23810.109375
2011-03-10,23614.890625
2011-03-11,23249.779296875
2011-03-14,23345.880859375
2011-03-15,22678.25
2011-03-16,22700.880859375
2011-03-17,22284.4296875
2011-03-18,22300.23046875
2011-03-21,22685.220703125
2011-03-22,22857.900390625
2011-03-23,22825.400390625
2011-03-24,22915.279296875
2011-03-25,23158.669921875
2011-03-28,23068.189453125
2011-03-29,23060.359375
2011-03-30,23451.4296875
2011-03-31,23527.51953125
2011-04-01,23801.900390625
2011-04-04,24150.580078125
2011-04-06,24285.05078125
2011-04-07,24281.80078125
2011-04-08,24396.0703125
2011-04-11,24303.0703125
2011-04-12,23976.369140625
2011-04-13,24135.029296875
2011-04-14,24014.0
2011-04-15,24008.0703125
2011-04-18,23830.310546875
2011-04-19,23520.619140625
2011-04-20,23896.099609375
2011-04-21,24138.310546875
2011-04-26,24007.380859375
2011-04-27,23892.83984375
2011-04-28,23805.630859375
2011-04-29,23720.810546875
2011-05-03,23633.25
2011-05-04,23315.240234375
2011-05-05,23261.609375
2011-05-06,23159.140625
2011-05-09,23336.0
2011-05-11,23291.80078125
2011-05-12,23073.759765625
2011-05-13,23276.26953125
2011-05-16,22960.630859375
2011-05-17,22901.080078125
2011-05-18,23011.140625
2011-05-19,23163.380859375
2011-05-20,23199.390625
2011-05-23,22711.01953125
2011-05-24,22730.779296875
2011-05-25,22747.279296875
2011-05-26,22900.7890625
2011-05-27,23118.0703125
2011-05-30,23184.3203125
2011-05-31,23684.130859375
2011-06-01,23626.4296875
2011-06-02,23253.83984375
2011-06-03,22949.560546875
2011-06-07,22868.669921875
2011-06-08,22661.630859375
2011-06-09,22609.830078125
2011-06-10,22420.369140625
2011-06-13,22508.080078125
2011-06-14,22496.0
2011-06-15,22343.76953125
2011-06-16,21953.109375
2011-06-17,21695.259765625
2011-06-20,21599.509765625
2011-06-21,21850.58984375
2011-06-22,21859.970703125
2011-06-23,21759.140625
2011-06-24,22171.94921875
2011-06-27,22041.76953125
2011-06-28,22061.779296875
2011-06-29,22061.1796875
2011-06-30,22398.099609375
2011-07-04,22770.470703125
2011-07-05,22747.94921875
2011-07-06,22517.55078125
2011-07-07,22530.1796875
2011-07-08,22726.4296875
2011-07-11,22347.23046875
2011-07-12,21663.16015625
2011-07-13,21926.880859375
2011-07-14,21940.19921875
2011-07-15,21875.380859375
2011-07-18,21804.75
2011-07-19,21902.400390625
2011-07-20,22003.689453125
2011-07-21,21987.2890625
2011-07-22,22444.80078125
2011-07-25,22293.2890625
2011-07-26,22572.080078125
2011-07-27,22541.689453125
2011-07-28,22570.740234375
2011-07-29,22440.25
2011-08-01,22663.369140625
2011-08-02,22421.4609375
2011-08-03,21992.720703125
2011-08-04,21884.740234375
2011-08-05,20946.140625
2011-08-08,20490.5703125
2011-08-09,19330.69921875
2011-08-10,19783.669921875
2011-08-11,19595.140625
2011-08-12,19620.009765625
2011-08-15,20260.099609375
2011-08-16,20212.080078125
2011-08-17,20289.029296875
2011-08-18,20016.26953125
2011-08-19,19399.919921875
2011-08-22,19486.869140625
2011-08-23,19875.529296875
2011-08-24,19466.7890625
2011-08-25,19752.48046875
2011-08-26,19582.880859375
2011-08-29,19865.109375
2011-08-30,20204.169921875
2011-08-31,20534.849609375
2011-09-01,20585.330078125
2011-09-02,20212.91015625
2011-09-05,19616.400390625
2011-09-06,19710.5
2011-09-07,20048.0
2011-09-08,19912.8203125
2011-09-09,19866.630859375
2011-09-12,19030.5390625
2011-09-14,19045.439453125
2011-09-15,19181.5
2011-09-16,19455.310546875
2011-09-19,18917.94921875
2011-09-20,19014.80078125
2011-09-21,18824.169921875
2011-09-22,17911.94921875
2011-09-23,17668.830078125
2011-09-26,17407.80078125
2011-09-27,18130.55078125
2011-09-28,18011.060546875
2011-09-30,17592.41015625
2011-10-03,16822.150390625
2011-10-04,16250.26953125
2011-10-06,17172.279296875
2011-10-07,17707.009765625
2011-10-10,17711.060546875
2011-10-11,18141.58984375
2011-10-12,18329.4609375
2011-10-13,18757.810546875
2011-10-14,18501.7890625
2011-10-17,18873.990234375
2011-10-18,18076.4609375
2011-10-19,18309.220703125
2011-10-20,17983.099609375
2011-10-21,18025.720703125
2011-10-24,18771.8203125
2011-10-25,18968.19921875
2011-10-26,19066.5390625
2011-10-27,19688.69921875
2011-10-28,20019.240234375
2011-10-31,19864.869140625
2011-11-01,19369.9609375
2011-11-02,19733.7109375
2011-11-03,19242.5
2011-11-04,19842.7890625
2011-11-07,19677.890625
2011-11-08,19678.470703125
2011-11-09,20014.4296875
2011-11-10,18963.890625
2011-11-11,19137.169921875
2011-11-14,19508.1796875
2011-11-15,19348.439453125
2011-11-16,18960.900390625
2011-11-17,18817.470703125
2011-11-18,18491.23046875
2011-11-21,18225.849609375
2011-11-22,18251.58984375
2011-11-23,17864.4296875
2011-11-24,17935.099609375
2011-11-25,17689.48046875
2011-11-28,18037.810546875
2011-11-29,18256.19921875
2011-11-30,17989.349609375
2011-12-01,19002.259765625
2011-12-02,19040.390625
2011-12-05,19179.689453125
2011-12-06,18942.23046875
2011-12-07,19240.580078125
2011-12-08,19107.810546875
2011-12-09,18586.23046875
2011-12-12,18575.66015625
2011-12-13,18447.169921875
2011-12-14,18354.4296875
2011-12-15,18026.83984375
2011-12-16,18285.390625
2011-12-19,18070.2109375
2011-12-20,18080.19921875
2011-12-21,18416.44921875
2011-12-22,18378.23046875
2011-12-23,18629.169921875
2011-12-28,18518.669921875
2011-12-29,18397.919921875
2011-12-30,18434.390625
2012-01-03,18877.41015625
2012-01-04,18727.310546875
2012-01-05,18813.41015625
2012-01-06,18593.060546875
2012-01-09,18865.720703125
2012-01-10,19004.279296875
2012-01-11,19151.939453125
2012-01-12,19095.380859375
2012-01-13,19204.419921875
2012-01-16,19012.19921875
2012-01-17,19627.75
2012-01-18,19686.919921875
2012-01-19,19942.94921875
2012-01-20,20110.369140625
2012-01-26,20439.140625
2012-01-27,20501.669921875
2012-01-30,20160.41015625
2012-01-31,20390.490234375
2012-02-01,20333.369140625
2012-02-02,20739.44921875
2012-02-03,20756.98046875
2012-02-06,20709.939453125
2012-02-07,20699.189453125
2012-02-08,21018.4609375
2012-02-09,21010.009765625
2012-02-10,20783.859375
2012-02-13,20887.400390625
2012-02-14,20917.830078125
2012-02-15,21365.23046875
2012-02-16,21277.279296875
2012-02-17,21491.619140625
2012-02-20,21424.7890625
2012-02-21,21478.720703125
2012-02-22,21549.279296875
2012-02-23,21380.990234375
2012-02-24,21406.859375
2012-02-27,21217.859375
2012-02-28,21568.73046875
2012-02-29,21680.080078125
2012-03-01,21387.9609375
2012-03-02,21562.259765625
2012-03-05,21265.310546875
2012-03-06,20806.25
2012-03-07,20627.779296875
2012-03-08,20900.73046875
2012-03-09,21086.0
2012-03-12,21134.1796875
2012-03-13,21339.69921875
2012-03-14,21307.890625
2012-03-15,21353.529296875
2012-03-16,21317.849609375
2012-03-20,20888.240234375
2012-03-21,20856.630859375
2012-03-22,20901.560546875
2012-03-23,20668.80078125
2012-03-26,20668.859375
2012-03-27,21046.91015625
2012-03-28,20885.419921875
2012-03-29,20609.390625
2012-03-30,20555.580078125
2012-04-02,20522.259765625
2012-04-03,20790.98046875
2012-04-05,20593.0
2012-04-10,20356.240234375
2012-04-11,20140.669921875
2012-04-12,20327.3203125
2012-04-13,20701.0390625
2012-04-16,20610.640625
2012-04-17,20562.310546875
2012-04-18,20780.73046875
2012-04-19,20995.009765625
2012-04-20,21010.640625
2012-04-23,20624.390625
2012-04-24,20677.16015625
2012-04-25,20646.2890625
2012-04-26,20809.7109375
2012-04-27,20741.44921875
2012-04-30,21094.2109375
2012-05-02,21309.080078125
2012-05-03,21249.529296875
2012-05-04,21086.0
2012-05-07,20536.650390625
2012-05-08,20484.75
2012-05-09,20330.640625
2012-05-10,20227.279296875
2012-05-11,19964.630859375
2012-05-14,19735.0390625
2012-05-15,19894.310546875
2012-05-16,19259.830078125
2012-05-17,19200.9296875
2012-05-18,18951.849609375
2012-05-21,18922.3203125
2012-05-22,19039.150390625
2012-05-23,18786.189453125
2012-05-24,18666.400390625
2012-05-25,18713.41015625
2012-05-28,18800.990234375
2012-05-29,19055.4609375
2012-05-30,18690.220703125
2012-05-31,18629.51953125
2012-06-01,18558.33984375
2012-06-04,18185.58984375
2012-06-05,18259.029296875
2012-06-06,18520.529296875
2012-06-07,18678.2890625
2012-06-08,18502.33984375
2012-06-11,18953.630859375
2012-06-12,18872.560546875
2012-06-13,19026.51953125
2012-06-14,18808.400390625
2012-06-15,19233.939453125
2012-06-18,19427.810546875
2012-06-19,19416.669921875
2012-06-20,19518.849609375
2012-06-21,19265.0703125
2012-06-22,18995.130859375
2012-06-25,18897.44921875
2012-06-26,18981.83984375
2012-06-27,19176.94921875
2012-06-28,19025.26953125
2012-06-29,19441.4609375
2012-07-03,19735.529296875
2012-07-04,19709.75
2012-07-05,19809.130859375
2012-07-06,19800.640625
2012-07-09,19428.08984375
2012-07-10,19396.359375
2012-07-11,19419.869140625
2012-07-12,19025.109375
2012-07-13,19092.630859375
2012-07-16,19121.33984375
2012-07-17,19455.330078125
2012-07-18,19239.880859375
2012-07-19,19559.05078125
2012-07-20,19640.80078125
2012-07-23,19053.470703125
2012-07-24,18903.19921875
2012-07-25,18877.330078125
2012-07-26,18892.7890625
2012-07-27,19274.9609375
2012-07-30,19585.400390625
2012-07-31,19796.810546875
2012-08-01,19820.380859375
2012-08-02,19690.19921875
2012-08-03,19666.1796875
2012-08-06,19998.720703125
2012-08-07,20072.55078125
2012-08-08,20065.51953125
2012-08-09,20269.470703125
2012-08-10,20136.119140625
2012-08-13,20081.359375
2012-08-14,20291.6796875
2012-08-15,20052.2890625
2012-08-16,19962.94921875
2012-08-17,20116.0703125
2012-08-20,20104.26953125
2012-08-21,20100.08984375
2012-08-22,19887.779296875
2012-08-23,20132.240234375
2012-08-24,19880.029296875
2012-08-27,19798.669921875
2012-08-28,19811.80078125
2012-08-29,19788.509765625
2012-08-30,19552.91015625
2012-08-31,19482.5703125
2012-09-03,19559.2109375
2012-09-04,19429.91015625
2012-09-05,19145.0703125
2012-09-06,19209.30078125
2012-09-07,19802.16015625
2012-09-10,19827.169921875
2012-09-11,19857.880859375
2012-09-12,20075.390625
2012-09-13,20047.630859375
2012-09-14,20629.779296875
2012-09-17,20658.109375
2012-09-18,20601.9296875
2012-09-19,20841.91015625
2012-09-20,20590.919921875
2012-09-21,20734.939453125
2012-09-24,20694.69921875
2012-09-25,20698.6796875
2012-09-26,20527.73046875
2012-09-27,20762.2890625
2012-09-28,20840.380859375
2012-10-03,20888.279296875
2012-10-04,20907.94921875
2012-10-05,21012.380859375
2012-10-08,20824.560546875
2012-10-09,20937.279296875
2012-10-10,20919.599609375
2012-10-11,20999.05078125
2012-10-12,21136.4296875
2012-10-15,21148.25
2012-10-16,21207.0703125
2012-10-17,21416.640625
2012-10-18,21518.7109375
2012-10-19,21551.759765625
2012-10-22,21697.55078125
2012-10-24,21763.779296875
2012-10-25,21810.23046875
2012-10-26,21545.5703125
2012-10-29,21511.05078125
2012-10-30,21428.580078125
2012-10-31,21641.8203125
2012-11-01,21821.869140625
2012-11-02,22111.330078125
2012-11-05,22006.400390625
2012-11-06,21944.4296875
2012-11-07,22099.849609375
2012-11-08,21566.91015625
2012-11-09,21384.380859375
2012-11-12,21430.30078125
2012-11-13,21188.650390625
2012-11-14,21441.990234375
2012-11-15,21108.9296875
2012-11-16,21159.009765625
2012-11-19,21262.060546875
2012-11-20,21228.279296875
2012-11-21,21524.359375
2012-11-22,21743.19921875
2012-11-23,21913.98046875
2012-11-26,21861.810546875
2012-11-27,21844.029296875
2012-11-28,21708.98046875
2012-11-29,21922.890625
2012-11-30,22030.390625
2012-12-03,21767.849609375
2012-12-04,21799.970703125
2012-12-05,22270.91015625
2012-12-06,22249.810546875
2012-12-07,22191.169921875
2012-12-10,22276.720703125
2012-12-11,22323.939453125
2012-12-12,22503.349609375
2012-12-13,22445.580078125
2012-12-14,22605.98046875
2012-12-17,22513.609375
2012-12-18,22494.73046875
2012-12-19,22623.369140625
2012-12-20,22659.779296875
2012-12-21,22506.2890625
2012-12-24,22541.1796875
2012-12-27,22619.779296875
2012-12-28,22666.58984375
2012-12-31,22656.919921875
2013-01-02,23311.98046875
2013-01-03,23398.599609375
2013-01-04,23331.08984375
2013-01-07,23329.75
2013-01-08,23111.189453125
2013-01-09,23218.470703125
2013-01-10,23354.310546875
2013-01-11,23264.0703125
2013-01-14,23413.259765625
2013-01-15,23381.509765625
2013-01-16,23356.990234375
2013-01-17,23339.759765625
2013-01-18,23601.779296875
2013-01-21,23590.91015625
2013-01-22,23658.990234375
2013-01-23,23635.099609375
2013-01-24,23598.900390625
2013-01-25,23580.4296875
2013-01-28,23671.880859375
2013-01-29,23655.169921875
2013-01-30,23822.060546875
2013-01-31,23729.529296875
2013-02-01,23721.83984375
2013-02-04,23685.009765625
2013-02-05,23148.529296875
2013-02-06,23256.9296875
2013-02-07,23177.0
2013-02-08,23215.16015625
2013-02-14,23413.25
2013-02-15,23444.560546875
2013-02-18,23381.939453125
2013-02-19,23143.91015625
2013-02-20,23307.41015625
2013-02-21,22906.669921875
2013-02-22,22782.439453125
2013-02-25,22820.080078125
2013-02-26,22519.689453125
2013-02-27,22577.009765625
2013-02-28,23020.26953125
2013-03-01,22880.220703125
2013-03-04,22537.810546875
2013-03-05,22560.5
2013-03-06,22777.83984375
2013-03-07,22771.439453125
2013-03-08,23091.94921875
2013-03-11,23090.8203125
2013-03-12,22890.599609375
2013-03-13,22556.650390625
2013-03-14,22619.1796875
2013-03-15,22533.109375
2013-03-18,22083.359375
2013-03-19,22041.859375
2013-03-20,22256.439453125
2013-03-21,22225.880859375
2013-03-22,22115.30078125
2013-03-25,22251.150390625
2013-03-26,22311.080078125
2013-03-27,22464.8203125
2013-03-28,22299.630859375
2013-04-02,22367.8203125
2013-04-03,22337.490234375
2013-04-05,21726.900390625
2013-04-08,21718.05078125
2013-04-09,21870.33984375
2013-04-10,22034.560546875
2013-04-11,22101.26953125
2013-04-12,22089.05078125
2013-04-15,21772.669921875
2013-04-16,21672.029296875
2013-04-17,21569.669921875
2013-04-18,21512.51953125
2013-04-19,22013.5703125
2013-04-22,22044.369140625
2013-04-23,21806.609375
2013-04-24,22183.05078125
2013-04-25,22401.240234375
2013-04-26,22547.7109375
2013-04-29,22580.76953125
2013-04-30,22737.009765625
2013-05-02,22668.30078125
2013-05-03,22689.9609375
2013-05-06,22915.08984375
2013-05-07,23047.08984375
2013-05-08,23244.349609375
2013-05-09,23211.48046875
2013-05-10,23321.220703125
2013-05-13,22989.810546875
2013-05-14,22930.279296875
2013-05-15,23044.240234375
2013-05-16,23082.6796875
2013-05-20,23493.029296875
2013-05-21,23366.369140625
2013-05-22,23261.080078125
2013-05-23,22669.6796875
2013-05-24,22618.669921875
2013-05-27,22686.05078125
2013-05-28,22924.25
2013-05-29,22554.9296875
2013-05-30,22484.310546875
2013-05-31,22392.16015625
2013-06-03,22282.189453125
2013-06-04,22285.51953125
2013-06-05,22069.240234375
2013-06-06,21838.4296875
2013-06-07,21575.259765625
2013-06-10,21615.08984375
2013-06-11,21354.66015625
2013-06-13,20887.0390625
2013-06-14,20969.140625
2013-06-17,21225.900390625
2013-06-18,21225.880859375
2013-06-19,20986.890625
2013-06-20,20382.869140625
2013-06-21,20263.310546875
2013-06-24,19813.98046875
2013-06-25,19855.720703125
2013-06-26,20338.55078125
2013-06-27,20440.080078125
2013-06-28,20803.2890625
2013-07-02,20658.650390625
2013-07-03,20147.310546875
2013-07-04,20468.669921875
2013-07-05,20854.669921875
2013-07-08,20582.189453125
2013-07-09,20683.009765625
2013-07-10,20904.560546875
2013-07-11,21437.490234375
2013-07-12,21277.279296875
2013-07-15,21303.310546875
2013-07-16,21312.380859375
2013-07-17,21371.869140625
2013-07-18,21345.220703125
2013-07-19,21362.419921875
2013-07-22,21416.5
2013-07-23,21915.419921875
2013-07-24,21968.9296875
2013-07-25,21900.9609375
2013-07-26,21968.94921875
2013-07-29,21850.150390625
2013-07-30,21953.9609375
2013-07-31,21883.66015625
2013-08-01,22088.7890625
2013-08-02,22190.970703125
2013-08-05,22222.009765625
2013-08-06,21923.69921875
2013-08-07,21588.83984375
2013-08-08,21655.880859375
2013-08-09,21807.560546875
2013-08-12,22271.279296875
2013-08-13,22541.130859375
2013-08-15,22539.25
2013-08-16,22517.810546875
2013-08-19,22463.69921875
2013-08-20,21970.2890625
2013-08-21,21817.73046875
2013-08-22,21895.400390625
2013-08-23,21863.509765625
2013-08-26,22005.3203125
2013-08-27,21874.76953125
2013-08-28,21524.650390625
2013-08-29,21704.779296875
2013-08-30,21731.369140625
2013-09-02,22175.33984375
2013-09-03,22394.580078125
2013-09-04,22326.220703125
2013-09-05,22597.970703125
2013-09-06,22621.220703125
2013-09-09,22750.650390625
2013-09-10,22976.650390625
2013-09-11,22937.140625
2013-09-12,22953.720703125
2013-09-13,22915.279296875
2013-09-16,23252.41015625
2013-09-17,23180.51953125
2013-09-18,23117.44921875
2013-09-19,23502.509765625
2013-09-23,23371.5390625
2013-09-24,23179.0390625
2013-09-25,23209.630859375
2013-09-26,23125.029296875
2013-09-27,23207.0390625
2013-09-30,22859.859375
2013-10-02,22984.48046875
2013-10-03,23214.400390625
2013-10-04,23138.5390625
2013-10-07,22973.94921875
2013-10-08,23178.849609375
2013-10-09,23033.970703125
2013-10-10,22951.30078125
2013-10-11,23218.3203125
2013-10-15,23336.51953125
2013-10-16,23228.330078125
2013-10-17,23094.880859375
2013-10-18,23340.099609375
2013-10-21,23438.150390625
2013-10-22,23315.990234375
2013-10-23,22999.94921875
2013-10-24,22835.8203125
2013-10-25,22698.33984375
2013-10-28,22806.580078125
2013-10-29,22846.5390625
2013-10-30,23304.01953125
2013-10-31,23206.369140625
2013-11-01,23249.7890625
2013-11-04,23189.619140625
2013-11-05,23038.94921875
2013-11-06,23036.939453125
2013-11-07,22881.029296875
2013-11-08,22744.390625
2013-11-11,23069.849609375
2013-11-12,22901.41015625
2013-11-13,22463.830078125
2013-11-14,22649.150390625
2013-11-15,23032.150390625
2013-11-18,23660.060546875
2013-11-19,23657.810546875
2013-11-20,23700.859375
2013-11-21,23580.2890625
2013-11-22,23696.279296875
2013-11-25,23684.44921875
2013-11-26,23681.279296875
2013-11-27,23806.349609375
2013-11-28,23789.08984375
2013-11-29,23881.2890625
2013-12-02,24038.55078125
2013-12-03,23910.470703125
2013-12-04,23728.69921875
2013-12-05,23712.5703125
2013-12-06,23743.099609375
2013-12-09,23811.169921875
2013-12-10,23744.189453125
2013-12-11,23338.240234375
2013-12-12,23218.119140625
2013-12-13,23245.9609375
2013-12-16,23114.66015625
2013-12-17,23069.23046875
2013-12-18,23143.8203125
2013-12-19,22888.75
2013-12-20,22812.1796875
2013-12-23,22921.560546875
2013-12-24,23179.55078125
2013-12-27,23243.240234375
2013-12-30,23244.869140625
2013-12-31,23306.390625
2014-01-02,23340.05078125
2014-01-03,22817.279296875
2014-01-06,22684.150390625
2014-01-07,22712.779296875
2014-01-08,22996.58984375
2014-01-09,22787.330078125
2014-01-10,22846.25
2014-01-13,22888.759765625
2014-01-14,22791.279296875
2014-01-15,22902.0
2014-01-16,22986.41015625
2014-01-17,23133.349609375
2014-01-20,22928.94921875
2014-01-21,23033.119140625
2014-01-22,23082.25
2014-01-23,22733.900390625
2014-01-24,22450.060546875
2014-01-27,21976.099609375
2014-01-28,21960.640625
2014-01-29,22141.609375
2014-01-30,22035.419921875
2014-02-04,21397.76953125
2014-02-05,21269.380859375
2014-02-06,21423.130859375
2014-02-07,21636.849609375
2014-02-10,21579.259765625
2014-02-11,21962.98046875
2014-02-12,22285.7890625
2014-02-13,22165.529296875
2014-02-14,22298.41015625
2014-02-17,22535.939453125
2014-02-18,22587.720703125
2014-02-19,22664.51953125
2014-02-20,22394.080078125
2014-02-21,22568.240234375
2014-02-24,22388.560546875
2014-02-25,22317.19921875
2014-02-26,22437.439453125
2014-02-27,22828.1796875
2014-02-28,22836.9609375
2014-03-03,22500.669921875
2014-03-04,22657.630859375
2014-03-05,22579.779296875
2014-03-06,22702.970703125
2014-03-07,22660.490234375
2014-03-10,22264.9296875
2014-03-11,22269.609375
2014-03-12,21901.94921875
2014-03-13,21756.080078125
2014-03-14,21539.490234375
2014-03-17,21473.94921875
2014-03-18,21583.5
2014-03-19,21568.689453125
2014-03-20,21182.16015625
2014-03-21,21436.69921875
2014-03-24,21846.44921875
2014-03-25,21732.3203125
2014-03-26,21887.75
2014-03-27,21834.44921875
2014-03-28,22065.529296875
2014-03-31,22151.060546875
2014-04-01,22448.5390625
2014-04-02,22523.939453125
2014-04-03,22565.080078125
2014-04-04,22510.080078125
2014-04-07,22377.150390625
2014-04-08,22596.970703125
2014-04-09,22843.169921875
2014-04-10,23186.9609375
2014-04-11,23003.640625
2014-04-14,23038.80078125
2014-04-15,22671.259765625
2014-04-16,22696.009765625
2014-04-17,22760.240234375
2014-04-22,22730.6796875
2014-04-23,22509.640625
2014-04-24,22562.80078125
2014-04-25,22223.529296875
2014-04-28,22132.529296875
2014-04-29,22453.890625
2014-04-30,22133.970703125
2014-05-02,22260.669921875
2014-05-05,21976.330078125
2014-05-07,21746.259765625
2014-05-08,21837.119140625
2014-05-09,21862.990234375
2014-05-12,22261.609375
2014-05-13,22352.380859375
2014-05-14,22582.76953125
2014-05-15,22730.859375
2014-05-16,22712.91015625
2014-05-19,22704.5
2014-05-20,22834.6796875
2014-05-21,22836.51953125
2014-05-22,22953.759765625
2014-05-23,22965.859375
2014-05-26,22963.1796875
2014-05-27,22944.30078125
2014-05-28,23080.029296875
2014-05-29,23010.140625
2014-05-30,23081.650390625
2014-06-03,23291.0390625
2014-06-04,23151.7109375
2014-06-05,23109.66015625
2014-06-06,22951.0
2014-06-09,23117.470703125
2014-06-10,23315.740234375
2014-06-11,23257.2890625
2014-06-12,23175.01953125
2014-06-13,23319.169921875
2014-06-16,23300.669921875
2014-06-17,23203.58984375
2014-06-18,23181.720703125
2014-06-19,23167.73046875
2014-06-20,23194.060546875
2014-06-23,22804.810546875
2014-06-24,22880.640625
2014-06-25,22866.69921875
2014-06-26,23197.830078125
2014-06-27,23221.51953125
2014-06-30,23190.720703125
2014-07-02,23549.619140625
2014-07-03,23531.439453125
2014-07-04,23546.359375
2014-07-07,23540.919921875
2014-07-08,23541.380859375
2014-07-09,23176.0703125
2014-07-10,23238.990234375
2014-07-11,23233.44921875
2014-07-14,23346.669921875
2014-07-15,23459.9609375
2014-07-16,23523.279296875
2014-07-17,23520.869140625
2014-07-18,23454.7890625
2014-07-21,23387.140625
2014-07-22,23782.109375
2014-07-23,23971.869140625
2014-07-24,24141.5
2014-07-25,24216.009765625
2014-07-28,24428.630859375
2014-07-29,24640.529296875
2014-07-30,24732.2109375
2014-07-31,24756.849609375
2014-08-01,24532.4296875
2014-08-04,24600.080078125
2014-08-05,24648.259765625
2014-08-06,24584.130859375
2014-08-07,24387.560546875
2014-08-08,24331.41015625
2014-08-11,24646.01953125
2014-08-12,24689.41015625
2014-08-13,24890.33984375
2014-08-14,24801.359375
2014-08-15,24954.939453125
2014-08-18,24955.4609375
2014-08-19,25122.94921875
2014-08-20,25159.759765625
2014-08-21,24994.099609375
2014-08-22,25112.23046875
2014-08-25,25166.91015625
2014-08-26,25074.5
2014-08-27,24918.75
2014-08-28,24741.0
2014-08-29,24742.060546875
2014-09-01,24752.08984375
2014-09-02,24749.01953125
2014-09-03,25317.94921875
2014-09-04,25297.919921875
2014-09-05,25240.150390625
2014-09-08,25190.44921875
2014-09-10,24705.359375
2014-09-11,24662.640625
2014-09-12,24595.3203125
2014-09-15,24356.990234375
2014-09-16,24136.009765625
2014-09-17,24376.41015625
2014-09-18,24168.720703125
2014-09-19,24306.16015625
2014-09-22,23955.490234375
2014-09-23,23837.0703125
2014-09-24,23921.609375
2014-09-25,23768.130859375
2014-09-26,23678.41015625
2014-09-29,23229.2109375
2014-09-30,22932.98046875
2014-10-03,23064.560546875
2014-10-06,23315.0390625
2014-10-07,23422.51953125
2014-10-08,23263.330078125
2014-10-09,23534.529296875
2014-10-10,23088.5390625
2014-10-13,23143.380859375
2014-10-14,23047.970703125
2014-10-15,23140.05078125
2014-10-16,22900.939453125
2014-10-17,23023.2109375
2014-10-20,23070.259765625
2014-10-21,23088.580078125
2014-10-22,23403.970703125
2014-10-23,23333.1796875
2014-10-24,23302.19921875
2014-10-27,23143.23046875
2014-10-28,23520.359375
2014-10-29,23819.869140625
2014-10-30,23702.0390625
2014-10-31,23998.060546875
2014-11-03,23915.970703125
2014-11-04,23845.66015625
2014-11-05,23695.619140625
2014-11-06,23649.310546875
2014-11-07,23550.240234375
2014-11-10,23744.69921875
2014-11-11,23808.279296875
2014-11-12,23938.1796875
2014-11-13,24019.939453125
2014-11-14,24087.380859375
2014-11-17,23797.080078125
2014-11-18,23529.169921875
2014-11-19,23373.310546875
2014-11-20,23349.640625
2014-11-21,23437.119140625
2014-11-24,23893.140625
2014-11-25,23843.91015625
2014-11-26,24111.98046875
2014-11-27,24004.279296875
2014-11-28,23987.44921875
2014-12-01,23367.44921875
2014-12-02,23654.30078125
2014-12-03,23428.619140625
2014-12-04,23832.560546875
2014-12-05,24002.640625
2014-12-08,24047.669921875
2014-12-09,23485.830078125
2014-12-10,23524.51953125
2014-12-11,23312.5390625
2014-12-12,23249.19921875
2014-12-15,23027.849609375
2014-12-16,22670.5
2014-12-17,22585.83984375
2014-12-18,22832.2109375
2014-12-19,23116.630859375
2014-12-22,23408.5703125
2014-12-23,23333.689453125
2014-12-24,23349.33984375
2014-12-29,23773.1796875
2014-12-30,23501.099609375
2014-12-31,23605.0390625
2015-01-02,23721.30078125
2015-01-05,23721.3203125
2015-01-06,23485.41015625
2015-01-07,23681.259765625
2015-01-08,23835.529296875
2015-01-09,23919.94921875
2015-01-12,24026.4609375
2015-01-13,24215.970703125
2015-01-14,24112.599609375
2015-01-15,24350.91015625
2015-01-16,24103.51953125
2015-01-19,23738.490234375
2015-01-20,23951.16015625
2015-01-21,24352.580078125
2015-01-22,24522.630859375
2015-01-23,24850.44921875
2015-01-26,24909.900390625
2015-01-27,24807.279296875
2015-01-28,24861.810546875
2015-01-29,24595.849609375
2015-01-30,24507.05078125
2015-02-02,24484.740234375
2015-02-03,24554.779296875
2015-02-04,24679.759765625
2015-02-05,24765.490234375
2015-02-06,24679.390625
2015-02-09,24521.0
2015-02-10,24528.099609375
2015-02-11,24315.01953125
2015-02-12,24422.150390625
2015-02-13,24682.5390625
2015-02-16,24726.529296875
2015-02-17,24784.880859375
2015-02-18,24832.080078125
2015-02-23,24836.759765625
2015-02-24,24750.0703125
2015-02-25,24778.279296875
2015-02-26,24902.060546875
2015-02-27,24823.2890625
2015-03-02,24887.439453125
2015-03-03,24702.779296875
2015-03-04,24465.380859375
2015-03-05,24193.0390625
2015-03-06,24164.0
2015-03-09,24123.05078125
2015-03-10,23896.98046875
2015-03-11,23717.970703125
2015-03-12,23797.9609375
2015-03-13,23823.2109375
2015-03-16,23949.55078125
2015-03-17,23901.490234375
2015-03-18,24120.080078125
2015-03-19,24468.890625
2015-03-20,24375.240234375
2015-03-23,24494.509765625
2015-03-24,24399.599609375
2015-03-25,24528.23046875
2015-03-26,24497.080078125
2015-03-27,24486.19921875
2015-03-30,24855.119140625
2015-03-31,24900.890625
2015-04-01,25082.75
2015-04-02,25275.640625
2015-04-08,26236.859375
2015-04-09,26944.390625
2015-04-10,27272.390625
2015-04-13,28016.33984375
2015-04-14,27561.490234375
2015-04-15,27618.8203125
2015-04-16,27739.7109375
2015-04-17,27653.119140625
2015-04-20,27094.9296875
2015-04-21,27850.490234375
2015-04-22,27933.849609375
2015-04-23,27827.69921875
2015-04-24,28060.98046875
2015-04-27,28433.58984375
2015-04-28,28442.75
2015-04-29,28400.33984375
2015-04-30,28133.0
2015-05-04,28123.8203125
2015-05-05,27755.5390625
2015-05-06,27640.91015625
2015-05-07,27289.970703125
2015-05-08,27577.33984375
2015-05-11,27718.19921875
2015-05-12,27407.1796875
2015-05-13,27249.279296875
2015-05-14,27286.55078125
2015-05-15,27822.279296875
2015-05-18,27591.25
2015-05-19,27693.5390625
2015-05-20,27585.05078125
2015-05-21,27523.720703125
2015-05-22,27992.830078125
2015-05-26,28249.859375
2015-05-27,28081.2109375
2015-05-28,27454.310546875
2015-05-29,27424.189453125
2015-06-01,27597.16015625
2015-06-02,27466.720703125
2015-06-03,27657.470703125
2015-06-04,27551.890625
2015-06-05,27260.16015625
2015-06-08,27316.279296875
2015-06-09,26989.51953125
2015-06-10,26687.640625
2015-06-11,26907.849609375
2015-06-12,27280.5390625
2015-06-15,26861.810546875
2015-06-16,26566.69921875
2015-06-17,26753.7890625
2015-06-18,26694.66015625
2015-06-19,26760.529296875
2015-06-22,27080.849609375
2015-06-23,27333.4609375
2015-06-24,27404.970703125
2015-06-25,27145.75
2015-06-26,26663.869140625
2015-06-29,25966.98046875
2015-06-30,26250.029296875
2015-07-02,26282.3203125
2015-07-03,26064.109375
2015-07-06,25236.279296875
2015-07-07,24975.310546875
2015-07-08,23516.560546875
2015-07-09,24392.7890625
2015-07-10,24901.279296875
2015-07-13,25224.009765625
2015-07-14,25120.91015625
2015-07-15,25055.759765625
2015-07-16,25162.779296875
2015-07-17,25415.26953125
2015-07-20,25404.810546875
2015-07-21,25536.4296875
2015-07-22,25282.619140625
2015-07-23,25398.849609375
2015-07-24,25128.509765625
2015-07-27,24351.9609375
2015-07-28,24503.939453125
2015-07-29,24619.44921875
2015-07-30,24497.98046875
2015-07-31,24636.279296875
2015-08-03,24411.419921875
2015-08-04,24406.119140625
2015-08-05,24514.16015625
2015-08-06,24375.279296875
2015-08-07,24552.470703125
2015-08-10,24521.119140625
2015-08-11,24498.2109375
2015-08-12,23916.01953125
2015-08-13,24018.80078125
2015-08-14,23991.029296875
2015-08-17,23814.650390625
2015-08-18,23474.970703125
2015-08-19,23167.849609375
2015-08-20,22757.470703125
2015-08-21,22409.619140625
2015-08-24,21251.5703125
2015-08-25,21404.9609375
2015-08-26,21080.390625
2015-08-27,21838.5390625
2015-08-28,21612.390625
2015-08-31,21670.580078125
2015-09-01,21185.4296875
2015-09-02,20934.939453125
2015-09-04,20840.609375
2015-09-07,20583.51953125
2015-09-08,21259.0390625
2015-09-09,22131.310546875
2015-09-10,21562.5
2015-09-11,21504.369140625
2015-09-14,21561.900390625
2015-09-15,21455.23046875
2015-09-16,21966.66015625
2015-09-17,21854.630859375
2015-09-18,21920.830078125
2015-09-21,21756.9296875
2015-09-22,21796.580078125
2015-09-23,21302.91015625
2015-09-24,21095.98046875
2015-09-25,21186.3203125
2015-09-29,20556.599609375
2015-09-30,20846.30078125
2015-10-02,21506.08984375
2015-10-05,21854.5
2015-10-06,21831.619140625
2015-10-07,22515.759765625
2015-10-08,22354.91015625
2015-10-09,22458.80078125
2015-10-12,22730.9296875
2015-10-13,22600.4609375
2015-10-14,22439.91015625
2015-10-15,22888.169921875
2015-10-16,23067.369140625
2015-10-19,23075.609375
2015-10-20,22989.220703125
2015-10-22,22845.369140625
2015-10-23,23151.939453125
2015-10-26,23116.25
2015-10-27,23142.73046875
2015-10-28,22956.5703125
2015-10-29,22819.939453125
2015-10-30,22640.0390625
2015-11-02,22370.0390625
2015-11-03,22568.4296875
2015-11-04,23053.5703125
2015-11-05,23051.0390625
2015-11-06,22867.330078125
2015-11-09,22726.76953125
2015-11-10,22401.69921875
2015-11-11,22352.169921875
2015-11-12,22888.919921875
2015-11-13,22396.140625
2015-11-16,22010.8203125
2015-11-17,22264.25
2015-11-18,22188.259765625
2015-11-19,22500.220703125
2015-11-20,22754.720703125
2015-11-23,22665.900390625
2015-11-24,22587.630859375
2015-11-25,22498.0
2015-11-26,22488.939453125
2015-11-27,22068.3203125
2015-11-30,21996.419921875
2015-12-01,22381.349609375
2015-12-02,22479.689453125
2015-12-03,22417.009765625
2015-12-04,22235.890625
2015-12-07,22203.220703125
2015-12-08,21905.130859375
2015-12-09,21803.759765625
2015-12-10,21704.609375
2015-12-11,21464.05078125
2015-12-14,21309.849609375
2015-12-15,21274.369140625
2015-12-16,21701.2109375
2015-12-17,21872.060546875
2015-12-18,21755.560546875
2015-12-21,21791.6796875
2015-12-22,21830.01953125
2015-12-23,22040.58984375
2015-12-24,22138.130859375
2015-12-28,21919.619140625
2015-12-29,21999.619140625
2015-12-30,21882.150390625
2015-12-31,21914.400390625
2016-01-04,21327.119140625
2016-01-05,21188.720703125
2016-01-06,20980.810546875
2016-01-07,20333.33984375
2016-01-08,20453.7109375
2016-01-11,19888.5
2016-01-12,19711.759765625
2016-01-13,19934.880859375
2016-01-14,19817.41015625
2016-01-15,19520.76953125
2016-01-18,19237.44921875
2016-01-19,19635.810546875
2016-01-20,18886.30078125
2016-01-21,18542.150390625
2016-01-22,19080.509765625
2016-01-25,19340.140625
2016-01-26,18860.80078125
2016-01-27,19052.44921875
2016-01-28,19195.830078125
2016-01-29,19683.109375
2016-02-01,19595.5
2016-02-02,19446.83984375
2016-02-03,18991.58984375
2016-02-04,19183.08984375
2016-02-05,19288.169921875
2016-02-11,18545.80078125
2016-02-12,18319.580078125
2016-02-15,18918.140625
2016-02-16,19122.080078125
2016-02-17,18924.5703125
2016-02-18,19363.080078125
2016-02-19,19285.5
2016-02-22,19464.08984375
2016-02-23,19414.779296875
2016-02-24,19192.44921875
2016-02-25,18888.75
2016-02-26,19364.150390625
2016-02-29,19111.9296875
2016-03-01,19407.4609375
2016-03-02,20003.490234375
2016-03-03,19941.759765625
2016-03-04,20176.69921875
2016-03-07,20159.720703125
2016-03-08,20011.580078125
2016-03-09,19996.259765625
2016-03-10,19984.419921875
2016-03-11,20199.599609375
2016-03-14,20435.33984375
2016-03-15,20288.76953125
2016-03-16,20257.69921875
2016-03-17,20503.810546875
2016-03-18,20671.630859375
2016-03-21,20684.150390625
2016-03-22,20666.75
2016-03-23,20615.23046875
2016-03-24,20345.609375
2016-03-29,20366.30078125
2016-03-30,20803.390625
2016-03-31,20776.69921875
2016-04-01,20498.919921875
2016-04-05,20177.0
2016-04-06,20206.669921875
2016-04-07,20266.05078125
2016-04-08,20370.400390625
2016-04-11,20440.810546875
2016-04-12,20504.439453125
2016-04-13,21158.7109375
2016-04-14,21337.810546875
2016-04-15,21316.470703125
2016-04-18,21161.5
2016-04-19,21436.2109375
2016-04-20,21236.310546875
2016-04-21,21622.25
2016-04-22,21467.0390625
2016-04-25,21304.439453125
2016-04-26,21407.26953125
2016-04-27,21361.599609375
2016-04-28,21388.029296875
2016-04-29,21067.05078125
2016-05-03,20676.939453125
2016-05-04,20525.830078125
2016-05-05,20449.8203125
2016-05-06,20109.869140625
2016-05-09,20156.810546875
2016-05-10,20242.6796875
2016-05-11,20055.2890625
2016-05-12,19915.4609375
2016-05-13,19719.2890625
2016-05-16,19883.94921875
2016-05-17,20118.80078125
2016-05-18,19826.41015625
2016-05-19,19694.330078125
2016-05-20,19852.19921875
2016-05-23,19809.029296875
2016-05-24,19830.4296875
2016-05-25,20368.05078125
2016-05-26,20397.109375
2016-05-27,20576.76953125
2016-05-30,20629.390625
2016-05-31,20815.08984375
2016-06-01,20760.98046875
2016-06-02,20859.220703125
2016-06-03,20947.240234375
2016-06-06,21030.220703125
2016-06-07,21328.240234375
2016-06-08,21297.880859375
2016-06-10,21042.640625
2016-06-13,20512.990234375
2016-06-14,20387.529296875
2016-06-15,20467.51953125
2016-06-16,20038.419921875
2016-06-17,20169.98046875
2016-06-20,20510.19921875
2016-06-21,20668.439453125
2016-06-22,20795.119140625
2016-06-23,20868.33984375
2016-06-24,20259.130859375
2016-06-27,20227.30078125
2016-06-28,20172.4609375
2016-06-29,20436.119140625
2016-06-30,20794.369140625
2016-07-04,21059.19921875
2016-07-05,20750.720703125
2016-07-06,20495.2890625
2016-07-07,20706.919921875
2016-07-08,20564.169921875
2016-07-11,20880.5
2016-07-12,21224.740234375
2016-07-13,21322.369140625
2016-07-14,21561.060546875
2016-07-15,21659.25
2016-07-18,21803.1796875
2016-07-19,21673.19921875
2016-07-20,21882.48046875
2016-07-21,22000.490234375
2016-07-22,21964.26953125
2016-07-25,21993.439453125
2016-07-26,22129.73046875
2016-07-27,22218.990234375
2016-07-28,22174.33984375
2016-07-29,21891.369140625
2016-08-01,22129.140625
2016-08-03,21739.119140625
2016-08-04,21832.23046875
2016-08-05,22146.08984375
2016-08-08,22494.759765625
2016-08-09,22465.609375
2016-08-10,22492.4296875
2016-08-11,22580.55078125
2016-08-12,22766.91015625
2016-08-15,22932.509765625
2016-08-16,22910.83984375
2016-08-17,22799.779296875
2016-08-18,23023.16015625
2016-08-19,22937.220703125
2016-08-22,22997.91015625
2016-08-23,22998.9296875
2016-08-24,22820.779296875
2016-08-25,22814.94921875
2016-08-26,22909.5390625
2016-08-29,22821.33984375
2016-08-30,23016.109375
2016-08-31,22976.880859375
2016-09-01,23162.33984375
2016-09-02,23266.69921875
2016-09-05,23649.55078125
2016-09-06,23787.6796875
2016-09-07,23741.810546875
2016-09-08,23919.33984375
2016-09-09,24099.69921875
2016-09-12,23290.599609375
2016-09-13,23215.759765625
2016-09-14,23190.640625
2016-09-15,23335.58984375
2016-09-19,23550.44921875
2016-09-20,23530.859375
2016-09-21,23669.900390625
2016-09-22,23759.80078125
2016-09-23,23686.48046875
2016-09-26,23317.919921875
2016-09-27,23571.900390625
2016-09-28,23619.650390625
2016-09-29,23739.470703125
2016-09-30,23297.150390625
2016-10-03,23584.4296875
2016-10-04,23689.439453125
2016-10-05,23788.310546875
2016-10-06,23952.5
2016-10-07,23851.8203125
2016-10-11,23549.51953125
2016-10-12,23407.05078125
2016-10-13,23031.30078125
2016-10-14,23233.310546875
2016-10-17,23037.5390625
2016-10-18,23394.390625
2016-10-19,23304.970703125
2016-10-20,23374.400390625
2016-10-24,23604.080078125
2016-10-25,23565.109375
2016-10-26,23325.4296875
2016-10-27,23132.349609375
2016-10-28,22954.810546875
2016-10-31,22934.5390625
2016-11-01,23147.0703125
2016-11-02,22810.5
2016-11-03,22683.509765625
2016-11-04,22642.619140625
2016-11-07,22801.400390625
2016-11-08,22909.470703125
2016-11-09,22415.189453125
2016-11-10,22839.109375
2016-11-11,22531.08984375
2016-11-14,22222.220703125
2016-11-15,22323.91015625
2016-11-16,22280.529296875
2016-11-17,22262.880859375
2016-11-18,22344.2109375
2016-11-21,22357.779296875
2016-11-22,22678.0703125
2016-11-23,22676.689453125
2016-11-24,22608.490234375
2016-11-25,22723.44921875
2016-11-28,22830.5703125
2016-11-29,22737.0703125
2016-11-30,22789.76953125
2016-12-01,22878.23046875
2016-12-02,22564.8203125
2016-12-05,22505.55078125
2016-12-06,22675.150390625
2016-12-07,22800.919921875
2016-12-08,22861.83984375
2016-12-09,22760.98046875
2016-12-12,22433.01953125
2016-12-13,22446.69921875
2016-12-14,22456.619140625
2016-12-15,22059.400390625
2016-12-16,22020.75
2016-12-19,21832.6796875
2016-12-20,21729.060546875
2016-12-21,21809.80078125
2016-12-22,21636.19921875
2016-12-23,21574.759765625
2016-12-28,21754.740234375
2016-12-29,21790.91015625
2016-12-30,22000.560546875
2017-01-03,22150.400390625
2017-01-04,22134.470703125
2017-01-05,22456.689453125
2017-01-06,22503.009765625
2017-01-09,22558.689453125
2017-01-10,22744.849609375
2017-01-11,22935.349609375
2017-01-12,22829.01953125
2017-01-13,22937.380859375
2017-01-16,22718.150390625
2017-01-17,22840.970703125
2017-01-18,23098.259765625
2017-01-19,23049.9609375
2017-01-20,22885.91015625
2017-01-23,22898.51953125
2017-01-24,22949.859375
2017-01-25,23049.119140625
2017-01-26,23374.169921875
2017-01-27,23360.779296875
2017-02-01,23318.390625
2017-02-02,23184.51953125
2017-02-03,23129.2109375
2017-02-06,23348.240234375
2017-02-07,23331.5703125
2017-02-08,23485.130859375
2017-02-09,23525.140625
2017-02-10,23574.98046875
2017-02-13,23710.98046875
2017-02-14,23703.009765625
2017-02-15,23994.869140625
2017-02-16,24107.69921875
2017-02-17,24033.740234375
2017-02-20,24146.080078125
2017-02-21,23963.630859375
2017-02-22,24201.9609375
2017-02-23,24114.859375
2017-02-24,23965.69921875
2017-02-27,23925.05078125
2017-02-28,23740.73046875
2017-03-01,23776.490234375
2017-03-02,23728.0703125
2017-03-03,23552.720703125
2017-03-06,23596.279296875
2017-03-07,23681.0703125
2017-03-08,23782.26953125
2017-03-09,23501.560546875
2017-03-10,23568.669921875
2017-03-13,23829.669921875
2017-03-14,23827.94921875
2017-03-15,23792.849609375
2017-03-16,24288.279296875
2017-03-17,24309.9296875
2017-03-20,24501.990234375
2017-03-21,24593.119140625
2017-03-22,24320.41015625
2017-03-23,24327.69921875
2017-03-24,24358.26953125
2017-03-27,24193.69921875
2017-03-28,24345.869140625
2017-03-29,24392.05078125
2017-03-30,24301.08984375
2017-03-31,24111.58984375
2017-04-03,24261.48046875
2017-04-05,24400.80078125
2017-04-06,24273.720703125
2017-04-07,24267.30078125
2017-04-10,24262.1796875
2017-04-11,24088.4609375
2017-04-12,24313.5
2017-04-13,24261.66015625
2017-04-18,23924.5390625
2017-04-19,23825.880859375
2017-04-20,24056.98046875
2017-04-21,24042.01953125
2017-04-24,24139.48046875
2017-04-25,24455.939453125
2017-04-26,24578.4296875
2017-04-27,24698.48046875
2017-04-28,24615.130859375
2017-05-02,24696.130859375
2017-05-04,24683.880859375
2017-05-05,24476.349609375
2017-05-08,24577.91015625
2017-05-09,24889.029296875
2017-05-10,25015.419921875
2017-05-11,25125.55078125
2017-05-12,25156.33984375
2017-05-15,25371.58984375
2017-05-16,25335.939453125
2017-05-17,25293.630859375
2017-05-18,25136.51953125
2017-05-19,25174.869140625
2017-05-22,25391.33984375
2017-05-23,25403.150390625
2017-05-24,25428.5
2017-05-25,25630.779296875
2017-05-26,25639.26953125
2017-05-29,25701.630859375
2017-05-31,25660.650390625
2017-06-01,25809.220703125
2017-06-02,25924.05078125
2017-06-05,25862.990234375
2017-06-06,25997.140625
2017-06-07,25974.16015625
2017-06-08,26063.060546875
2017-06-09,26030.2890625
2017-06-12,25708.0390625
2017-06-13,25852.099609375
2017-06-14,25875.900390625
2017-06-15,25565.33984375
2017-06-16,25626.490234375
2017-06-19,25924.55078125
2017-06-20,25843.0390625
2017-06-21,25694.580078125
2017-06-22,25674.529296875
2017-06-23,25670.05078125
2017-06-26,25871.890625
2017-06-27,25839.990234375
2017-06-28,25683.5
2017-06-29,25965.419921875
2017-06-30,25764.580078125
2017-07-03,25784.169921875
2017-07-04,25389.009765625
2017-07-05,25521.970703125
2017-07-06,25465.220703125
2017-07-07,25340.849609375
2017-07-10,25500.060546875
2017-07-11,25877.640625
2017-07-12,26043.640625
2017-07-13,26346.169921875
2017-07-14,26389.23046875
2017-07-17,26470.580078125
2017-07-18,26524.939453125
2017-07-19,26672.16015625
2017-07-20,26740.2109375
2017-07-21,26706.08984375
2017-07-24,26846.830078125
2017-07-25,26852.05078125
2017-07-26,26941.01953125
2017-07-27,27131.169921875
2017-07-28,26979.390625
2017-07-31,27323.990234375
2017-08-01,27540.23046875
2017-08-02,27607.380859375
2017-08-03,27531.009765625
2017-08-04,27562.6796875
2017-08-07,27690.359375
2017-08-08,27854.91015625
2017-08-09,27757.08984375
2017-08-10,27444.0
2017-08-11,26883.509765625
2017-08-14,27250.23046875
2017-08-15,27174.9609375
2017-08-16,27409.0703125
2017-08-17,27344.220703125
2017-08-18,27047.5703125
2017-08-21,27154.6796875
2017-08-22,27401.669921875
2017-08-24,27518.599609375
2017-08-25,27848.16015625
2017-08-28,27863.2890625
2017-08-29,27765.009765625
2017-08-30,28094.609375
2017-08-31,27970.30078125
2017-09-01,27953.16015625
2017-09-04,27740.259765625
2017-09-05,27741.349609375
2017-09-06,27613.759765625
2017-09-07,27522.919921875
2017-09-08,27668.470703125
2017-09-11,27955.130859375
2017-09-12,27972.240234375
2017-09-13,27894.080078125
2017-09-14,27777.19921875
2017-09-15,27807.58984375
2017-09-18,28159.76953125
2017-09-19,28051.41015625
2017-09-20,28127.80078125
2017-09-21,28110.330078125
2017-09-22,27880.529296875
2017-09-25,27500.33984375
2017-09-26,27513.009765625
2017-09-27,27642.4296875
2017-09-28,27421.599609375
2017-09-29,27554.30078125
2017-10-03,28173.2109375
2017-10-04,28379.1796875
2017-10-06,28458.0390625
2017-10-09,28326.58984375
2017-10-10,28490.830078125
2017-10-11,28389.5703125
2017-10-12,28459.029296875
2017-10-13,28476.4296875
2017-10-16,28692.80078125
2017-10-17,28697.490234375
2017-10-18,28711.759765625
2017-10-19,28159.08984375
2017-10-20,28487.240234375
2017-10-23,28305.880859375
2017-10-24,28154.970703125
2017-10-25,28302.890625
2017-10-26,28202.380859375
2017-10-27,28438.849609375
2017-10-30,28336.189453125
2017-10-31,28245.5390625
2017-11-01,28594.060546875
2017-11-02,28518.640625
2017-11-03,28603.609375
2017-11-06,28596.80078125
2017-11-07,28994.33984375
2017-11-08,28907.599609375
2017-11-09,29136.5703125
2017-11-10,29120.919921875
2017-11-13,29182.1796875
2017-11-14,29152.119140625
2017-11-15,28851.689453125
2017-11-16,29018.759765625
2017-11-17,29199.0390625
2017-11-20,29260.310546875
2017-11-21,29818.0703125
2017-11-22,30003.490234375
2017-11-23,29707.939453125
2017-11-24,29866.3203125
2017-11-27,29686.189453125
2017-11-28,29680.849609375
2017-11-29,29623.830078125
2017-11-30,29177.349609375
2017-12-01,29074.240234375
2017-12-04,29138.279296875
2017-12-05,28842.80078125
2017-12-06,28224.80078125
2017-12-07,28303.189453125
2017-12-08,28639.849609375
2017-12-11,28965.2890625
2017-12-12,28793.880859375
2017-12-13,29222.099609375
2017-12-14,29166.380859375
2017-12-15,28848.109375
2017-12-18,29050.41015625
2017-12-19,29253.66015625
2017-12-20,29234.08984375
2017-12-21,29367.060546875
2017-12-22,29578.009765625
2017-12-27,29597.66015625
2017-12-28,29863.7109375
2017-12-29,29919.150390625
2018-01-02,30515.310546875
2018-01-03,30560.94921875
2018-01-04,30736.48046875
2018-01-05,30814.640625
2018-01-08,30899.529296875
2018-01-09,31011.41015625
2018-01-10,31073.720703125
2018-01-11,31120.390625
2018-01-12,31412.5390625
2018-01-15,31338.869140625
2018-01-16,31904.75
2018-01-17,31983.41015625
2018-01-18,32121.939453125
2018-01-19,32254.890625
2018-01-22,32393.41015625
2018-01-23,32930.69921875
2018-01-24,32958.69140625
2018-01-25,32654.44921875
2018-01-26,33154.12109375
2018-01-29,32966.890625
2018-01-30,32607.2890625
2018-01-31,32887.26953125
2018-02-01,32642.08984375
2018-02-02,32601.779296875
2018-02-05,32245.220703125
2018-02-06,30595.419921875
2018-02-07,30323.19921875
2018-02-08,30451.26953125
2018-02-09,29507.419921875
2018-02-12,29459.630859375
2018-02-13,29839.529296875
2018-02-14,30515.599609375
2018-02-15,31115.4296875
2018-02-20,30873.630859375
2018-02-21,31431.890625
2018-02-22,30965.6796875
2018-02-23,31267.169921875
2018-02-26,31498.599609375
2018-02-27,31268.66015625
2018-02-28,30844.720703125
2018-03-01,31044.25
2018-03-02,30583.44921875
2018-03-05,29886.390625
2018-03-06,30510.73046875
2018-03-07,30196.919921875
2018-03-08,30654.51953125
2018-03-09,30996.2109375
2018-03-12,31594.330078125
2018-03-13,31601.44921875
2018-03-14,31435.009765625
2018-03-15,31541.099609375
2018-03-16,31501.970703125
2018-03-19,31513.759765625
2018-03-20,31549.9296875
2018-03-21,31414.51953125
2018-03-22,31071.05078125
2018-03-23,30309.2890625
2018-03-26,30548.76953125
2018-03-27,30790.830078125
2018-03-28,30022.529296875
2018-03-29,30093.380859375
2018-04-03,30180.099609375
2018-04-04,29518.689453125
2018-04-06,29844.939453125
2018-04-09,30229.580078125
2018-04-10,30728.740234375
2018-04-11,30897.7109375
2018-04-12,30831.279296875
2018-04-13,30808.380859375
2018-04-16,30315.58984375
2018-04-17,30062.75
2018-04-18,30284.25
2018-04-19,30708.439453125
2018-04-20,30418.330078125
2018-04-23,30254.400390625
2018-04-24,30636.240234375
2018-04-25,30328.150390625
2018-04-26,30007.6796875
2018-04-27,30280.669921875
2018-04-30,30808.44921875
2018-05-02,30723.880859375
2018-05-03,30313.369140625
2018-05-04,29926.5
2018-05-07,29994.259765625
2018-05-08,30402.810546875
2018-05-09,30536.140625
2018-05-10,30809.220703125
2018-05-11,31122.060546875
2018-05-14,31541.080078125
2018-05-15,31152.029296875
2018-05-16,31110.19921875
2018-05-17,30942.150390625
2018-05-18,31047.91015625
2018-05-21,31234.349609375
2018-05-23,30665.640625
2018-05-24,30760.41015625
2018-05-25,30588.0390625
2018-05-28,30792.259765625
2018-05-29,30484.580078125
2018-05-30,30056.7890625
2018-05-31,30468.560546875
2018-06-01,30492.91015625
2018-06-04,30997.98046875
2018-06-05,31093.44921875
2018-06-06,31259.099609375
2018-06-07,31512.630859375
2018-06-08,30958.2109375
2018-06-11,31063.69921875
2018-06-12,31103.060546875
2018-06-13,30725.150390625
2018-06-14,30440.169921875
2018-06-15,30309.490234375
2018-06-19,29468.150390625
2018-06-20,29696.169921875
2018-06-21,29296.05078125
2018-06-22,29338.69921875
2018-06-25,28961.390625
2018-06-26,28881.400390625
2018-06-27,28356.259765625
2018-06-28,28497.3203125
2018-06-29,28955.109375
2018-07-03,28545.5703125
2018-07-04,28241.669921875
2018-07-05,28182.08984375
2018-07-06,28315.619140625
2018-07-09,28688.5
2018-07-10,28682.25
2018-07-11,28311.689453125
2018-07-12,28480.830078125
2018-07-13,28525.439453125
2018-07-16,28539.66015625
2018-07-17,28181.6796875
2018-07-18,28117.419921875
2018-07-19,28010.859375
2018-07-20,28224.48046875
2018-07-23,28256.119140625
2018-07-24,28662.5703125
2018-07-25,28920.900390625
2018-07-26,28781.140625
2018-07-27,28804.279296875
2018-07-30,28733.130859375
2018-07-31,28583.009765625
2018-08-01,28340.740234375
2018-08-02,27714.560546875
2018-08-03,27676.3203125
2018-08-06,27819.560546875
2018-08-07,28248.880859375
2018-08-08,28359.140625
2018-08-09,28607.30078125
2018-08-10,28366.619140625
2018-08-13,27936.5703125
2018-08-14,27752.9296875
2018-08-15,27323.58984375
2018-08-16,27100.060546875
2018-08-17,27213.41015625
2018-08-20,27598.01953125
2018-08-21,27752.7890625
2018-08-22,27927.580078125
2018-08-23,27790.4609375
2018-08-24,27671.869140625
2018-08-27,28271.26953125
2018-08-28,28351.619140625
2018-08-29,28416.439453125
2018-08-30,28164.05078125
2018-08-31,27888.55078125
2018-09-03,27712.5390625
2018-09-04,27973.33984375
2018-09-05,27243.849609375
2018-09-06,26974.8203125
2018-09-07,26973.470703125
2018-09-10,26613.419921875
2018-09-11,26422.55078125
2018-09-12,26345.0390625
2018-09-13,27014.490234375
2018-09-14,27286.41015625
2018-09-17,26932.849609375
2018-09-18,27084.66015625
2018-09-19,27407.369140625
2018-09-20,27477.669921875
2018-09-21,27953.580078125
2018-09-24,27499.390625
2018-09-26,27816.869140625
2018-09-27,27715.669921875
2018-09-28,27788.51953125
2018-10-02,27126.380859375
2018-10-03,27091.259765625
2018-10-04,26623.869140625
2018-10-05,26572.5703125
2018-10-08,26202.5703125
2018-10-09,26172.91015625
2018-10-10,26193.0703125
2018-10-11,25266.369140625
2018-10-12,25801.490234375
2018-10-15,25445.060546875
2018-10-16,25462.259765625
2018-10-18,25454.55078125
2018-10-19,25561.400390625
2018-10-22,26153.150390625
2018-10-23,25346.55078125
2018-10-24,25249.779296875
2018-10-25,24994.4609375
2018-10-26,24717.630859375
2018-10-29,24812.0390625
2018-10-30,24585.529296875
2018-10-31,24979.689453125
2018-11-01,25416.0
2018-11-02,26486.349609375
2018-11-05,25934.390625
2018-11-06,26120.9609375
2018-11-07,26147.689453125
2018-11-08,26227.720703125
2018-11-09,25601.919921875
2018-11-12,25633.1796875
2018-11-13,25792.869140625
2018-11-14,25654.4296875
2018-11-15,26103.33984375
2018-11-16,26183.529296875
2018-11-19,26372.0
2018-11-20,25840.33984375
2018-11-21,25971.470703125
2018-11-22,26019.41015625
2018-11-23,25927.6796875
2018-11-26,26376.1796875
2018-11-27,26331.9609375
2018-11-28,26682.560546875
2018-11-29,26451.029296875
2018-11-30,26506.75
2018-12-03,27182.0390625
2018-12-04,27260.439453125
2018-12-05,26819.6796875
2018-12-06,26156.380859375
2018-12-07,26063.759765625
2018-12-10,25752.380859375
2018-12-11,25771.669921875
2018-12-12,26186.7109375
2018-12-13,26524.349609375
2018-12-14,26094.7890625
2018-12-17,26087.98046875
2018-12-18,25814.25
2018-12-19,25865.390625
2018-12-20,25623.529296875
2018-12-21,25753.419921875
2018-12-24,25651.380859375
2018-12-27,25478.880859375
2018-12-28,25504.19921875
2018-12-31,25845.69921875
2019-01-02,25130.349609375
2019-01-03,25064.359375
2019-01-04,25626.029296875
2019-01-07,25835.69921875
2019-01-08,25875.44921875
2019-01-09,26462.3203125
2019-01-10,26521.4296875
2019-01-11,26667.26953125
2019-01-14,26298.330078125
2019-01-15,26830.2890625
2019-01-16,26902.099609375
2019-01-17,26755.630859375
2019-01-18,27090.810546875
2019-01-21,27196.5390625
2019-01-22,27005.44921875
2019-01-23,27008.19921875
2019-01-24,27120.98046875
2019-01-25,27569.189453125
2019-01-28,27576.9609375
2019-01-29,27531.6796875
2019-01-30,27642.849609375
2019-01-31,27942.470703125
2019-02-01,27930.740234375
2019-02-04,27990.2109375
2019-02-08,27946.3203125
2019-02-11,28143.83984375
2019-02-12,28171.330078125
2019-02-13,28497.58984375
2019-02-14,28432.05078125
2019-02-15,27900.83984375
2019-02-18,28347.009765625
2019-02-19,28228.130859375
2019-02-20,28514.05078125
2019-02-21,28629.919921875
2019-02-22,28816.30078125
2019-02-25,28959.30078125
2019-02-26,28772.060546875
2019-02-27,28757.439453125
2019-02-28,28633.1796875
2019-03-01,28812.169921875
2019-03-04,28959.58984375
2019-03-05,28961.599609375
2019-03-06,29037.599609375
2019-03-07,28779.44921875
2019-03-08,28228.419921875
2019-03-11,28503.30078125
2019-03-12,28920.869140625
2019-03-13,28807.44921875
2019-03-14,28851.390625
2019-03-15,29012.259765625
2019-03-18,29409.009765625
2019-03-19,29466.279296875
2019-03-20,29320.970703125
2019-03-21,29071.560546875
2019-03-22,29113.359375
2019-03-25,28523.349609375
2019-03-26,28566.91015625
2019-03-27,28728.25
2019-03-28,28775.2109375
2019-03-29,29051.359375
2019-04-01,29562.01953125
2019-04-02,29624.669921875
2019-04-03,29986.390625
2019-04-04,29936.3203125
2019-04-08,30077.150390625
2019-04-09,30157.490234375
2019-04-10,30119.560546875
2019-04-11,29839.44921875
2019-04-12,29909.759765625
2019-04-15,29810.720703125
2019-04-16,30129.869140625
2019-04-17,30124.6796875
2019-04-18,29963.259765625
2019-04-23,29963.240234375
2019-04-24,29805.830078125
2019-04-25,29549.80078125
2019-04-26,29605.009765625
2019-04-29,29892.810546875
2019-04-30,29699.109375
2019-05-02,29944.1796875
2019-05-03,30081.55078125
2019-05-06,29209.8203125
2019-05-07,29363.01953125
2019-05-08,29003.19921875
2019-05-09,28311.0703125
2019-05-10,28550.240234375
2019-05-14,28122.01953125
2019-05-15,28268.7109375
2019-05-16,28275.0703125
2019-05-17,27946.4609375
2019-05-20,27787.609375
2019-05-21,27657.240234375
2019-05-22,27705.939453125
2019-05-23,27267.130859375
2019-05-24,27353.9296875
2019-05-27,27288.08984375
2019-05-28,27390.810546875
2019-05-29,27235.7109375
2019-05-30,27114.880859375
2019-05-31,26901.08984375
2019-06-03,26893.859375
2019-06-04,26761.51953125
2019-06-05,26895.439453125
2019-06-06,26965.279296875
2019-06-10,27578.640625
2019-06-11,27789.33984375
2019-06-12,27308.4609375
2019-06-13,27294.7109375
2019-06-14,27118.349609375
2019-06-17,27227.16015625
2019-06-18,27498.76953125
2019-06-19,28202.140625
2019-06-20,28550.4296875
2019-06-21,28473.7109375
2019-06-24,28513.0
2019-06-25,28185.98046875
2019-06-26,28221.98046875
2019-06-27,28621.419921875
2019-06-28,28542.619140625
2019-07-02,28875.560546875
2019-07-03,28855.140625
2019-07-04,28795.76953125
2019-07-05,28774.830078125
2019-07-08,28331.689453125
2019-07-09,28116.279296875
2019-07-10,28204.689453125
2019-07-11,28431.80078125
2019-07-12,28471.619140625
2019-07-15,28554.880859375
2019-07-16,28619.619140625
2019-07-17,28593.169921875
2019-07-18,28461.66015625
2019-07-19,28765.400390625
2019-07-22,28371.259765625
2019-07-23,28466.48046875
2019-07-24,28524.0390625
2019-07-25,28594.30078125
2019-07-26,28397.740234375
2019-07-29,28106.41015625
2019-07-30,28146.5
2019-07-31,27777.75
2019-08-01,27565.69921875
2019-08-02,26918.580078125
2019-08-05,26151.3203125
2019-08-06,25976.240234375
2019-08-07,25997.029296875
2019-08-08,26120.76953125
2019-08-09,25939.30078125
2019-08-12,25824.720703125
2019-08-13,25281.30078125
2019-08-14,25302.279296875
2019-08-15,25495.4609375
2019-08-16,25734.220703125
2019-08-19,26291.83984375
2019-08-20,26231.5390625
2019-08-21,26270.0390625
2019-08-22,26048.720703125
2019-08-23,26179.330078125
2019-08-26,25680.330078125
2019-08-27,25664.0703125
2019-08-28,25615.48046875
2019-08-29,25703.5
2019-08-30,25724.73046875
2019-09-02,25626.55078125
2019-09-03,25527.849609375
2019-09-04,26523.23046875
2019-09-05,26515.529296875
2019-09-06,26690.759765625
2019-09-09,26681.400390625
2019-09-10,26683.6796875
2019-09-11,27159.060546875
2019-09-12,27087.630859375
2019-09-13,27352.689453125
2019-09-16,27124.55078125
2019-09-17,26790.240234375
2019-09-18,26754.119140625
2019-09-19,26468.94921875
2019-09-20,26435.669921875
2019-09-23,26222.400390625
2019-09-24,26281.0
2019-09-25,25945.349609375
2019-09-26,26041.9296875
2019-09-27,25954.810546875
2019-09-30,26092.26953125
2019-10-02,26042.689453125
2019-10-03,26110.310546875
2019-10-04,25821.029296875
2019-10-08,25893.400390625
2019-10-09,25682.810546875
2019-10-10,25707.9296875
2019-10-11,26308.439453125
2019-10-14,26521.849609375
2019-10-15,26503.9296875
2019-10-16,26664.279296875
2019-10-17,26848.490234375
2019-10-18,26719.580078125
2019-10-21,26725.6796875
2019-10-22,26786.19921875
2019-10-23,26566.73046875
2019-10-24,26797.94921875
2019-10-25,26667.390625
2019-10-28,26891.259765625
2019-10-29,26786.759765625
2019-10-30,26667.7109375
2019-10-31,26906.720703125
2019-11-01,27100.759765625
2019-11-04,27547.30078125
2019-11-05,27683.400390625
2019-11-06,27688.640625
2019-11-07,27847.23046875
2019-11-08,27651.140625
2019-11-11,26926.55078125
2019-11-12,27065.279296875
2019-11-13,26571.4609375
2019-11-14,26323.689453125
2019-11-15,26326.66015625
2019-11-18,26681.08984375
2019-11-19,27093.80078125
2019-11-20,26889.609375
2019-11-21,26466.880859375
2019-11-22,26595.080078125
2019-11-25,26993.0390625
2019-11-26,26913.919921875
2019-11-27,26954.0
2019-11-28,26893.73046875
2019-11-29,26346.490234375
2019-12-02,26444.720703125
2019-12-03,26391.30078125
2019-12-04,26062.560546875
2019-12-05,26217.0390625
2019-12-06,26498.369140625
2019-12-09,26494.73046875
2019-12-10,26436.619140625
2019-12-11,26645.4296875
2019-12-12,26994.140625
2019-12-13,27687.759765625
2019-12-16,27508.08984375
2019-12-17,27843.7109375
2019-12-18,27884.2109375
2019-12-19,27800.490234375
2019-12-20,27871.349609375
2019-12-23,27906.41015625
2019-12-24,27864.2109375
2019-12-27,28225.419921875
2019-12-30,28319.390625
2019-12-31,28189.75
2020-01-02,28543.51953125
2020-01-03,28451.5
2020-01-06,28226.189453125
2020-01-07,28322.060546875
2020-01-08,28087.919921875
2020-01-09,28561.0
2020-01-10,28638.19921875
2020-01-13,28954.939453125
2020-01-14,28885.140625
2020-01-15,28773.58984375
2020-01-16,28883.0390625
2020-01-17,29056.419921875
2020-01-20,28795.91015625
2020-01-21,27985.330078125
2020-01-22,28341.0390625
2020-01-23,27909.119140625
2020-01-24,27949.640625
2020-01-29,27160.630859375
2020-01-30,26449.130859375
2020-01-31,26312.630859375
2020-02-03,26356.98046875
2020-02-04,26675.98046875
2020-02-05,26786.740234375
2020-02-06,27493.69921875
2020-02-07,27404.26953125
2020-02-10,27241.33984375
2020-02-11,27583.880859375
2020-02-12,27823.66015625
2020-02-13,27730.0
2020-02-14,27815.599609375
2020-02-17,27959.599609375
2020-02-18,27530.19921875
2020-02-19,27655.810546875
2020-02-20,27609.16015625
2020-02-21,27308.810546875
2020-02-24,26820.880859375
2020-02-25,26893.23046875
2020-02-26,26696.490234375
2020-02-27,26778.619140625
2020-02-28,26129.9296875
2020-03-02,26291.6796875
2020-03-03,26284.8203125
2020-03-04,26222.0703125
2020-03-05,26767.869140625
2020-03-06,26146.669921875
2020-03-09,25040.4609375
2020-03-10,25392.509765625
2020-03-11,25231.609375
2020-03-12,24309.0703125
2020-03-13,24032.91015625
2020-03-16,23063.5703125
2020-03-17,23263.73046875
2020-03-18,22291.8203125
2020-03-19,21709.130859375
2020-03-20,22805.0703125
2020-03-23,21696.130859375
2020-03-24,22663.490234375
2020-03-25,23527.189453125
2020-03-26,23352.33984375
2020-03-27,23484.279296875
2020-03-30,23175.109375
2020-03-31,23603.48046875
2020-04-01,23085.7890625
2020-04-02,23280.060546875
2020-04-03,23236.109375
2020-04-06,23749.119140625
2020-04-07,24253.2890625
2020-04-08,23970.369140625
2020-04-09,24300.330078125
2020-04-14,24435.400390625
2020-04-15,24145.33984375
2020-04-16,24006.44921875
2020-04-17,24380.0
2020-04-20,24330.01953125
2020-04-21,23793.55078125
2020-04-22,23893.359375
2020-04-23,23977.3203125
2020-04-24,23831.330078125
2020-04-27,24280.140625
2020-04-28,24575.9609375
2020-04-29,24643.58984375
2020-05-04,23613.80078125
2020-05-05,23868.66015625
2020-05-06,24137.48046875
2020-05-07,23980.630859375
2020-05-08,24230.169921875
2020-05-11,24602.060546875
2020-05-12,24245.6796875
2020-05-13,24180.30078125
2020-05-14,23829.740234375
2020-05-15,23797.470703125
2020-05-18,23934.76953125
2020-05-19,24388.130859375
2020-05-20,24399.94921875
2020-05-21,24280.029296875
2020-05-22,22930.140625
2020-05-25,22952.240234375
2020-05-26,23384.66015625
2020-05-27,23301.359375
2020-05-28,23132.759765625
2020-05-29,22961.470703125
2020-06-01,23732.51953125
2020-06-02,23995.939453125
2020-06-03,24325.619140625
2020-06-04,24366.30078125
2020-06-05,24770.41015625
2020-06-08,24776.76953125
2020-06-09,25057.220703125
2020-06-10,25049.73046875
2020-06-11,24480.150390625
2020-06-12,24301.380859375
2020-06-15,23776.94921875
2020-06-16,24344.08984375
2020-06-17,24481.41015625
2020-06-18,24464.939453125
2020-06-19,24643.890625
2020-06-22,24511.33984375
2020-06-23,24907.33984375
2020-06-24,24781.580078125
2020-06-26,24549.990234375
2020-06-29,24301.279296875
2020-06-30,24427.189453125
2020-07-02,25124.189453125
2020-07-03,25373.119140625
2020-07-06,26339.16015625
2020-07-07,25975.66015625
2020-07-08,26129.1796875
2020-07-09,26210.16015625
2020-07-10,25727.41015625
2020-07-13,25772.119140625
2020-07-14,25477.890625
2020-07-15,25481.580078125
2020-07-16,24970.689453125
2020-07-17,25089.169921875
2020-07-20,25057.990234375
2020-07-21,25635.66015625
2020-07-22,25057.939453125
2020-07-23,25263.0
2020-07-24,24705.330078125
2020-07-27,24603.259765625
2020-07-28,24772.759765625
2020-07-29,24883.140625
2020-07-30,24710.58984375
2020-07-31,24595.349609375
2020-08-03,24458.130859375
2020-08-04,24946.630859375
2020-08-05,25102.5390625
2020-08-06,24930.580078125
2020-08-07,24531.619140625
2020-08-10,24377.4296875
2020-08-11,24890.6796875
2020-08-12,25244.01953125
2020-08-13,25230.669921875
2020-08-14,25183.009765625
2020-08-17,25347.33984375
2020-08-18,25367.380859375
2020-08-19,25178.91015625
2020-08-20,24791.390625
2020-08-21,25113.83984375
2020-08-24,25551.580078125
2020-08-25,25486.220703125
2020-08-26,25491.7890625
2020-08-27,25281.150390625
2020-08-28,25422.060546875
2020-08-31,25177.05078125
2020-09-01,25184.849609375
2020-09-02,25120.08984375
2020-09-03,25007.599609375
2020-09-04,24695.44921875
2020-09-07,24589.650390625
2020-09-08,24624.33984375
2020-09-09,24468.9296875
2020-09-10,24313.5390625
2020-09-11,24503.310546875
2020-09-14,24640.279296875
2020-09-15,24732.759765625
2020-09-16,24725.630859375
2020-09-17,24340.849609375
2020-09-18,24455.41015625
2020-09-21,23950.689453125
2020-09-22,23716.849609375
2020-09-23,23742.509765625
2020-09-24,23311.0703125
2020-09-25,23235.419921875
2020-09-28,23476.05078125
2020-09-29,23275.529296875
2020-09-30,23459.05078125
2020-10-05,23767.779296875
2020-10-06,23980.650390625
2020-10-07,24242.859375
2020-10-08,24193.349609375
2020-10-09,24119.130859375
2020-10-12,24649.6796875
2020-10-14,24667.08984375
2020-10-15,24158.5390625
2020-10-16,24386.7890625
2020-10-19,24542.259765625
2020-10-20,24569.5390625
2020-10-21,24754.419921875
2020-10-22,24786.130859375
2020-10-23,24918.779296875
2020-10-27,24787.189453125
2020-10-28,24708.80078125
2020-10-29,24586.599609375
2020-10-30,24107.419921875
2020-11-02,24460.009765625
2020-11-03,24939.73046875
2020-11-04,24886.140625
2020-11-05,25695.919921875
2020-11-06,25712.970703125
2020-11-09,26016.169921875
2020-11-10,26301.48046875
2020-11-11,26226.98046875
2020-11-12,26169.380859375
2020-11-13,26156.859375
2020-11-16,26381.669921875
2020-11-17,26415.08984375
2020-11-18,26544.2890625
2020-11-19,26356.970703125
2020-11-20,26451.5390625
2020-11-23,26486.19921875
2020-11-24,26588.19921875
2020-11-25,26669.75
2020-11-26,26819.44921875
2020-11-27,26894.6796875
2020-11-30,26341.490234375
2020-12-01,26567.6796875
2020-12-02,26532.580078125
2020-12-03,26728.5
2020-12-04,26835.919921875
2020-12-07,26506.849609375
2020-12-08,26304.560546875
2020-12-09,26502.83984375
2020-12-10,26410.58984375
2020-12-11,26505.869140625
2020-12-14,26389.51953125
2020-12-15,26207.2890625
2020-12-16,26460.2890625
2020-12-17,26678.380859375
2020-12-18,26498.599609375
2020-12-21,26306.6796875
2020-12-22,26119.25
2020-12-23,26343.099609375
2020-12-24,26386.560546875
2020-12-28,26314.630859375
2020-12-29,26568.490234375
2020-12-30,27147.109375
2020-12-31,27231.130859375
2021-01-04,27472.810546875
2021-01-05,27649.859375
2021-01-06,27692.30078125
2021-01-07,27548.51953125
2021-01-08,27878.220703125
2021-01-11,27908.220703125
2021-01-12,28276.75
2021-01-13,28235.599609375
2021-01-14,28496.859375
2021-01-15,28573.859375
2021-01-18,28862.76953125
2021-01-19,29642.279296875
2021-01-20,29962.470703125
2021-01-21,29927.759765625
2021-01-22,29447.849609375
2021-01-25,30159.009765625
2021-01-26,29391.259765625
2021-01-27,29297.529296875
2021-01-28,28550.76953125
2021-01-29,28283.7109375
2021-02-01,28892.859375
2021-02-02,29248.69921875
2021-02-03,29307.4609375
2021-02-04,29113.5
2021-02-05,29288.6796875
2021-02-08,29319.470703125
2021-02-09,29476.189453125
2021-02-10,30038.720703125
2021-02-11,30173.5703125
2021-02-16,30746.66015625
2021-02-17,31084.939453125
2021-02-18,30595.26953125
2021-02-19,30644.73046875
2021-02-22,30319.830078125
2021-02-23,30632.640625
2021-02-24,29718.240234375
2021-02-25,30074.169921875
2021-02-26,28980.2109375
2021-03-01,29452.5703125
2021-03-02,29095.859375
2021-03-03,29880.419921875
2021-03-04,29236.7890625
2021-03-05,29098.2890625
2021-03-08,28540.830078125
2021-03-09,28773.23046875
2021-03-10,28907.51953125
2021-03-11,29385.609375
2021-03-12,28739.720703125
2021-03-15,28833.759765625
2021-03-16,29027.689453125
2021-03-17,29034.119140625
2021-03-18,29405.720703125
2021-03-19,28990.939453125
2021-03-22,28885.33984375
2021-03-23,28497.380859375
2021-03-24,27918.140625
2021-03-25,27899.609375
2021-03-26,28336.4296875
2021-03-29,28338.30078125
2021-03-30,28577.5
2021-03-31,28378.349609375
2021-04-01,28938.740234375
2021-04-07,28674.80078125
2021-04-08,29008.0703125
2021-04-09,28698.80078125
2021-04-12,28453.279296875
2021-04-13,28497.25
2021-04-14,28900.830078125
2021-04-15,28793.140625
2021-04-16,28969.7109375
2021-04-19,29106.150390625
2021-04-20,29135.73046875
2021-04-21,28621.919921875
2021-04-22,28755.33984375
2021-04-23,29078.75
2021-04-26,28952.830078125
2021-04-27,28941.5390625
2021-04-28,29071.33984375
2021-04-29,29303.259765625
2021-04-30,28724.880859375
2021-05-03,28357.5390625
2021-05-04,28557.140625
2021-05-05,28417.98046875
2021-05-06,28637.4609375
2021-05-07,28610.650390625
2021-05-10,28595.66015625
2021-05-11,28013.810546875
2021-05-12,28231.0390625
2021-05-13,27718.669921875
2021-05-14,28027.5703125
2021-05-17,28194.08984375
2021-05-18,28593.810546875
2021-05-20,28450.2890625
2021-05-21,28458.439453125
2021-05-24,28412.259765625
2021-05-25,28910.859375
2021-05-26,29166.009765625
2021-05-27,29113.19921875
2021-05-28,29124.41015625
2021-05-31,29151.80078125
2021-06-01,29468.0
2021-06-02,29297.619140625
2021-06-03,28966.029296875
2021-06-04,28918.099609375
2021-06-07,28787.279296875
2021-06-08,28781.380859375
2021-06-09,28742.630859375
2021-06-10,28738.880859375
2021-06-11,28842.130859375
2021-06-15,28638.529296875
2021-06-16,28436.83984375
2021-06-17,28558.58984375
2021-06-18,28801.26953125
2021-06-21,28489.0
2021-06-22,28309.759765625
2021-06-23,28817.0703125
2021-06-24,28882.4609375
2021-06-25,29288.220703125
2021-06-28,29268.30078125
2021-06-29,28994.099609375
2021-06-30,28827.94921875
2021-07-02,28310.419921875
2021-07-05,28143.5
2021-07-06,28072.859375
2021-07-07,27960.619140625
2021-07-08,27153.130859375
2021-07-09,27344.5390625
2021-07-12,27515.240234375
2021-07-13,27963.41015625
2021-07-14,27787.4609375
2021-07-15,27996.26953125
2021-07-16,28004.6796875
2021-07-19,27489.779296875
2021-07-20,27259.25
2021-07-21,27224.580078125
2021-07-22,27723.83984375
2021-07-23,27321.98046875
2021-07-26,26192.3203125
2021-07-27,25086.4296875
2021-07-28,25473.880859375
2021-07-29,26315.3203125
2021-07-30,25961.029296875
2021-08-02,26235.80078125
2021-08-03,26194.8203125
2021-08-04,26426.55078125
2021-08-05,26204.689453125
2021-08-06,26179.400390625
2021-08-09,26283.400390625
2021-08-10,26605.619140625
2021-08-11,26660.16015625
2021-08-12,26517.8203125
2021-08-13,26391.619140625
2021-08-16,26181.4609375
2021-08-17,25745.869140625
2021-08-18,25867.009765625
2021-08-19,25316.330078125
2021-08-20,24849.720703125
2021-08-23,25109.58984375
2021-08-24,25727.919921875
2021-08-25,25693.94921875
2021-08-26,25415.689453125
2021-08-27,25407.890625
2021-08-30,25539.5390625
2021-08-31,25878.990234375
2021-09-01,26028.2890625
2021-09-02,26090.4296875
2021-09-03,25901.990234375
2021-09-06,26163.630859375
2021-09-07,26353.630859375
2021-09-08,26320.9296875
2021-09-09,25716.0
2021-09-10,26205.91015625
2021-09-13,25813.810546875
2021-09-14,25502.23046875
2021-09-15,25033.2109375
2021-09-16,24667.849609375
2021-09-17,24920.759765625
2021-09-20,24099.140625
2021-09-21,24221.5390625
2021-09-23,24510.98046875
2021-09-24,24192.16015625
2021-09-27,24208.779296875
2021-09-28,24500.390625
2021-09-29,24663.5
2021-09-30,24575.640625
2021-10-04,24036.369140625
2021-10-05,24104.150390625
2021-10-06,23966.490234375
2021-10-07,24701.73046875
2021-10-08,24837.849609375
2021-10-11,25325.08984375
2021-10-12,24962.58984375
2021-10-15,25330.9609375
2021-10-18,25409.75
2021-10-19,25787.2109375
2021-10-20,26136.01953125
2021-10-21,26017.529296875
2021-10-22,26126.9296875
2021-10-25,26132.029296875
2021-10-26,26038.26953125
2021-10-27,25628.740234375
2021-10-28,25555.73046875
2021-10-29,25377.240234375
2021-11-01,25154.3203125
2021-11-02,25099.669921875
2021-11-03,25024.75
2021-11-04,25225.189453125
2021-11-05,24870.509765625
2021-11-08,24763.76953125
2021-11-09,24813.130859375
2021-11-10,24996.140625
2021-11-11,25247.990234375
2021-11-12,25327.970703125
2021-11-15,25390.91015625
2021-11-16,25713.779296875
2021-11-17,25650.080078125
2021-11-18,25319.720703125
2021-11-19,25049.970703125
2021-11-22,24951.33984375
2021-11-23,24651.580078125
2021-11-24,24685.5
2021-11-25,24740.16015625
2021-11-26,24080.51953125
2021-11-29,23852.240234375
2021-11-30,23475.259765625
2021-12-01,23658.919921875
2021-12-02,23788.9296875
2021-12-03,23766.689453125
2021-12-06,23349.380859375
2021-12-07,23983.66015625
2021-12-08,23996.869140625
2021-12-09,24254.859375
2021-12-10,23995.720703125
2021-12-13,23954.580078125
2021-12-14,23635.94921875
2021-12-15,23420.759765625
2021-12-16,23475.5
2021-12-17,23192.630859375
2021-12-20,22744.859375
2021-12-21,22971.330078125
2021-12-22,23102.330078125
2021-12-23,23193.640625
2021-12-24,23223.759765625
2021-12-28,23280.560546875
2021-12-29,23086.5390625
2021-12-30,23112.009765625
2021-12-31,23397.669921875
2022-01-03,23274.75
2022-01-04,23289.83984375
2022-01-05,22907.25
2022-01-06,23072.859375
2022-01-07,23493.380859375
2022-01-10,23746.5390625
2022-01-11,23739.060546875
2022-01-12,24402.169921875
2022-01-13,24429.76953125
2022-01-14,24383.3203125
2022-01-17,24218.029296875
2022-01-18,24112.779296875
2022-01-19,24127.849609375
2022-01-20,24952.349609375
2022-01-21,24965.55078125
2022-01-24,24656.4609375
2022-01-25,24243.609375
2022-01-26,24289.900390625
2022-01-27,23807.0
2022-01-28,23550.080078125
2022-01-31,23802.259765625
2022-02-04,24573.2890625
2022-02-07,24579.55078125
2022-02-08,24329.490234375
2022-02-09,24829.990234375
2022-02-10,24924.349609375
2022-02-11,24906.66015625
2022-02-14,24556.5703125
2022-02-15,24355.7109375
2022-02-16,24718.900390625
2022-02-17,24792.76953125
2022-02-18,24327.7109375
2022-02-21,24170.0703125
2022-02-22,23520.0
2022-02-23,23660.279296875
2022-02-24,22901.560546875
2022-02-25,22767.1796875
2022-02-28,22713.01953125
2022-03-01,22761.7109375
2022-03-02,22343.919921875
2022-03-03,22467.33984375
2022-03-04,21905.2890625
2022-03-07,21057.630859375
2022-03-08,20765.869140625
2022-03-09,20627.7109375
2022-03-10,20890.259765625
2022-03-11,20553.7890625
2022-03-14,19531.66015625
2022-03-15,18415.080078125
2022-03-16,20087.5
2022-03-17,21501.23046875
2022-03-18,21412.400390625
2022-03-21,21221.33984375
2022-03-22,21889.279296875
2022-03-23,22154.080078125
2022-03-24,21945.94921875
2022-03-25,21404.880859375
2022-03-28,21684.970703125
2022-03-29,21927.630859375
2022-03-30,22232.029296875
2022-03-31,21996.849609375
2022-04-01,22039.55078125
2022-04-04,22502.310546875
2022-04-06,22080.51953125
2022-04-07,21808.98046875
2022-04-08,21872.009765625
2022-04-11,21208.30078125
2022-04-12,21319.130859375
2022-04-13,21374.369140625
2022-04-14,21518.080078125
2022-04-19,21027.759765625
2022-04-20,20944.669921875
2022-04-21,20682.220703125
2022-04-22,20638.51953125
2022-04-25,19869.33984375
2022-04-26,19934.7109375
2022-04-27,19946.359375
2022-04-28,20276.169921875
2022-04-29,21089.390625
2022-05-03,21101.890625
2022-05-04,20869.51953125
2022-05-05,20793.400390625
2022-05-06,20001.9609375
2022-05-10,19633.689453125
2022-05-11,19824.5703125
2022-05-12,19380.33984375
2022-05-13,19898.76953125
2022-05-16,19950.2109375
2022-05-17,20602.51953125
2022-05-18,20644.279296875
2022-05-19,20120.6796875
2022-05-20,20717.240234375
2022-05-23,20470.060546875
2022-05-24,20112.099609375
2022-05-25,20171.26953125
2022-05-26,20116.19921875
2022-05-27,20697.359375
2022-05-30,21123.9296875
2022-05-31,21415.19921875
2022-06-01,21294.939453125
2022-06-02,21082.130859375
2022-06-06,21653.900390625
2022-06-07,21531.669921875
2022-06-08,22014.58984375
2022-06-09,21869.05078125
2022-06-10,21806.1796875
2022-06-13,21067.580078125
2022-06-14,21067.990234375
2022-06-15,21308.2109375
2022-06-16,20845.4296875
2022-06-17,21075.0
2022-06-20,21163.91015625
2022-06-21,21559.58984375
2022-06-22,21008.33984375
2022-06-23,21273.869140625
2022-06-24,21719.060546875
2022-06-27,22229.51953125
2022-06-28,22418.970703125
2022-06-29,21996.890625
2022-06-30,21859.7890625
2022-07-04,21830.349609375
2022-07-05,21853.0703125
2022-07-06,21586.66015625
2022-07-07,21643.580078125
2022-07-08,21725.779296875
2022-07-11,21124.19921875
2022-07-12,20844.740234375
2022-07-13,20797.94921875
2022-07-14,20751.2109375
2022-07-15,20297.720703125
2022-07-18,20846.1796875
2022-07-19,20661.060546875
2022-07-20,20890.220703125
2022-07-21,20574.630859375
2022-07-22,20609.140625
2022-07-25,20562.939453125
2022-07-26,20905.880859375
2022-07-27,20670.0390625
2022-07-28,20622.6796875
2022-07-29,20156.509765625
2022-08-01,20165.83984375
2022-08-02,19689.2109375
2022-08-03,19767.08984375
2022-08-04,20174.0390625
2022-08-05,20201.939453125
2022-08-08,20045.76953125
2022-08-09,20003.439453125
2022-08-10,19610.83984375
2022-08-11,20082.4296875
2022-08-12,20175.619140625
2022-08-15,20040.859375
2022-08-16,19830.51953125
2022-08-17,19922.44921875
2022-08-18,19763.91015625
2022-08-19,19773.029296875
2022-08-22,19656.98046875
2022-08-23,19503.25
2022-08-24,19268.740234375
2022-08-25,19968.380859375
2022-08-26,20170.0390625
2022-08-29,20023.220703125
2022-08-30,19949.029296875
2022-08-31,19954.390625
2022-09-01,19597.310546875
2022-09-02,19452.08984375
2022-09-05,19225.69921875
2022-09-06,19202.73046875
2022-09-07,19044.30078125
2022-09-08,18854.619140625
2022-09-09,19362.25
2022-09-13,19326.859375
2022-09-14,18847.099609375
2022-09-15,18930.380859375
2022-09-16,18761.689453125
2022-09-19,18565.970703125
2022-09-20,18781.419921875
2022-09-21,18444.619140625
2022-09-22,18147.94921875
2022-09-23,17933.26953125
2022-09-26,17855.140625
2022-09-27,17860.310546875
2022-09-28,17250.880859375
2022-09-29,17165.869140625
2022-09-30,17222.830078125
2022-10-03,17079.509765625
2022-10-05,18087.970703125
2022-10-06,18012.150390625
2022-10-07,17740.05078125
2022-10-10,17216.66015625
2022-10-11,16832.359375
2022-10-12,16701.029296875
2022-10-13,16389.109375
2022-10-14,16587.689453125
2022-10-17,16612.900390625
2022-10-18,16914.580078125
2022-10-19,16511.279296875
2022-10-20,16280.2197265625
2022-10-21,16211.1201171875
2022-10-24,15180.6904296875
2022-10-25,15165.58984375
2022-10-26,15317.669921875
2022-10-27,15427.9404296875
2022-10-28,14863.0595703125
2022-10-31,14687.01953125
2022-11-01,15455.26953125
2022-11-02,15827.169921875
2022-11-03,15339.490234375
2022-11-04,16161.1396484375
2022-11-07,16595.91015625
2022-11-08,16557.310546875
2022-11-09,16358.51953125
2022-11-10,16081.0400390625
2022-11-11,17325.66015625
2022-11-14,17619.7109375
2022-11-15,18343.119140625
2022-11-16,18256.48046875
2022-11-17,18045.66015625
2022-11-18,17992.5390625
2022-11-21,17655.91015625
2022-11-22,17424.41015625
2022-11-23,17523.810546875
2022-11-24,17660.900390625
2022-11-25,17573.580078125
2022-11-28,17297.939453125
2022-11-29,18204.6796875
2022-11-30,18597.23046875
2022-12-01,18736.439453125
2022-12-02,18675.349609375
2022-12-05,19518.2890625
2022-12-06,19441.1796875
2022-12-07,18814.8203125
2022-12-08,19450.23046875
2022-12-09,19900.869140625
2022-12-12,19463.630859375
2022-12-13,19596.19921875
2022-12-14,19673.44921875
2022-12-15,19368.58984375
2022-12-16,19450.669921875
2022-12-19,19352.810546875
2022-12-20,19094.80078125
2022-12-21,19160.490234375
2022-12-22,19679.220703125
2022-12-23,19593.060546875
2022-12-28,19898.91015625
2022-12-29,19741.140625
2022-12-30,19781.41015625
2023-01-03,20145.2890625
2023-01-04,20793.109375
2023-01-05,21052.169921875
2023-01-06,20991.640625
2023-01-09,21388.33984375
2023-01-10,21331.4609375
2023-01-11,21436.05078125
2023-01-12,21514.099609375
2023-01-13,21738.66015625
2023-01-16,21746.720703125
2023-01-17,21577.640625
2023-01-18,21678.0
2023-01-19,21650.98046875
2023-01-20,22044.650390625
2023-01-26,22566.779296875
2023-01-27,22688.900390625
2023-01-30,22069.73046875
2023-01-31,21842.330078125
2023-02-01,22072.1796875
2023-02-02,21958.359375
2023-02-03,21660.470703125
2023-02-06,21222.16015625
2023-02-07,21298.69921875
2023-02-08,21283.51953125
2023-02-09,21624.359375
2023-02-10,21190.419921875
2023-02-13,21164.419921875
2023-02-14,21113.759765625
2023-02-15,20812.169921875
2023-02-16,20987.669921875
2023-02-17,20719.810546875
2023-02-20,20886.9609375
2023-02-21,20529.490234375
2023-02-22,20423.83984375
2023-02-23,20351.349609375
2023-02-24,20010.0390625
2023-02-27,19943.509765625
2023-02-28,19785.939453125
2023-03-01,20619.7109375
2023-03-02,20429.4609375
2023-03-03,20567.5390625
2023-03-06,20603.189453125
2023-03-07,20534.48046875
2023-03-08,20051.25
2023-03-09,19925.740234375
2023-03-10,19319.919921875
2023-03-13,19695.970703125
2023-03-14,19247.9609375
2023-03-15,19539.869140625
2023-03-16,19203.91015625
2023-03-17,19518.58984375
2023-03-20,19000.7109375
2023-03-21,19258.759765625
2023-03-22,19591.4296875
2023-03-23,20049.640625
2023-03-24,19915.6796875
2023-03-27,19567.689453125
2023-03-28,19784.650390625
2023-03-29,20192.400390625
2023-03-30,20309.130859375
2023-03-31,20400.109375
2023-04-03,20409.1796875
2023-04-04,20274.58984375
2023-04-06,20331.19921875
2023-04-11,20485.240234375
2023-04-12,20309.859375
2023-04-13,20344.48046875
2023-04-14,20438.810546875
2023-04-17,20782.44921875
2023-04-18,20650.509765625
2023-04-19,20367.759765625
2023-04-20,20396.970703125
2023-04-21,20075.73046875
2023-04-24,19959.939453125
2023-04-25,19617.880859375
2023-04-26,19757.26953125
2023-04-27,19840.279296875
2023-04-28,19894.5703125
2023-05-02,19933.810546875
2023-05-03,19699.16015625
2023-05-04,19948.73046875
2023-05-05,20049.310546875
2023-05-08,20297.029296875
2023-05-09,19867.580078125
2023-05-10,19762.19921875
2023-05-11,19743.7890625
2023-05-12,19627.240234375
2023-05-15,19971.130859375
2023-05-16,19978.25
2023-05-17,19560.5703125
2023-05-18,19727.25
2023-05-19,19450.5703125
2023-05-22,19678.169921875
2023-05-23,19431.25
2023-05-24,19115.9296875
2023-05-25,18746.919921875
2023-05-29,18551.109375
2023-05-30,18595.779296875
2023-05-31,18234.26953125
2023-06-01,18216.91015625
2023-06-02,18949.939453125
2023-06-05,19108.5
2023-06-06,19099.279296875
2023-06-07,19252.0
2023-06-08,19299.1796875
2023-06-09,19389.94921875
2023-06-12,19404.310546875
2023-06-13,19521.419921875
2023-06-14,19408.419921875
2023-06-15,19828.919921875
2023-06-16,20040.369140625
2023-06-19,19912.890625
2023-06-20,19607.080078125
2023-06-21,19218.349609375
2023-06-23,18889.970703125
2023-06-26,18794.130859375
2023-06-27,19148.130859375
2023-06-28,19172.05078125
2023-06-29,18934.359375
2023-06-30,18916.4296875
2023-07-03,19306.58984375
2023-07-04,19415.6796875
2023-07-05,19110.380859375
2023-07-06,18533.05078125
2023-07-07,18365.69921875
2023-07-10,18479.720703125
2023-07-11,18659.830078125
2023-07-12,18860.94921875
2023-07-13,19350.619140625
2023-07-14,19413.779296875
2023-07-18,19015.720703125
2023-07-19,18952.310546875
2023-07-20,18928.01953125
2023-07-21,19075.259765625
2023-07-24,18668.150390625
2023-07-25,19434.400390625
2023-07-26,19365.140625
2023-07-27,19639.109375
2023-07-28,19916.560546875
2023-07-31,20078.939453125
2023-08-01,20011.119140625
2023-08-02,19517.380859375
2023-08-03,19420.869140625
2023-08-04,19539.4609375
2023-08-07,19537.919921875
2023-08-08,19184.169921875
2023-08-09,19246.029296875
2023-08-10,19248.259765625
2023-08-11,19075.189453125
2023-08-14,18773.55078125
2023-08-15,18581.109375
2023-08-16,18329.30078125
2023-08-17,18326.630859375
2023-08-18,17950.849609375
2023-08-21,17623.2890625
2023-08-22,17791.009765625
2023-08-23,17845.919921875
2023-08-24,18212.169921875
2023-08-25,18119.390625
2023-08-28,18130.740234375
2023-08-29,18484.029296875
2023-08-30,18482.859375
2023-08-31,18382.060546875
2023-09-04,18844.16015625
2023-09-05,18456.91015625
2023-09-06,18449.98046875
2023-09-07,18202.0703125
2023-09-11,18096.44921875
2023-09-12,18025.890625
2023-09-13,18009.220703125
2023-09-14,18047.919921875
2023-09-15,18182.890625
2023-09-18,17930.55078125
2023-09-19,17997.169921875
2023-09-20,17885.599609375
2023-09-21,17655.41015625
2023-09-22,18057.44921875
2023-09-25,17729.2890625
2023-09-26,17466.900390625
2023-09-27,17611.869140625
2023-09-28,17373.029296875
2023-09-29,17809.66015625
2023-10-03,17331.220703125
2023-10-04,17195.83984375
2023-10-05,17213.869140625
2023-10-06,17485.98046875
2023-10-09,17517.400390625
2023-10-10,17664.73046875
2023-10-11,17893.099609375
2023-10-12,18238.2109375
2023-10-13,17813.44921875
2023-10-16,17640.359375
2023-10-17,17773.33984375
2023-10-18,17732.51953125
2023-10-19,17295.890625
2023-10-20,17172.130859375
2023-10-24,16991.529296875
2023-10-25,17085.330078125
2023-10-26,17044.609375
2023-10-27,17398.73046875
2023-10-30,17406.359375
2023-10-31,17112.48046875
2023-11-01,17101.779296875
2023-11-02,17230.58984375
2023-11-03,17664.119140625
2023-11-06,17966.58984375
2023-11-07,17670.16015625
2023-11-08,17568.4609375
2023-11-09,17511.2890625
2023-11-10,17203.259765625
2023-11-13,17426.2109375
2023-11-14,17396.859375
2023-11-15,18079.0
2023-11-16,17832.8203125
2023-11-17,17454.189453125
2023-11-20,17778.0703125
2023-11-21,17733.890625
2023-11-22,17734.599609375
2023-11-23,17910.83984375
2023-11-24,17559.419921875
2023-11-27,17525.060546875
2023-11-28,17354.140625
2023-11-29,16993.439453125
2023-11-30,17042.880859375
2023-12-01,16830.30078125
2023-12-04,16646.05078125
2023-12-05,16327.8603515625
2023-12-06,16463.259765625
2023-12-07,16345.8896484375
2023-12-08,16334.3701171875
2023-12-11,16201.490234375
2023-12-12,16374.5
2023-12-13,16228.75
2023-12-14,16402.189453125
2023-12-15,16792.189453125
2023-12-18,16629.23046875
2023-12-19,16505.0
2023-12-20,16613.810546875
2023-12-21,16621.130859375
2023-12-22,16340.41015625
2023-12-27,16624.83984375
2023-12-28,17043.529296875
2023-12-29,17047.390625
2024-01-02,16788.55078125
2024-01-03,16646.41015625
2024-01-04,16645.98046875
2024-01-05,16535.330078125
2024-01-08,16224.4501953125
2024-01-09,16190.01953125
2024-01-10,16097.2802734375
2024-01-11,16302.0400390625
2024-01-12,16244.580078125
2024-01-15,16216.330078125
2024-01-16,15865.919921875
2024-01-17,15276.900390625
2024-01-18,15391.7900390625
2024-01-19,15308.6904296875
2024-01-22,14961.1796875
2024-01-23,15353.98046875
2024-01-24,15899.8701171875
2024-01-25,16211.9599609375
2024-01-26,15952.23046875
2024-01-29,16077.240234375
2024-01-30,15703.4501953125
2024-01-31,15485.0703125
2024-02-01,15566.2099609375
2024-02-02,15533.5595703125
2024-02-05,15510.009765625
2024-02-06,16136.8701171875
2024-02-07,16081.8896484375
2024-02-08,15878.0703125
2024-02-09,15746.580078125
2024-02-14,15879.3798828125
2024-02-15,15944.6298828125
2024-02-16,16339.9599609375
2024-02-19,16155.6103515625
2024-02-20,16247.509765625
2024-02-21,16503.099609375
2024-02-22,16742.94921875
2024-02-23,16725.859375
2024-02-26,16634.740234375
2024-02-27,16790.80078125
2024-02-28,16536.849609375
2024-02-29,16511.439453125
2024-03-01,16589.439453125
2024-03-04,16595.970703125
2024-03-05,16162.6396484375
2024-03-06,16438.08984375
2024-03-07,16229.7802734375
2024-03-08,16353.3896484375
2024-03-11,16587.5703125
2024-03-12,17093.5
2024-03-13,17082.109375
2024-03-14,16961.66015625
2024-03-15,16720.890625
2024-03-18,16737.119140625
2024-03-19,16529.48046875
2024-03-20,16543.0703125
2024-03-21,16863.099609375
2024-03-22,16499.470703125
2024-03-25,16473.640625
2024-03-26,16618.3203125
2024-03-27,16392.83984375
2024-03-28,16541.419921875
2024-04-02,16931.51953125
2024-04-03,16725.099609375
2024-04-05,16723.919921875
2024-04-08,16732.849609375
2024-04-09,16828.0703125
2024-04-10,17139.169921875
2024-04-11,17095.029296875
2024-04-12,16721.689453125
2024-04-15,16600.4609375
2024-04-16,16248.9697265625
2024-04-17,16251.83984375
2024-04-18,16385.869140625
2024-04-19,16224.1396484375
2024-04-22,16511.689453125
2024-04-23,16828.9296875
2024-04-24,17201.26953125
2024-04-25,17284.5390625
2024-04-26,17651.150390625
2024-04-29,17746.91015625
2024-04-30,17763.029296875
2024-05-02,18207.130859375
2024-05-03,18475.919921875
2024-05-06,18578.30078125
2024-05-07,18479.369140625
2024-05-08,18313.859375
2024-05-09,18537.810546875
2024-05-10,18963.6796875
2024-05-13,19115.060546875
2024-05-14,19073.7109375
2024-05-16,19376.529296875
2024-05-17,19553.609375
2024-05-20,19636.220703125
2024-05-21,19220.619140625
2024-05-22,19195.599609375
2024-05-23,18868.7109375
2024-05-24,18608.939453125
2024-05-27,18827.349609375
2024-05-28,18821.16015625
2024-05-29,18477.009765625
2024-05-30,18230.189453125
2024-05-31,18079.609375
2024-06-03,18403.0390625
2024-06-04,18444.109375
2024-06-05,18424.9609375
2024-06-06,18476.80078125
2024-06-07,18366.94921875
2024-06-11,18176.33984375
2024-06-12,17937.83984375
2024-06-13,18112.630859375
2024-06-14,17941.779296875
2024-06-17,17936.119140625
2024-06-18,17915.55078125
2024-06-19,18430.390625
2024-06-20,18335.3203125
2024-06-21,18028.51953125
2024-06-24,18027.7109375
2024-06-25,18072.900390625
2024-06-26,18089.9296875
2024-06-27,17716.470703125
2024-06-28,17718.609375
2024-07-02,17769.140625
2024-07-03,17978.5703125
2024-07-04,18028.279296875
2024-07-05,17799.609375
2024-07-08,17524.060546875
2024-07-09,17523.23046875
2024-07-10,17471.669921875
2024-07-11,17832.330078125
2024-07-12,18293.380859375
2024-07-15,18015.939453125
2024-07-16,17727.98046875
2024-07-17,17739.41015625
2024-07-18,17778.41015625
2024-07-19,17417.6796875
2024-07-22,17635.880859375
2024-07-23,17469.359375
2024-07-24,17311.05078125
2024-07-25,17021.91015625
2024-07-26,17021.310546875
2024-07-29,17238.33984375
2024-07-30,17002.91015625
2024-07-31,17344.599609375
2024-08-01,17304.9609375
2024-08-02,16945.509765625
2024-08-05,16698.359375
2024-08-06,16647.33984375
2024-08-07,16877.859375
2024-08-08,16891.830078125
2024-08-09,17090.23046875
2024-08-12,17111.650390625
2024-08-13,17174.060546875
2024-08-14,17113.359375
2024-08-15,17109.140625
2024-08-16,17430.16015625
2024-08-19,17569.5703125
2024-08-20,17511.080078125
2024-08-21,17391.009765625
2024-08-22,17641.0
2024-08-23,17612.099609375
2024-08-26,17798.73046875
2024-08-27,17874.669921875
2024-08-28,17692.44921875
2024-08-29,17786.3203125
2024-08-30,17989.0703125
2024-09-02,17691.970703125
2024-09-03,17651.490234375
2024-09-04,17457.33984375
2024-09-05,17444.30078125
2024-09-09,17196.9609375
2024-09-10,17234.08984375
2024-09-11,17108.7109375
2024-09-12,17240.390625
2024-09-13,17369.08984375
2024-09-16,17422.119140625
2024-09-17,17660.01953125
2024-09-19,18013.16015625
2024-09-20,18258.5703125
2024-09-23,18247.109375
2024-09-24,19000.560546875
2024-09-25,19129.099609375
2024-09-26,19924.580078125
2024-09-27,20632.30078125
2024-09-30,21133.6796875
2024-10-02,22443.73046875
2024-10-03,22113.509765625
2024-10-04,22736.869140625
2024-10-07,23099.779296875
2024-10-08,20926.7890625
2024-10-09,20637.240234375
2024-10-10,21251.98046875
2024-10-14,21092.869140625
2024-10-15,20318.7890625
2024-10-16,20286.849609375
2024-10-17,20079.099609375
2024-10-18,20804.109375
2024-10-21,20478.4609375
2024-10-22,20498.94921875
2024-10-23,20760.150390625
2024-10-24,20489.619140625
2024-10-25,20590.150390625
2024-10-28,20599.359375
2024-10-29,20701.140625
2024-10-30,20380.640625
2024-10-31,20317.330078125
2024-11-01,20506.4296875
2024-11-04,20567.51953125
2024-11-05,21006.970703125
2024-11-06,20538.380859375
2024-11-07,20953.33984375
2024-11-08,20728.189453125
2024-11-11,20426.9296875
2024-11-12,19846.880859375
2024-11-13,19823.44921875
2024-11-14,19435.810546875
2024-11-15,19426.33984375
2024-11-18,19576.609375
2024-11-19,19663.669921875
2024-11-20,19705.009765625
2024-11-21,19601.109375
2024-11-22,19229.970703125
2024-11-25,19150.990234375
2024-11-26,19159.19921875
2024-11-27,19603.130859375
2024-11-28,19366.9609375
2024-11-29,19423.609375
2024-12-02,19550.2890625
2024-12-03,19746.3203125
2024-12-04,19742.4609375
2024-12-05,19560.439453125
2024-12-06,19865.849609375
2024-12-09,20414.08984375
2024-12-10,20311.279296875
2024-12-11,20155.05078125
2024-12-12,20397.05078125
2024-12-13,19971.240234375
2024-12-16,19795.490234375
2024-12-17,19700.48046875
2024-12-18,19864.55078125
2024-12-19,19752.509765625
2024-12-20,19720.69921875
2024-12-23,19883.130859375
2024-12-24,20098.2890625
2024-12-27,20090.4609375
2024-12-30,20041.419921875
2024-12-31,20059.94921875
2025-01-02,19623.3203125
2025-01-03,19760.26953125
2025-01-06,19688.2890625
2025-01-07,19447.580078125
2025-01-08,19279.83984375
2025-01-09,19240.890625
2025-01-10,19064.2890625
2025-01-13,18874.140625
2025-01-14,19219.779296875
2025-01-15,19286.0703125
2025-01-16,19522.890625
2025-01-17,19584.060546875
2025-01-20,19925.810546875
2025-01-21,20106.55078125
2025-01-22,19778.76953125
2025-01-23,19700.560546875
2025-01-24,20066.189453125
2025-01-27,20197.76953125
2025-01-28,20225.109375
2025-02-03,20217.259765625
2025-02-04,20789.9609375
2025-02-05,20597.08984375
2025-02-06,20891.619140625
2025-02-07,21133.5390625
2025-02-10,21521.98046875
2025-02-11,21294.859375
2025-02-12,21857.919921875
2025-02-13,21814.369140625
2025-02-14,22620.330078125
2025-02-17,22616.23046875
2025-02-18,22976.810546875
2025-02-19,22944.240234375
2025-02-20,22576.98046875
2025-02-21,23477.919921875
2025-02-24,23341.609375
2025-02-25,23034.01953125
2025-02-26,23787.9296875
2025-02-27,23718.2890625
2025-02-28,22941.3203125
2025-03-03,23006.26953125
2025-03-04,22941.76953125
2025-03-05,23594.2109375
2025-03-06,24369.7109375
2025-03-07,24231.30078125
2025-03-10,23783.490234375
2025-03-11,23782.140625
2025-03-12,23600.310546875
2025-03-13,23462.650390625
2025-03-14,23959.98046875
2025-03-17,24145.5703125
2025-03-18,24740.5703125
2025-03-19,24771.140625
2025-03-20,24219.94921875
2025-03-21,23689.720703125
2025-03-24,23905.560546875
2025-03-25,23344.25
2025-03-26,23483.3203125
2025-03-27,23578.80078125
2025-03-28,23426.599609375
2025-03-31,23119.580078125
2025-04-01,23206.83984375
2025-04-02,23202.529296875
2025-04-03,22849.810546875
2025-04-07,19828.30078125
2025-04-08,20127.6796875
2025-04-09,20264.490234375
2025-04-10,20681.779296875
2025-04-11,20914.689453125
2025-04-14,21417.400390625
2025-04-15,21466.26953125
2025-04-16,21056.98046875
2025-04-17,21395.140625
2025-04-22,21562.3203125
2025-04-23,22072.619140625
2025-04-24,21909.759765625
2025-04-25,21980.740234375
2025-04-28,21971.9609375
2025-04-29,22008.109375
2025-04-30,22119.41015625
2025-05-02,22504.6796875
2025-05-06,22662.7109375
2025-05-07,22691.880859375
2025-05-08,22775.919921875
2025-05-09,22867.740234375
2025-05-12,23549.4609375
2025-05-13,23108.26953125
2025-05-14,23640.650390625
2025-05-15,23453.16015625
2025-05-16,23345.05078125
2025-05-19,23332.720703125
2025-05-20,23681.48046875
2025-05-21,23827.779296875
2025-05-22,23544.310546875
2025-05-23,23601.259765625
2025-05-26,23282.330078125
2025-05-27,23381.990234375
2025-05-28,23258.310546875
2025-05-29,23573.380859375
2025-05-30,23289.76953125
2025-06-02,23157.970703125
2025-06-03,23512.490234375
2025-06-04,23654.029296875
2025-06-05,23906.970703125
2025-06-06,23792.5390625
2025-06-09,24181.4296875
2025-06-10,24162.869140625
2025-06-11,24366.939453125
2025-06-12,24035.380859375
2025-06-13,23892.560546875
2025-06-16,24060.990234375
2025-06-17,23980.30078125
2025-06-18,23710.689453125
2025-06-19,23237.740234375
2025-06-20,23530.48046875
2025-06-23,23689.130859375
2025-06-24,24177.0703125
2025-06-25,24474.669921875
2025-06-26,24325.400390625
2025-06-27,24284.150390625
2025-06-30,24072.279296875
2025-07-02,24221.41015625
2025-07-03,24069.939453125
2025-07-04,23916.060546875
2025-07-07,23887.830078125
2025-07-08,24148.0703125
2025-07-09,23892.3203125
2025-07-10,24028.369140625
2025-07-11,24139.5703125
2025-07-14,24203.3203125
2025-07-15,24590.119140625
2025-07-16,24517.759765625
2025-07-17,24498.94921875
2025-07-18,24825.66015625
2025-07-21,24994.140625
2025-07-22,25130.029296875
2025-07-23,25538.0703125
2025-07-24,25667.1796875
2025-07-25,25388.349609375
2025-07-28,25562.130859375
2025-07-29,25524.44921875
2025-07-30,25176.9296875
2025-07-31,24773.330078125
2025-08-01,24507.810546875
2025-08-04,24733.44921875
2025-08-05,24902.529296875
2025-08-06,24910.630859375
2025-08-07,25081.630859375
2025-08-08,24858.8203125
2025-08-11,24906.810546875
2025-08-12,24969.6796875
2025-08-13,25613.669921875
2025-08-14,25519.3203125
2025-08-15,25270.0703125
2025-08-18,25176.849609375
2025-08-19,25122.900390625
2025-08-20,25165.939453125
2025-08-21,25104.609375
2025-08-22,25339.140625
2025-08-25,25829.91015625
2025-08-26,25524.919921875
2025-08-27,25201.759765625
2025-08-28,24998.8203125
2025-08-29,25077.619140625
2025-09-01,25617.419921875
2025-09-02,25496.55078125
2025-09-03,25343.4296875
2025-09-04,25058.509765625
2025-09-05,25417.98046875
2025-09-08,25633.91015625
2025-09-09,25938.130859375
2025-09-10,26200.259765625
2025-09-11,26086.3203125
2025-09-12,26388.16015625
2025-09-15,26446.560546875
2025-09-16,26438.509765625
2025-09-17,26908.390625
2025-09-18,26544.849609375
2025-09-19,26545.099609375
2025-09-22,26344.140625
2025-09-23,26159.119140625
2025-09-24,26518.650390625
2025-09-25,26484.6796875
2025-09-26,26128.19921875
2025-09-29,26622.880859375
2025-09-30,26855.560546875
2025-10-02,27287.119140625
2025-10-03,27140.919921875
2025-10-06,26957.76953125
2025-10-08,26829.4609375
2025-10-09,26752.58984375
2025-10-10,26290.3203125
2025-10-13,25889.48046875
2025-10-14,25441.349609375
2025-10-15,25910.599609375
2025-10-16,25888.509765625
2025-10-17,25247.099609375
2025-10-20,25858.830078125
2025-10-21,26027.55078125
2025-10-22,25781.76953125
2025-10-23,25967.98046875
2025-10-24,26160.150390625
2025-10-27,26433.69921875
2025-10-28,26346.140625
2025-10-30,26282.689453125
2025-10-31,25906.650390625
2025-11-03,26158.359375
2025-11-04,25952.400390625
2025-11-05,25935.41015625
2025-11-06,26485.900390625
2025-11-07,26241.830078125
2025-11-10,26649.060546875
2025-11-11,26696.41015625
2025-11-12,26922.73046875
2025-11-13,27073.029296875
2025-11-14,26572.4609375
2025-11-17,26384.279296875
2025-11-18,25930.029296875
2025-11-19,25830.650390625
2025-11-20,25835.5703125
2025-11-21,25220.01953125
2025-11-24,25716.5
2025-11-25,25894.55078125
2025-11-26,25928.080078125
2025-11-27,25945.9296875
2025-11-28,25858.890625
2025-12-01,26033.259765625
2025-12-02,26095.05078125
2025-12-03,25760.73046875
2025-12-04,25935.900390625
2025-12-05,26085.080078125
2025-12-08,25765.359375
2025-12-09,25434.23046875
2025-12-10,25540.779296875
2025-12-11,25530.509765625
2025-12-12,25976.7890625
2025-12-15,25628.880859375
2025-12-16,25235.41015625
2025-12-17,25468.779296875
2025-12-18,25498.130859375
2025-12-19,25690.529296875
2025-12-22,25801.76953125
2025-12-23,25774.140625
2025-12-24,25818.9296875
2025-12-29,25635.23046875
2025-12-30,25854.599609375
2025-12-31,25630.5390625
2026-01-02,26338.470703125
2026-01-05,26347.240234375
2026-01-06,26710.44921875
2026-01-07,26458.94921875
2026-01-08,26149.310546875
2026-01-09,26231.7890625
2026-01-12,26608.48046875
2026-01-13,26848.470703125
2026-01-14,26999.810546875
2026-01-15,26923.619140625
2026-01-16,26844.9609375
2026-01-19,26563.900390625
2026-01-20,26487.509765625
2026-01-21,26585.060546875
2026-01-22,26629.9609375
2026-01-23,26749.509765625
2026-01-26,26765.51953125
2026-01-27,27126.94921875
2026-01-28,27826.91015625
2026-01-29,27968.08984375
2026-01-30,27387.109375
2026-02-02,26775.5703125
2026-02-03,26834.76953125
2026-02-04,26847.3203125
2026-02-05,26885.240234375
2026-02-06,26559.94921875
2026-02-09,27027.16015625
2026-02-10,27183.150390625
2026-02-11,27266.380859375
2026-02-12,27032.5390625
2026-02-13,26567.119140625
2026-02-16,26705.939453125
2026-02-20,26413.349609375
2026-02-23,27081.91015625
2026-02-24,26590.3203125
2026-02-25,26765.720703125
2026-02-26,26381.01953125
2026-02-27,26630.5390625
2026-03-02,26059.849609375
2026-03-03,25768.080078125
2026-03-04,25249.48046875
2026-03-05,25321.33984375
2026-03-06,25757.2890625
2026-03-09,25408.4609375
2026-03-10,25959.900390625
2026-03-11,25898.759765625
2026-03-12,25716.759765625
2026-03-13,25465.599609375
2026-03-16,25834.01953125
2026-03-17,25868.5390625
2026-03-18,26025.419921875
2026-03-19,25500.580078125
2026-03-20,25277.3203125
2026-03-23,24382.470703125
2026-03-24,25063.7109375
2026-03-25,25335.94921875
2026-03-26,24856.4296875
2026-03-27,24951.880859375
2026-03-30,24750.7890625
2026-03-31,24788.140625
2026-04-01,25294.029296875
2026-04-02,25116.529296875
2026-04-08,25893.01953125
2026-04-09,25752.400390625
2026-04-10,25893.5390625
2026-04-13,25660.849609375
2026-04-14,25872.3203125
2026-04-15,25947.3203125
2026-04-16,26394.259765625
2026-04-17,26160.330078125
2026-04-20,26361.0703125
2026-04-21,26487.48046875
2026-04-22,26163.240234375
2026-04-23,25915.19921875
2026-04-24,25978.0703125
2026-04-27,25925.650390625
2026-04-28,25679.779296875
2026-04-29,26111.83984375
2026-04-30,25776.529296875
2026-05-04,26095.880859375
2026-05-05,25898.609375
2026-05-06,26213.779296875
2026-05-07,26626.279296875
2026-05-08,26393.7109375
2026-05-11,26406.83984375
2026-05-12,26347.91015625
2026-05-13,26388.439453125
2026-05-14,26389.0390625
2026-05-15,25962.73046875
2026-05-18,25675.1796875
2026-05-19,25797.849609375
2026-05-20,25651.119140625
2026-05-21,25386.51953125
2026-05-22,25606.029296875
2026-05-26,25599.44921875
2026-05-27,25328.23046875
2026-05-28,25006.16015625
2026-05-29,25182.390625
2026-06-01,25398.1796875
2026-06-02,26038.3203125
2026-06-03,25633.2109375
2026-06-04,25253.400390625
2026-06-05,24961.94921875
2026-06-08,24657.060546875
2026-06-09,24565.900390625
2026-06-10,24407.9609375
2026-06-11,24249.2890625
2026-06-12,24718.099609375
2026-06-15,24842.669921875
2026-06-16,24493.94921875
2026-06-17,24312.16015625
2026-06-18,23924.810546875
2026-06-22,23768.51953125
2026-06-23,23336.279296875
2026-06-24,23412.1796875
2026-06-25,23076.91015625
2026-06-26,22671.859375
2026-06-29,23026.6796875
2026-06-30,22881.01953125
2026-07-02,23055.029296875
2026-07-03,23350.029296875
2026-07-06,23616.3203125
2026-07-07,23496.890625
2026-07-08,24199.4609375
2026-07-09,24030.1796875
2026-07-10,24175.119140625
2026-07-13,24213.720703125
2026-07-14,24340.73046875
2026-07-15,24681.099609375
2026-07-16,25008.599609375
2026-07-17,24562.240234375
2026-07-20,25143.05078125
2026-07-21,25132.2890625
2026-07-22,24892.66015625
2026-07-23,25210.810546875
2026-07-24,24963.23046875
2026-07-27,25207.1796875
2026-07-28,25310.849609375
2026-07-29,25807.919921875
2026-07-30,25858.880859375
2026-07-31,25884.4296875
2026-08-03,26009.400390625
2026-08-04,25852.919921875
2026-08-05,25915.8203125
2026-08-06,25530.279296875
2026-08-07,25668.029296875
2026-08-10,25937.490234375
2026-08-11,25652.8203125
2026-08-12,25440.169921875
2026-08-13,25396.509765625
2026-08-14,25116.849609375
2026-08-17,25453.23046875
2026-08-18,25471.150390625
2026-08-19,25495.0703125
2026-08-20,25698.490234375
