Date,state_raw,state,stressed_prob,fold,spy
2013-02-04,0,0,0.0014431300944369983,0,149.5399932861328
2013-02-05,0,0,0.0014659341497391027,0,151.0500030517578
2013-02-06,0,0,0.0022616354031651594,0,151.16000366210938
2013-02-07,0,0,0.004120931929291622,0,150.9600067138672
2013-02-08,0,0,0.007764817384014399,0,151.8000030517578
2013-02-11,0,0,0.014603590345828808,0,151.77000427246094
2013-02-12,0,0,0.008722697373440589,0,152.02000427246094
2013-02-13,0,0,0.0046101310411302485,0,152.14999389648438
2013-02-14,0,0,0.0038771500273604253,0,152.2899932861328
2013-02-15,0,0,0.007140102914462427,0,152.11000061035156
2013-02-19,0,0,0.009683966528646372,0,153.25
2013-02-20,0,0,0.0021208363423625147,0,151.33999633789062
2013-02-21,0,0,0.0008129864584497302,0,150.4199981689453
2013-02-22,0,0,0.0008694266452219826,0,151.88999938964844
2013-02-25,0,0,0.001531925003333322,0,149.0
2013-02-26,0,0,0.00037969642608585817,0,150.02000427246094
2013-02-27,0,0,0.00030120426078425477,0,151.91000366210938
2013-02-28,0,0,0.00021299759441976868,0,151.61000061035156
2013-03-01,0,0,0.0002008613430484541,0,152.11000061035156
2013-03-04,0,0,0.000331802331205775,0,152.9199981689453
2013-03-05,0,0,0.0003597492622194943,0,154.2899932861328
2013-03-06,0,0,0.00035145048252026214,0,154.5
2013-03-07,0,0,0.0005586073268258584,0,154.77999877929688
2013-03-08,0,0,0.0008896108677654967,0,155.44000244140625
2013-03-11,0,0,0.002149908954938092,0,156.02999877929688
2013-03-12,0,0,0.0012745151016117877,0,155.67999267578125
2013-03-13,0,0,0.0013088723530353574,0,155.89999389648438
2013-03-14,0,0,0.0022762983101673796,0,156.72999572753906
2013-03-15,0,0,0.0032794706612137496,0,155.8300018310547
2013-03-18,0,0,0.0007785880054438242,0,154.97000122070312
2013-03-19,0,0,0.0004549188803193097,0,154.61000061035156
2013-03-20,0,0,0.0008573354657765889,0,155.69000244140625
2013-03-21,0,0,0.00031803145946839793,0,154.36000061035156
2013-03-22,0,0,0.00033105908019167923,0,155.60000610351562
2013-03-25,0,0,0.00033526823870099045,0,154.9499969482422
2013-03-26,0,0,0.0005912132709021919,0,156.19000244140625
2013-03-27,0,0,0.0007633651942990887,0,156.19000244140625
2013-03-28,0,0,0.0009452234891125313,0,156.6699981689453
2013-04-01,0,0,0.0005776909915041312,0,156.0500030517578
2013-04-02,0,0,0.000989805616175596,0,156.82000732421875
2013-04-03,0,0,0.0007215150202208303,0,155.22999572753906
2013-04-04,0,0,0.0007231268463472824,0,155.86000061035156
2013-04-05,0,0,0.0009164503828955232,0,155.16000366210938
2013-04-08,0,0,0.0012117119691213859,0,156.2100067138672
2013-04-09,0,0,0.002055310724823476,0,156.75
2013-04-10,0,0,0.0014084627804363229,0,158.6699981689453
2013-04-11,0,0,0.0013427137600828256,0,159.19000244140625
2013-04-12,0,0,0.0018290637886050518,0,158.8000030517578
2013-04-15,0,0,0.00032030553342283455,0,155.1199951171875
2013-04-16,0,0,0.00036698065696697186,0,157.41000366210938
2013-04-17,0,0,0.0003909950882011145,0,155.11000061035156
2013-04-18,0,0,0.0005178681508310421,0,154.13999938964844
2013-04-19,0,0,0.0003464067836578399,0,155.47999572753906
2013-04-22,0,0,0.0005079934832359068,0,156.1699981689453
2013-04-23,0,0,0.0008577909765271341,0,157.77999877929688
2013-04-24,0,0,0.0010080915004526815,0,157.8800048828125
2013-04-25,0,0,0.0016576817924438597,0,158.52000427246094
2013-04-26,0,0,0.0013872900127473008,0,158.24000549316406
2013-04-29,0,0,0.0019108173763764595,0,159.3000030517578
2013-04-30,0,0,0.0057107073337232086,0,159.67999267578125
2013-05-01,0,0,0.001006695096344325,0,158.27999877929688
2013-05-02,0,0,0.003639599466523174,0,159.75
2013-05-03,0,0,0.004500320709408664,0,161.3699951171875
2013-05-06,0,0,0.005379725520157916,0,161.77999877929688
2013-05-07,0,0,0.0024602820999622896,0,162.60000610351562
2013-05-08,0,0,0.002699137069156374,0,163.33999633789062
2013-05-09,0,0,0.0015888058459075666,0,162.8800048828125
2013-05-10,0,0,0.0009685904695989916,0,163.41000366210938
2013-05-13,0,0,0.0006163069248019675,0,163.5399932861328
2013-05-14,0,0,0.0005238143416808545,0,165.22999572753906
2013-05-15,0,0,0.0011269572460929653,0,166.1199951171875
2013-05-16,0,0,0.0008477976808986897,0,165.33999633789062
2013-05-17,0,0,0.0012030614195667642,0,166.94000244140625
2013-05-20,0,0,0.0007716662006928059,0,166.92999267578125
2013-05-21,0,0,0.000570096602727427,0,167.1699981689453
2013-05-22,0,0,0.0006048867595100043,0,165.92999267578125
2013-05-23,0,0,0.0008944769115279534,0,165.4499969482422
2013-05-24,0,0,0.001134594136054978,0,165.30999755859375
2013-05-28,0,0,0.0032552548997946437,0,166.3000030517578
2013-05-29,0,0,0.012147214560226669,0,165.22000122070312
2013-05-30,0,0,0.004779581305929171,0,165.8300018310547
2013-05-31,0,0,0.2101264875746186,0,163.4499969482422
2013-06-03,1,1,0.9854418705631647,0,164.35000610351562
2013-06-04,1,1,0.9997313255933857,0,163.55999755859375
2013-06-05,1,1,0.9999835860265731,0,161.27000427246094
2013-06-06,1,1,0.999860667148824,0,162.72999572753906
2013-06-07,1,1,0.9997075592659157,0,164.8000030517578
2013-06-10,1,1,0.9985765491131654,0,164.8000030517578
2013-06-11,1,1,0.9990595289659475,0,163.10000610351562
2013-06-12,1,1,0.9988937022147324,0,161.75
2013-06-13,1,1,0.9338381480795342,0,164.2100067138672
2013-06-14,1,1,0.8643902137008167,0,163.17999267578125
2013-06-17,1,1,0.7445187476835973,0,164.44000244140625
2013-06-18,1,1,0.5542070896085349,0,165.74000549316406
2013-06-19,1,1,0.9883197621918007,0,163.4499969482422
2013-06-20,1,1,0.9999874106934987,0,159.39999389648438
2013-06-21,1,1,0.9999923562054729,0,159.07000732421875
2013-06-24,1,1,0.9999999729397103,0,157.05999755859375
2013-06-25,1,1,0.9997319802636994,0,158.57000732421875
2013-06-26,1,1,0.9890942164469285,0,160.13999938964844
2013-06-27,1,1,0.969678812686069,0,161.0800018310547
2013-06-28,1,1,0.842337706284872,0,160.4199981689453
2013-07-01,0,0,0.3510164621359656,0,161.36000061035156
2013-07-02,0,0,0.08732585148108166,0,161.2100067138672
2013-07-03,0,0,0.004896893606807029,0,161.27999877929688
2013-07-05,0,0,0.021068436924049392,0,163.02000427246094
2013-07-08,0,0,0.0022467091936154795,0,163.9499969482422
2013-07-09,0,0,0.0010632762611708334,0,165.1300048828125
2013-07-10,0,0,0.0005751161415161548,0,165.19000244140625
2013-07-11,0,0,0.001074411086380855,0,167.44000244140625
2013-07-12,0,0,0.0005480563451401926,0,167.50999450683594
2013-07-15,0,0,0.0005324000356717403,0,168.14999389648438
2013-07-16,0,0,0.0003962886813551454,0,167.52000427246094
2013-07-17,0,0,0.0005298064773555563,0,167.9499969482422
2013-07-18,0,0,0.0053324289180821235,0,168.8699951171875
2013-07-19,0,0,0.02659244880319807,0,169.1699981689453
2013-07-22,0,0,0.3862230882694013,0,169.5
2013-07-23,1,0,0.9950465863657683,0,169.13999938964844
2013-07-24,1,0,0.8710811281345952,0,168.52000427246094
2013-07-25,0,0,0.2747655084284096,0,168.92999267578125
2013-07-26,0,0,0.024060251811281505,0,169.11000061035156
2013-07-29,0,0,0.002420635434638892,0,168.58999633789062
2013-07-30,0,0,0.0017036021375155402,0,168.58999633789062
2013-07-31,0,0,0.004362039877190096,0,168.7100067138672
2013-08-01,0,0,0.0008565325028224286,0,170.66000366210938
2013-08-02,0,0,0.01368680007087064,0,170.9499969482422
2013-08-05,0,0,0.001319685820824106,1,170.6999969482422
2013-08-06,0,0,0.0009264582129200202,1,169.72999572753906
2013-08-07,0,0,0.0008676856172228737,1,169.17999267578125
2013-08-08,0,0,0.006116944660328384,1,169.8000030517578
2013-08-09,0,0,0.006081783072872695,1,169.30999755859375
2013-08-12,0,0,0.017164224105784005,1,169.11000061035156
2013-08-13,0,0,0.02142281835174209,1,169.61000061035156
2013-08-14,0,0,0.06667832016291557,1,168.74000549316406
2013-08-15,0,0,0.4514587606528931,1,166.3800048828125
2013-08-16,1,0,0.9513439368593777,1,165.8300018310547
2013-08-19,1,0,0.9996024484011576,1,164.77000427246094
2013-08-20,1,0,0.995607980199605,1,165.5800018310547
2013-08-21,1,0,0.9856587356028041,1,164.55999755859375
2013-08-22,1,0,0.9046404416519341,1,166.05999755859375
2013-08-23,1,0,0.6763463912834268,1,166.6199951171875
2013-08-26,0,0,0.2602348096899901,1,166.0
2013-08-27,0,0,0.14277761630772187,1,163.3300018310547
2013-08-28,0,0,0.058083729303832196,1,163.91000366210938
2013-08-29,0,0,0.029935907813104696,1,164.1699981689453
2013-08-30,0,0,0.02613924275341329,1,163.64999389648438
2013-09-03,0,0,0.0168369283041552,1,164.38999938964844
2013-09-04,0,0,0.003405905786426443,1,165.75
2013-09-05,0,0,0.0016383910629095145,1,165.9600067138672
2013-09-06,0,0,0.0016670141694730433,1,166.0399932861328
2013-09-09,0,0,0.0006754730651509932,1,167.6300048828125
2013-09-10,0,0,0.00040498868444070534,1,168.8699951171875
2013-09-11,0,0,0.00045666736734290854,1,169.39999389648438
2013-09-12,0,0,0.0003705150412465562,1,168.9499969482422
2013-09-13,0,0,0.00028647795846747026,1,169.3300018310547
2013-09-16,0,0,0.00027434686036822287,1,170.30999755859375
2013-09-17,0,0,0.0005344492970154665,1,171.07000732421875
2013-09-18,0,0,0.0005770365598079995,1,173.0500030517578
2013-09-19,0,0,0.0007048593775030961,1,172.75999450683594
2013-09-20,0,0,0.0004987123112776847,1,170.72000122070312
2013-09-23,0,0,0.00030026309011133804,1,169.92999267578125
2013-09-24,0,0,0.0002640548189188194,1,169.52999877929688
2013-09-25,0,0,0.00038153183592805947,1,169.0399932861328
2013-09-26,0,0,0.00030425893141278247,1,169.69000244140625
2013-09-27,0,0,0.0002491649949151648,1,168.91000366210938
2013-09-30,0,0,0.0002779799743960903,1,168.00999450683594
2013-10-01,0,0,0.00026051266888216137,1,169.33999633789062
2013-10-02,0,0,0.0002868602829181783,1,169.17999267578125
2013-10-03,0,0,0.0005221836521733538,1,167.6199951171875
2013-10-04,0,0,0.0003276872004872267,1,168.88999938964844
2013-10-07,0,0,0.0007052056383900445,1,167.42999267578125
2013-10-08,0,0,0.001814441601186722,1,165.47999572753906
2013-10-09,0,0,0.0017757317912385942,1,165.60000610351562
2013-10-10,0,0,0.00039314452423328076,1,169.1699981689453
2013-10-11,0,0,0.00038392323958308876,1,170.25999450683594
2013-10-14,0,0,0.00030501046923818307,1,170.94000244140625
2013-10-15,0,0,0.0005744039760261107,1,169.6999969482422
2013-10-16,0,0,0.00036923747024412485,1,172.07000732421875
2013-10-17,0,0,0.0004926479800879182,1,173.22000122070312
2013-10-18,0,0,0.0003737366742335823,1,174.38999938964844
2013-10-21,0,0,0.0002884723923264728,1,174.39999389648438
2013-10-22,0,0,0.00035624226634962253,1,175.41000366210938
2013-10-23,0,0,0.0004512700804063723,1,174.57000732421875
2013-10-24,0,0,0.0005274536320807087,1,175.14999389648438
2013-10-25,0,0,0.0005749098006284337,1,175.9499969482422
2013-10-28,0,0,0.0007115399257725954,1,176.22999572753906
2013-10-29,0,0,0.0008984121083160682,1,177.1699981689453
2013-10-30,0,0,0.0005259573324542054,1,176.2899932861328
2013-10-31,0,0,0.0004751493578404269,1,175.7899932861328
2013-11-01,0,0,0.0002831827857131353,1,176.2100067138672
2013-11-04,0,0,0.0004069469563712791,1,176.8300018310547
2013-11-05,0,0,0.00044578640141887686,1,176.27000427246094
2013-11-06,0,0,0.0005925443761971672,1,177.1699981689453
2013-11-07,0,0,0.00028775911524698866,1,174.92999267578125
2013-11-08,0,0,0.0002737233733047579,1,177.2899932861328
2013-11-11,0,0,0.00031156435860892924,1,177.32000732421875
2013-11-12,0,0,0.000333726253890784,1,176.9600067138672
2013-11-13,0,0,0.00043158433451824795,1,178.3800048828125
2013-11-14,0,0,0.0005174951928269535,1,179.27000427246094
2013-11-15,0,0,0.0006037556831583451,1,180.0500030517578
2013-11-18,0,0,0.00046335173114577617,1,179.4199981689453
2013-11-19,0,0,0.0005989610473152256,1,179.02999877929688
2013-11-20,0,0,0.000721109108450684,1,178.47000122070312
2013-11-21,0,0,0.0005962233431634263,1,179.91000366210938
2013-11-22,0,0,0.0006490826588500164,1,180.80999755859372
2013-11-25,0,0,0.0005037084835948775,1,180.6300048828125
2013-11-26,0,0,0.0005937390835913978,1,180.67999267578125
2013-11-27,0,0,0.0004599783530322505,1,181.1199951171875
2013-11-29,0,0,0.00037051120151055603,1,181.0
2013-12-02,0,0,0.0003236269080597946,1,180.52999877929688
2013-12-03,0,0,0.0003646882317775174,1,179.75
2013-12-04,0,0,0.0003457056970499871,1,179.72999572753906
2013-12-05,0,0,0.0004706615496475786,1,178.94000244140625
2013-12-06,0,0,0.00045839583271403895,1,180.94000244140625
2013-12-09,0,0,0.000876361868593152,1,181.3999938964844
2013-12-10,0,0,0.0009070773460804845,1,180.75
2013-12-11,0,0,0.0005190585113285983,1,178.72000122070312
2013-12-12,0,0,0.0009673774940093565,1,178.1300048828125
2013-12-13,0,0,0.0014630842810598346,1,178.11000061035156
2013-12-16,0,0,0.001183193219475293,1,179.22000122070312
2013-12-17,0,0,0.0011156516751873178,1,178.64999389648438
2013-12-18,0,0,0.00035313014838739515,1,181.6999969482422
2013-12-19,0,0,0.00029233586170644195,1,181.4900054931641
2013-12-20,0,0,0.00046787586144264305,1,181.55999755859372
2013-12-23,0,0,0.0006115908300007652,1,182.52999877929688
2013-12-24,0,0,0.0006932165971380455,1,182.92999267578125
2013-12-26,0,0,0.0007365166420013151,1,183.8600006103516
2013-12-27,0,0,0.0007275645258497666,1,183.8500061035156
2013-12-30,0,0,0.0005138111078085909,1,183.82000732421875
2013-12-31,0,0,0.0003274487478895594,1,184.69000244140625
2014-01-02,0,0,0.0002640643209148163,1,182.9199981689453
2014-01-03,0,0,0.0002926655626099875,1,182.88999938964844
2014-01-06,0,0,0.00032576043030447307,1,182.3600006103516
2014-01-07,0,0,0.0005381358666957808,1,183.47999572753903
2014-01-08,0,0,0.0005919397757666884,1,183.5200042724609
2014-01-09,0,0,0.0005175582622347503,1,183.63999938964844
2014-01-10,0,0,0.000728288400214165,1,184.13999938964844
2014-01-13,0,0,0.0004178557857575649,1,181.69000244140625
2014-01-14,0,0,0.0003738158177307894,1,183.6699981689453
2014-01-15,0,0,0.0004019652141439451,1,184.66000366210935
2014-01-16,0,0,0.0003471770049013505,1,184.4199981689453
2014-01-17,0,0,0.0014695090610196261,1,183.63999938964844
2014-01-21,0,0,0.0011317596582080126,1,184.17999267578125
2014-01-22,0,0,0.0009577355663419883,1,184.3000030517578
2014-01-23,0,0,0.0010771075675430337,1,182.7899932861328
2014-01-24,0,0,0.0008763749969625574,1,178.88999938964844
2014-01-27,0,0,0.0018741327437338774,1,178.00999450683594
2014-01-28,0,0,0.002118860027343954,1,179.07000732421875
2014-01-29,0,0,0.0024514222005923873,1,177.35000610351562
2014-01-30,0,0,0.0015526560797853443,1,179.22999572753906
2014-01-31,0,0,0.0011311493175334263,1,178.17999267578125
2014-02-03,0,0,0.010654448867749319,1,174.1699981689453
2014-02-04,0,0,5.223502360711566e-07,2,175.38999938964844
2014-02-05,0,0,8.961532212749982e-07,2,175.1699981689453
2014-02-06,0,0,4.932802727292784e-07,2,177.47999572753906
2014-02-07,0,0,5.855125268762682e-07,2,179.67999267578125
2014-02-10,0,0,4.780240093253379e-07,2,180.00999450683594
2014-02-11,0,0,2.2588384980677042e-07,2,181.97999572753903
2014-02-12,0,0,1.5374147826682333e-07,2,182.07000732421875
2014-02-13,0,0,1.6524430215532607e-07,2,183.00999450683597
2014-02-14,0,0,1.7374230586656202e-07,2,184.0200042724609
2014-02-18,0,0,1.5148310567690894e-07,2,184.2400054931641
2014-02-19,0,0,1.9042774572512732e-07,2,183.0200042724609
2014-02-20,0,0,2.4406176978881647e-07,2,184.1000061035156
2014-02-21,0,0,1.9565193689173574e-07,2,183.88999938964844
2014-02-24,0,0,6.946177533308014e-08,2,184.91000366210935
2014-02-25,0,0,5.958769514984669e-08,2,184.83999633789065
2014-02-26,0,0,5.449053969831605e-08,2,184.8500061035156
2014-02-27,0,0,6.44640504999054e-08,2,185.82000732421875
2014-02-28,0,0,4.443919693607083e-08,2,186.2899932861328
2014-03-03,0,0,8.581010361099786e-08,2,184.97999572753903
2014-03-04,0,0,8.62208600093489e-08,2,187.5800018310547
2014-03-05,0,0,3.892845162640445e-08,2,187.75
2014-03-06,0,0,5.1832020949570915e-08,2,188.17999267578125
2014-03-07,0,0,1.2054189871092983e-08,2,188.25999450683597
2014-03-10,0,0,5.3884795101202874e-09,2,188.16000366210935
2014-03-11,0,0,6.85706429308114e-09,2,187.22999572753903
2014-03-12,0,0,5.054056707599979e-09,2,187.27999877929688
2014-03-13,0,0,1.7264782697486745e-08,2,185.17999267578125
2014-03-14,0,0,4.8600822531803325e-08,2,184.66000366210935
2014-03-17,0,0,8.305002581438972e-09,2,186.3300018310547
2014-03-18,0,0,4.667598692154406e-09,2,187.66000366210935
2014-03-19,0,0,5.1947027609953925e-09,2,186.66000366210935
2014-03-20,0,0,3.6726160340706745e-09,2,187.75
2014-03-21,0,0,5.092827944931335e-09,2,186.1999969482422
2014-03-24,0,0,5.482319770813278e-09,2,185.42999267578125
2014-03-25,0,0,3.276894959648228e-09,2,186.30999755859372
2014-03-26,0,0,5.615006552838776e-09,2,184.97000122070312
2014-03-27,0,0,4.613928716105479e-09,2,184.5800018310547
2014-03-28,0,0,4.242038804240944e-09,2,185.4900054931641
2014-03-31,0,0,4.23110551934052e-09,2,187.00999450683597
2014-04-01,0,0,1.7992319526452212e-09,2,188.25
2014-04-02,0,0,1.763359455575301e-09,2,188.8800048828125
2014-04-03,0,0,2.707649121100481e-09,2,188.6300048828125
2014-04-04,0,0,1.6351855548142522e-08,2,186.3999938964844
2014-04-07,0,0,3.7326398933448334e-08,2,184.33999633789065
2014-04-08,0,0,2.8705324860364808e-08,2,185.1000061035156
2014-04-09,0,0,1.5385308683273157e-08,2,187.08999633789065
2014-04-10,0,0,6.975893950239419e-08,2,183.16000366210935
2014-04-11,0,0,1.0006395669779882e-07,2,181.50999450683597
2014-04-14,0,0,9.331897478579035e-08,2,182.94000244140625
2014-04-15,0,0,6.86237225761011e-08,2,184.1999969482422
2014-04-16,0,0,6.504929602304854e-08,2,186.1300048828125
2014-04-17,0,0,4.319282460425797e-08,2,186.38999938964844
2014-04-21,0,0,2.2738025794084838e-08,2,187.0399932861328
2014-04-22,0,0,1.8426713222774904e-08,2,187.88999938964844
2014-04-23,0,0,1.8863284802862144e-08,2,187.4499969482422
2014-04-24,0,0,1.2683083280012445e-08,2,187.8300018310547
2014-04-25,0,0,2.266300720755869e-08,2,186.2899932861328
2014-04-28,0,0,1.9043502801518484e-08,2,186.8800048828125
2014-04-29,0,0,1.7469934753021646e-08,2,187.75
2014-04-30,0,0,2.29402956636315e-08,2,188.30999755859372
2014-05-01,0,0,1.6112178927669504e-08,2,188.3300018310547
2014-05-02,0,0,1.9632164326900785e-08,2,188.05999755859372
2014-05-05,0,0,6.230209399418569e-09,2,188.4199981689453
2014-05-06,0,0,7.068099699157113e-09,2,186.77999877929688
2014-05-07,0,0,5.973635483134525e-09,2,187.8800048828125
2014-05-08,0,0,5.381039120228915e-09,2,187.67999267578125
2014-05-09,0,0,1.3943205385129323e-09,2,187.9600067138672
2014-05-12,0,0,1.296268776016982e-09,2,189.7899932861328
2014-05-13,0,0,1.05748010692852e-09,2,189.9600067138672
2014-05-14,0,0,1.3545724914458213e-09,2,189.05999755859372
2014-05-15,0,0,3.818440622782929e-09,2,187.3999938964844
2014-05-16,0,0,4.499170067396161e-09,2,188.0500030517578
2014-05-19,0,0,5.650148337952116e-09,2,188.7400054931641
2014-05-20,0,0,9.369028007061747e-09,2,187.5500030517578
2014-05-21,0,0,3.472480127796394e-09,2,189.1300048828125
2014-05-22,0,0,3.728419227030389e-09,2,189.58999633789065
2014-05-23,0,0,1.6632398694253758e-09,2,190.3500061035156
2014-05-27,0,0,1.780255387859954e-09,2,191.5200042724609
2014-05-28,0,0,2.03688901916853e-09,2,191.3800048828125
2014-05-29,0,0,2.1248917802754372e-09,2,192.3699951171875
2014-05-30,0,0,5.559045539151798e-09,2,192.67999267578125
2014-06-02,0,0,1.0913312329251802e-09,2,192.8999938964844
2014-06-03,0,0,1.3992232096600431e-09,2,192.8000030517578
2014-06-04,0,0,9.628397216326318e-10,2,193.19000244140625
2014-06-05,0,0,8.950356733707997e-10,2,194.4499969482422
2014-06-06,0,0,7.934154348022617e-10,2,195.3800048828125
2014-06-09,0,0,9.518074209449421e-10,2,195.5800018310547
2014-06-10,0,0,1.0077186269155713e-09,2,195.6000061035156
2014-06-11,0,0,1.1992486813747424e-09,2,194.9199981689453
2014-06-12,0,0,1.6067481808295166e-09,2,193.5399932861328
2014-06-13,0,0,1.2563194338387616e-09,2,194.1300048828125
2014-06-16,0,0,1.2647635103930574e-09,2,194.2899932861328
2014-06-17,0,0,7.337653768344237e-10,2,194.8300018310547
2014-06-18,0,0,5.450364965317203e-10,2,196.25999450683597
2014-06-19,0,0,7.11153598687229e-10,2,196.47999572753903
2014-06-20,0,0,9.803576674042196e-10,2,195.94000244140625
2014-06-23,0,0,1.2030490127370443e-09,2,195.8800048828125
2014-06-24,0,0,2.5569238569153303e-09,2,194.6999969482422
2014-06-25,0,0,1.8473186851635644e-09,2,195.5800018310547
2014-06-26,0,0,2.015155740016658e-09,2,195.44000244140625
2014-06-27,0,0,1.5108724153875758e-09,2,195.82000732421875
2014-06-30,0,0,6.165816781392162e-09,2,195.72000122070312
2014-07-01,0,0,1.503507250948496e-09,2,197.02999877929688
2014-07-02,0,0,1.662833857153666e-09,2,197.22999572753903
2014-07-03,0,0,9.175020531894983e-10,2,198.1999969482422
2014-07-07,0,0,1.1335362587042765e-09,2,197.50999450683597
2014-07-08,0,0,1.8369942731226673e-09,2,196.2400054931641
2014-07-09,0,0,1.2095965624675563e-09,2,197.1199951171875
2014-07-10,0,0,1.0813517279659983e-09,2,196.33999633789065
2014-07-11,0,0,8.047415252033095e-10,2,196.6100006103516
2014-07-14,0,0,5.568742354872267e-10,2,197.6000061035156
2014-07-15,0,0,5.86754637659866e-10,2,197.22999572753903
2014-07-16,0,0,3.7955583293204473e-10,2,197.9600067138672
2014-07-17,0,0,1.3542974645020928e-09,2,195.7100067138672
2014-07-18,0,0,4.880502698245662e-10,2,197.7100067138672
2014-07-21,0,0,5.187926231139966e-10,2,197.33999633789065
2014-07-22,0,0,4.1004573467322154e-10,2,198.1999969482422
2014-07-23,0,0,2.810796818739357e-10,2,198.63999938964844
2014-07-24,0,0,3.525079184573287e-10,2,198.6499938964844
2014-07-25,0,0,5.398825243466058e-10,2,197.72000122070312
2014-07-28,0,0,4.456434485452249e-10,2,197.8000030517578
2014-07-29,0,0,6.661802238617094e-10,2,196.9499969482422
2014-07-30,0,0,7.861757395194117e-10,2,196.97999572753903
2014-07-31,0,0,9.756652445329748e-09,2,193.08999633789065
2014-08-01,0,0,1.075916414607514e-08,2,192.5
2014-08-04,0,0,4.083299304448779e-09,2,193.88999938964844
2014-08-05,0,0,1.6457262856378464e-08,3,192.00999450683597
2014-08-06,0,0,1.2751849806260166e-08,3,192.07000732421875
2014-08-07,0,0,1.8609644871802727e-08,3,191.02999877929688
2014-08-08,0,0,1.195974617903329e-08,3,193.2400054931641
2014-08-11,0,0,8.671535720134976e-09,3,193.8000030517578
2014-08-12,0,0,9.14762751404936e-09,3,193.52999877929688
2014-08-13,0,0,1.031077490552573e-08,3,194.83999633789065
2014-08-14,0,0,8.871522941446699e-09,3,195.75999450683597
2014-08-15,0,0,1.1041892139809224e-08,3,195.72000122070312
2014-08-18,0,0,1.1410311394491335e-08,3,197.3600006103516
2014-08-19,0,0,8.59300615882743e-09,3,198.38999938964844
2014-08-20,0,0,6.951210758144912e-09,3,198.9199981689453
2014-08-21,0,0,4.849215074658094e-09,3,199.5
2014-08-22,0,0,3.529057875192165e-09,3,199.19000244140625
2014-08-25,0,0,5.7350753496891205e-09,3,200.1999969482422
2014-08-26,0,0,5.7207844817560505e-09,3,200.3300018310547
2014-08-27,0,0,9.454903621613367e-09,3,200.25
2014-08-28,0,0,7.522480926181516e-09,3,200.13999938964844
2014-08-29,0,0,1.8280895379943398e-08,3,200.7100067138672
2014-09-02,0,0,4.30865060715505e-09,3,200.6100006103516
2014-09-03,0,0,3.456766168578788e-09,3,200.5
2014-09-04,0,0,1.8509724638042782e-09,3,200.2100067138672
2014-09-05,0,0,9.964600043048587e-10,3,201.1100006103516
2014-09-08,0,0,1.0337983400167818e-09,3,200.58999633789065
2014-09-09,0,0,7.934573204352421e-10,3,199.32000732421875
2014-09-10,0,0,5.042197876827092e-10,3,200.07000732421875
2014-09-11,0,0,3.9116170164641403e-10,3,200.3000030517578
2014-09-12,0,0,5.096714665142302e-10,3,199.1300048828125
2014-09-15,0,0,7.814779969985595e-10,3,198.97999572753903
2014-09-16,0,0,2.5970578134203147e-10,3,200.47999572753903
2014-09-17,0,0,3.4170834019261035e-10,3,200.75
2014-09-18,0,0,2.116741034076433e-10,3,201.82000732421875
2014-09-19,0,0,3.412446841239053e-10,3,200.6999969482422
2014-09-22,0,0,1.0733459988473757e-09,3,199.1499938964844
2014-09-23,0,0,2.109667066907139e-09,3,198.00999450683597
2014-09-24,0,0,4.969372031109593e-10,3,199.55999755859372
2014-09-25,0,0,4.059919275664838e-09,3,196.33999633789065
2014-09-26,0,0,2.52503657566718e-09,3,197.8999938964844
2014-09-29,0,0,5.727620628258537e-09,3,197.5399932861328
2014-09-30,0,0,7.802604418968314e-09,3,197.0200042724609
2014-10-01,0,0,1.7600347249350664e-08,3,194.3500061035156
2014-10-02,0,0,1.5353770564663277e-08,3,194.3800048828125
2014-10-03,0,0,9.652328562013269e-09,3,196.5200042724609
2014-10-06,0,0,1.4648244500346303e-08,3,196.2899932861328
2014-10-07,0,0,7.03013274010444e-08,3,193.25999450683597
2014-10-08,0,0,5.041063067078975e-08,3,196.63999938964844
2014-10-09,0,0,6.278305167609218e-07,3,192.7400054931641
2014-10-10,0,0,5.076654805503382e-06,3,190.5399932861328
2014-10-13,0,0,0.0002572871468669826,3,187.41000366210935
2014-10-14,0,0,3.3123448835114726e-05,3,187.6999969482422
2014-10-15,0,0,0.00045783967142570006,3,186.42999267578125
2014-10-16,0,0,0.0004735235157334673,3,186.2700042724609
2014-10-17,0,0,2.376377961612882e-05,3,188.47000122070312
2014-10-20,0,0,3.0205755794893834e-06,3,190.3000030517578
2014-10-21,0,0,6.914004047785331e-06,3,194.07000732421875
2014-10-22,0,0,9.37375640543808e-06,3,192.69000244140625
2014-10-23,0,0,4.9106741877498265e-06,3,194.92999267578125
2014-10-24,0,0,6.010588387005156e-06,3,196.42999267578125
2014-10-27,0,0,4.872907736022583e-06,3,196.16000366210935
2014-10-28,0,0,4.123654309750858e-06,3,198.41000366210935
2014-10-29,0,0,2.860727554544727e-06,3,198.1100006103516
2014-10-30,0,0,2.9530025343009305e-06,3,199.3800048828125
2014-10-31,0,0,2.62321580368746e-06,3,201.66000366210935
2014-11-03,0,0,3.3865661342688682e-06,3,201.7700042724609
2014-11-04,0,0,2.2736538770806505e-06,3,201.07000732421875
2014-11-05,0,0,3.4383821536743016e-07,3,202.33999633789065
2014-11-06,0,0,1.493891867731474e-07,3,203.1499938964844
2014-11-07,0,0,1.705845199658585e-07,3,203.33999633789065
2014-11-10,0,0,1.7476179654094e-07,3,203.97999572753903
2014-11-11,0,0,1.871794100725028e-07,3,204.17999267578125
2014-11-12,0,0,1.8483484724899198e-07,3,203.9600067138672
2014-11-13,0,0,3.2305721178344584e-07,3,204.19000244140625
2014-11-14,0,0,4.993878368689006e-08,3,204.2400054931641
2014-11-17,0,0,4.577043465779926e-08,3,204.3699951171875
2014-11-18,0,0,5.846808716444844e-09,3,205.5500030517578
2014-11-19,0,0,6.008421897285992e-09,3,205.22000122070312
2014-11-20,0,0,1.5371191718052396e-09,3,205.5800018310547
2014-11-21,0,0,6.77871373711954e-10,3,206.67999267578125
2014-11-24,0,0,6.749553199320622e-10,3,207.25999450683597
2014-11-25,0,0,3.162045896796846e-10,3,207.1100006103516
2014-11-26,0,0,3.296493553027992e-10,3,207.63999938964844
2014-11-28,0,0,5.258715817694495e-10,3,207.1999969482422
2014-12-01,0,0,6.799244347533368e-10,3,205.75999450683597
2014-12-02,0,0,2.3042728091884079e-10,3,207.08999633789065
2014-12-03,0,0,2.0644580372866083e-10,3,207.88999938964844
2014-12-04,0,0,1.7711911255233495e-10,3,207.66000366210935
2014-12-05,0,0,1.0967192424981956e-10,3,208.0
2014-12-08,0,0,6.663886029168158e-10,3,206.6100006103516
2014-12-09,0,0,1.987712833408961e-09,3,206.47000122070312
2014-12-10,0,0,1.228238596215909e-07,3,203.16000366210935
2014-12-11,0,0,1.7560567300098279e-06,3,204.19000244140625
2014-12-12,0,0,1.2781409156278413e-05,3,200.88999938964844
2014-12-15,0,0,1.972344108496302e-06,3,199.50999450683597
2014-12-16,0,0,0.00024967524063936714,3,197.91000366210935
2014-12-17,0,0,4.447017581876927e-07,3,201.7899932861328
2014-12-18,0,0,5.196958180296515e-07,3,206.77999877929688
2014-12-19,0,0,2.448136149481898e-07,3,206.5200042724609
2014-12-22,0,0,1.5525466119381605e-07,3,207.47000122070312
2014-12-23,0,0,1.0599973407072439e-07,3,207.75
2014-12-24,0,0,9.908735867654403e-08,3,207.7700042724609
2014-12-26,0,0,1.3172922607348847e-07,3,208.44000244140625
2014-12-29,0,0,1.2150131260266735e-07,3,208.72000122070312
2014-12-30,0,0,1.940826980174615e-07,3,207.6000061035156
2014-12-31,0,0,1.2508380150430882e-06,3,205.5399932861328
2015-01-02,0,0,3.888482470537635e-07,3,205.42999267578125
2015-01-05,0,0,3.5742516771702085e-06,3,201.72000122070312
2015-01-06,0,0,1.0130987759290842e-05,3,199.82000732421875
2015-01-07,0,0,4.360738789751509e-06,3,202.30999755859372
2015-01-08,0,0,5.670969846999562e-06,3,205.8999938964844
2015-01-09,0,0,8.306570237326772e-06,3,204.25
2015-01-12,0,0,3.14655182004349e-05,3,202.6499938964844
2015-01-13,0,0,0.00021693802068228213,3,202.0800018310547
2015-01-14,0,0,0.00042338252979439144,3,200.8600006103516
2015-01-15,0,0,0.0008701191816614267,3,199.0200042724609
2015-01-16,0,0,3.238336825835274e-05,3,201.6300048828125
2015-01-20,0,0,1.159817155744975e-06,3,202.05999755859372
2015-01-21,0,0,3.766206831188537e-07,3,203.0800018310547
2015-01-22,0,0,1.6081848053886725e-07,3,206.1000061035156
2015-01-23,0,0,1.7036624780219113e-07,3,204.97000122070312
2015-01-26,0,0,1.57474580885889e-07,3,205.4499969482422
2015-01-27,0,0,8.050620366054589e-07,3,202.7400054931641
2015-01-28,0,0,6.324558820039007e-06,3,200.13999938964844
2015-01-29,0,0,3.2659934286358948e-06,3,201.9900054931641
2015-01-30,0,0,1.4799321402705624e-05,3,199.4499969482422
2015-02-02,0,0,6.885645378688754e-06,3,201.9199981689453
2015-02-03,0,0,6.585731372171429e-06,3,204.83999633789065
2015-02-04,1,0,0.9999696832983612,4,204.05999755859372
2015-02-05,1,0,0.9999628088054473,4,206.1199951171875
2015-02-06,1,0,0.9998672980376762,4,205.5500030517578
2015-02-09,1,0,0.9998450668698904,4,204.6300048828125
2015-02-10,1,0,0.9996129701796175,4,206.80999755859372
2015-02-11,1,0,0.9994945027186101,4,206.92999267578125
2015-02-12,1,0,0.9993301253666819,4,208.9199981689453
2015-02-13,1,0,0.9970917481475835,4,209.77999877929688
2015-02-17,1,0,0.9925089664942451,4,210.1100006103516
2015-02-18,1,0,0.9937956850668965,4,210.1300048828125
2015-02-19,1,0,0.9951677067457971,4,209.97999572753903
2015-02-20,1,0,0.9901343548964004,4,211.2400054931641
2015-02-23,1,0,0.9795582331459123,4,211.2100067138672
2015-02-24,1,0,0.9785229444517307,4,211.80999755859372
2015-02-25,1,0,0.7928906873132953,4,211.6300048828125
2015-02-26,0,0,0.041447371553024,4,211.3800048828125
2015-02-27,0,0,0.0019624165433015004,4,210.66000366210935
2015-03-02,0,0,2.732671970088454e-05,4,211.9900054931641
2015-03-03,0,0,3.2847474791267485e-05,4,211.1199951171875
2015-03-04,0,0,2.669598051810062e-05,4,210.22999572753903
2015-03-05,0,0,1.777948010013899e-05,4,210.4600067138672
2015-03-06,0,0,0.0002653502477287878,4,207.5
2015-03-09,0,0,0.0001788918785521248,4,208.3600006103516
2015-03-10,0,0,0.004693395042865631,4,204.97999572753903
2015-03-11,0,0,0.004998184201071809,4,204.5
2015-03-12,0,0,0.005956601457113533,4,207.1000061035156
2015-03-13,0,0,0.008395607914372837,4,205.8300018310547
2015-03-16,0,0,0.02321169612178245,4,208.5800018310547
2015-03-17,0,0,0.04581391285888266,4,207.9600067138672
2015-03-18,0,0,0.10253221791026422,4,210.4600067138672
2015-03-19,0,0,0.2691236429585548,4,209.5
2015-03-20,0,0,0.36491353415377775,4,210.41000366210935
2015-03-23,0,0,0.4776193168695185,4,210.0
2015-03-24,1,0,0.6023449002222981,4,208.82000732421875
2015-03-25,1,0,0.9589062475311033,4,205.75999450683597
2015-03-26,1,0,0.9960473889507498,4,205.2700042724609
2015-03-27,1,0,0.9974759151137766,4,205.7400054931641
2015-03-30,1,0,0.9984014938671992,4,208.25
2015-03-31,1,0,0.9990884281612528,4,206.42999267578125
2015-04-01,1,0,0.9990399503723401,4,205.6999969482422
2015-04-02,1,0,0.9990790866228452,4,206.44000244140625
2015-04-06,1,0,0.9966795233248726,4,207.8300018310547
2015-04-07,1,0,0.9963971421862704,4,207.27999877929688
2015-04-08,1,0,0.9601438428793839,4,207.97999572753903
2015-04-09,1,0,0.9144397906338346,4,208.8999938964844
2015-04-10,1,0,0.732283403043987,4,210.0399932861328
2015-04-13,0,0,0.39928574671606365,4,209.08999633789065
2015-04-14,0,0,0.06907512328587902,4,209.4900054931641
2015-04-15,0,0,0.014461814493013765,4,210.42999267578125
2015-04-16,0,0,0.0014046583624720674,4,210.3699951171875
2015-04-17,0,0,0.004807981621637998,4,207.9499969482422
2015-04-20,0,0,0.0047854649977774255,4,209.8500061035156
2015-04-21,0,0,0.00455943163390641,4,209.6000061035156
2015-04-22,0,0,0.002925701402974905,4,210.6300048828125
2015-04-23,0,0,0.00020167434371350958,4,211.16000366210935
2015-04-24,0,0,0.00014310836502214478,4,211.6499938964844
2015-04-27,0,0,0.00022046101498001446,4,210.7700042724609
2015-04-28,0,0,9.279816103204182e-05,4,211.44000244140625
2015-04-29,0,0,3.762174330214792e-05,4,210.57000732421875
2015-04-30,0,0,0.0001641172274850769,4,208.4600067138672
2015-05-01,0,0,0.00023451349249222484,4,210.72000122070312
2015-05-04,0,0,0.0001927266631025439,4,211.32000732421875
2015-05-05,0,0,0.0010041090774748353,4,208.8999938964844
2015-05-06,0,0,0.001808223879967359,4,208.0399932861328
2015-05-07,0,0,0.0017985995082610588,4,208.8699951171875
2015-05-08,0,0,0.0034229017701496948,4,211.6199951171875
2015-05-11,0,0,0.004218089187636982,4,210.6100006103516
2015-05-12,0,0,0.005135690337473811,4,209.97999572753903
2015-05-13,0,0,0.0055431735728335785,4,210.0200042724609
2015-05-14,0,0,0.00984469227554823,4,212.2100067138672
2015-05-15,0,0,0.0022121047908478216,4,212.44000244140625
2015-05-18,0,0,0.0010714013222783568,4,213.1000061035156
2015-05-19,0,0,0.0010307186949218257,4,213.02999877929688
2015-05-20,0,0,0.0009745553673139854,4,212.8800048828125
2015-05-21,0,0,0.0009720971868333723,4,213.5
2015-05-22,0,0,0.001065352717954783,4,212.9900054931641
2015-05-26,0,0,0.003579781124759269,4,210.6999969482422
2015-05-27,0,0,0.005952244959815579,4,212.6999969482422
2015-05-28,0,0,0.005134065055395161,4,212.4600067138672
2015-05-29,0,0,0.002496773523956163,4,211.13999938964844
2015-06-01,0,0,0.001189338308833644,4,211.57000732421875
2015-06-02,0,0,0.0012702949331646054,4,211.3600006103516
2015-06-03,0,0,0.0002215626751293577,4,211.9199981689453
2015-06-04,0,0,0.0004968872768897502,4,210.1300048828125
2015-06-05,0,0,0.0005591177701584458,4,209.7700042724609
2015-06-08,0,0,0.0005180201640530773,4,208.47999572753903
2015-06-09,0,0,0.00023759242553485481,4,208.4499969482422
2015-06-10,0,0,0.0003977214669548991,4,210.9499969482422
2015-06-11,0,0,0.000362813857065321,4,211.6300048828125
2015-06-12,0,0,0.0004621588751297818,4,210.00999450683597
2015-06-15,0,0,0.001515676602838087,4,209.1100006103516
2015-06-16,0,0,0.0010255071525710994,4,210.25
2015-06-17,0,0,0.0008636028369314363,4,210.58999633789065
2015-06-18,0,0,0.0011973739024500594,4,212.77999877929688
2015-06-19,0,0,0.0031108907608295862,4,210.80999755859372
2015-06-22,0,0,0.002946908365911456,4,211.88999938964844
2015-06-23,0,0,0.0008940284329076122,4,212.0399932861328
2015-06-24,0,0,0.0008493232753129398,4,210.5
2015-06-25,0,0,0.0012592397848088185,4,209.8600006103516
2015-06-26,0,0,0.0010733007582676443,4,209.82000732421875
2015-06-29,0,0,0.4553499289853817,4,205.4199981689453
2015-06-30,1,1,0.9153135408249682,4,205.8500061035156
2015-07-01,1,1,0.9752809189370625,4,207.5
2015-07-02,1,1,0.9796175044640293,4,207.30999755859372
2015-07-06,1,1,0.9842132642350271,4,206.72000122070312
2015-07-07,1,1,0.9719107020188338,4,208.0200042724609
2015-07-08,1,1,0.9995813416427808,4,204.52999877929688
2015-07-09,1,1,0.9996796793660905,4,204.8999938964844
2015-07-10,1,1,0.9986787520711581,4,207.47999572753903
2015-07-13,1,1,0.9978215146284573,4,209.7700042724609
2015-07-14,1,1,0.9975134917982612,4,210.67999267578125
2015-07-15,1,1,0.9974120837035446,4,210.6100006103516
2015-07-16,1,1,0.9985909557143537,4,212.3000030517578
2015-07-17,1,1,0.9969603562006563,4,212.47999572753903
2015-07-20,1,1,0.9962415940067503,4,212.58999633789065
2015-07-21,1,1,0.9962055068011645,4,211.75
2015-07-22,1,1,0.9977638738664838,4,211.3699951171875
2015-07-23,1,1,0.996887876876435,4,210.17999267578125
2015-07-24,1,1,0.998425644886532,4,208.0
2015-07-27,1,1,0.9992533818035002,4,206.7899932861328
2015-07-28,1,1,0.9665414465391988,4,209.3300018310547
2015-07-29,1,1,0.9571963638688143,4,210.7700042724609
2015-07-30,1,1,0.8950797492196623,4,210.82000732421875
2015-07-31,1,1,0.8535223860345774,4,210.5
2015-08-03,1,1,0.8334584330783191,4,209.7899932861328
2015-08-04,1,1,0.7600575461308302,4,209.3800048828125
2015-08-05,0,1,0.02058906003092732,5,210.07000732421875
2015-08-06,0,1,0.025605808872322125,5,208.3500061035156
2015-08-07,0,1,0.0928298175025676,5,207.9499969482422
2015-08-10,0,1,0.16990068550400836,5,210.57000732421875
2015-08-11,0,1,0.4980025768055034,5,208.6699981689453
2015-08-12,1,1,0.8207570318811057,5,208.9199981689453
2015-08-13,1,1,0.9614841725175816,5,208.66000366210935
2015-08-14,1,1,0.9657126048958268,5,209.4199981689453
2015-08-17,1,1,0.9356479513007384,5,210.58999633789065
2015-08-18,1,1,0.9426848178561286,5,209.97999572753903
2015-08-19,1,1,0.9965344606932576,5,208.32000732421875
2015-08-20,1,1,0.9999999999952465,5,203.97000122070312
2015-08-21,1,1,1.0,5,197.8300018310547
2015-08-24,1,1,1.0,5,189.5
2015-08-25,1,1,1.0,5,187.2700042724609
2015-08-26,1,1,1.0,5,194.4600067138672
2015-08-27,1,1,1.0,5,199.2700042724609
2015-08-28,1,1,1.0,5,199.27999877929688
2015-08-31,1,1,1.0,5,197.6699981689453
2015-09-01,1,1,1.0,5,191.7700042724609
2015-09-02,1,1,1.0,5,195.41000366210935
2015-09-03,1,1,1.0,5,195.5500030517578
2015-09-04,1,1,1.0,5,192.58999633789065
2015-09-08,1,1,1.0,5,197.42999267578125
2015-09-09,1,1,1.0,5,194.7899932861328
2015-09-10,1,1,1.0,5,195.8500061035156
2015-09-11,1,1,1.0,5,196.7400054931641
2015-09-14,1,1,1.0,5,196.00999450683597
2015-09-15,1,1,1.0,5,198.4600067138672
2015-09-16,1,1,0.9999999999990621,5,200.17999267578125
2015-09-17,1,1,0.9999999999899707,5,199.72999572753903
2015-09-18,1,1,0.9999999999999858,5,195.4499969482422
2015-09-21,1,1,0.9999994031384252,5,196.4600067138672
2015-09-22,1,1,0.9999999997125784,5,193.91000366210935
2015-09-23,1,1,0.9999999792198724,5,193.6000061035156
2015-09-24,1,1,1.0,5,192.8999938964844
2015-09-25,1,1,1.0,5,192.8500061035156
2015-09-28,1,1,1.0,5,188.00999450683597
2015-09-29,1,1,1.0,5,188.1199951171875
2015-09-30,1,1,1.0,5,191.6300048828125
2015-10-01,1,1,1.0,5,192.1300048828125
2015-10-02,1,1,0.9999999999997726,5,195.0
2015-10-05,1,1,0.9999991919144474,5,198.47000122070312
2015-10-06,1,1,0.9999999946450728,5,197.7899932861328
2015-10-07,1,1,0.9999633928003163,5,199.41000366210935
2015-10-08,1,1,0.9987484949408285,5,201.2100067138672
2015-10-09,1,1,0.9983372922253396,5,201.3300018310547
2015-10-12,1,1,0.9896355905818955,5,201.5200042724609
2015-10-13,1,1,0.9999519355899921,5,200.25
2015-10-14,1,1,0.9999975282320234,5,199.2899932861328
2015-10-15,1,1,0.9962199479578534,5,202.3500061035156
2015-10-16,1,1,0.7227247612545362,5,203.2700042724609
2015-10-19,0,1,0.23542541383513205,5,203.3699951171875
2015-10-20,0,1,0.016357305936785506,5,203.1100006103516
2015-10-21,0,1,0.03035991642013115,5,201.8500061035156
2015-10-22,0,1,0.0002450365293258779,5,205.25999450683597
2015-10-23,0,1,3.6257936796363635e-05,5,207.50999450683597
2015-10-26,0,1,4.832901655441305e-05,5,207.0
2015-10-27,0,1,4.314028812226014e-05,5,206.6000061035156
2015-10-28,0,1,4.7752649330423624e-05,5,208.9499969482422
2015-10-29,0,1,0.0003694897669246337,5,208.8300018310547
2015-10-30,0,1,0.016217029274600076,5,207.92999267578125
2015-11-02,0,1,0.00136243913858269,5,210.38999938964844
2015-11-03,0,1,0.0005085163825139168,5,211.0
2015-11-04,0,1,0.0030617000865183893,5,210.3600006103516
2015-11-05,0,1,0.004194540520634629,5,210.1499938964844
2015-11-06,0,1,0.0028584530406099706,5,210.0399932861328
2015-11-09,0,1,0.2686669665788202,5,208.0800018310547
2015-11-10,0,1,0.07915653697296968,5,208.55999755859372
2015-11-11,0,1,0.1069518672852375,5,207.7400054931641
2015-11-12,1,1,0.9999800918453512,5,204.83999633789065
2015-11-13,1,1,0.9999999999993552,5,202.5399932861328
2015-11-16,1,1,0.9999990974662096,5,205.6199951171875
2015-11-17,1,1,0.9999999599130839,5,205.47000122070312
2015-11-18,1,1,0.997669615336069,5,208.72999572753903
2015-11-19,1,1,0.9999587885656163,5,208.5500030517578
2015-11-20,1,1,0.999768870482949,5,209.30999755859372
2015-11-23,1,1,0.9997826444527224,5,209.07000732421875
2015-11-24,1,1,0.9995532905073474,5,209.3500061035156
2015-11-25,1,1,0.999432855031267,5,209.32000732421875
2015-11-27,1,1,0.9984117933630536,5,209.55999755859372
2015-11-30,1,1,0.9998448218608934,5,208.69000244140625
2015-12-01,1,1,0.9959734309795266,5,210.67999267578125
2015-12-02,1,1,0.9999061735414313,5,208.52999877929688
2015-12-03,1,1,0.9999999928798662,5,205.6100006103516
2015-12-04,1,1,0.9993067493934583,5,209.6199951171875
2015-12-07,1,1,0.9999158911449938,5,208.3500061035156
2015-12-08,1,1,0.9999997967677452,5,206.9499969482422
2015-12-09,1,1,0.999999999986092,5,205.33999633789065
2015-12-10,1,1,0.9999999998456133,5,205.8699951171875
2015-12-11,1,1,1.0,5,201.8800048828125
2015-12-14,1,1,1.0,5,202.8999938964844
2015-12-15,1,1,0.9999999999999911,5,205.02999877929688
2015-12-16,1,1,0.9999978784896084,5,208.02999877929688
2015-12-17,1,1,0.9999999999646025,5,204.8600006103516
2015-12-18,1,1,1.0,5,200.0200042724609
2015-12-21,1,1,0.9999999999754685,5,201.6699981689453
2015-12-22,1,1,0.9999986144319883,5,203.5
2015-12-23,1,1,0.9999591468242172,5,206.0200042724609
2015-12-24,1,1,0.999989982952179,5,205.67999267578125
2015-12-28,1,1,0.9999998365063609,5,205.2100067138672
2015-12-29,1,1,0.9999905609648896,5,207.3999938964844
2015-12-30,1,1,0.9999998023737486,5,205.92999267578125
2015-12-31,1,1,0.9999999796780339,5,203.8699951171875
2016-01-04,1,1,0.9999999999999467,5,201.0200042724609
2016-01-05,1,1,0.9999999999930225,5,201.3600006103516
2016-01-06,1,1,0.9999999999999991,5,198.82000732421875
2016-01-07,1,1,1.0,5,194.0500030517578
2016-01-08,1,1,1.0,5,191.9199981689453
2016-01-11,1,1,1.0,5,192.1100006103516
2016-01-12,1,1,1.0,5,193.66000366210935
2016-01-13,1,1,1.0,5,188.8300018310547
2016-01-14,1,1,1.0,5,191.92999267578125
2016-01-15,1,1,1.0,5,187.80999755859372
2016-01-19,1,1,1.0,5,188.05999755859372
2016-01-20,1,1,1.0,5,185.6499938964844
2016-01-21,1,1,1.0,5,186.69000244140625
2016-01-22,1,1,1.0,5,190.5200042724609
2016-01-25,1,1,1.0,5,187.63999938964844
2016-01-26,1,1,1.0,5,190.1999969482422
2016-01-27,1,1,1.0,5,188.1300048828125
2016-01-28,1,1,1.0,5,189.1100006103516
2016-01-29,1,1,0.9999999999998721,5,193.72000122070312
2016-02-01,1,1,0.9999999999994085,5,193.6499938964844
2016-02-02,1,1,1.0,5,190.16000366210935
2016-02-03,1,1,1.0,5,191.3000030517578
2016-02-04,1,1,0.9999999999997256,6,191.6000061035156
2016-02-05,1,1,1.0,6,187.9499969482422
2016-02-08,1,1,1.0,6,185.4199981689453
2016-02-09,1,1,1.0,6,185.42999267578125
2016-02-10,1,1,1.0,6,185.2700042724609
2016-02-11,1,1,1.0,6,182.8600006103516
2016-02-12,1,1,1.0,6,186.6300048828125
2016-02-16,1,1,1.0,6,189.77999877929688
2016-02-17,1,1,1.0,6,192.8800048828125
2016-02-18,1,1,0.999999999999992,6,192.08999633789065
2016-02-19,1,1,0.9999999999992504,6,192.0
2016-02-22,1,1,0.9999999999546869,6,194.77999877929688
2016-02-23,1,1,0.9999999999971356,6,192.32000732421875
2016-02-24,1,1,0.9999999999812177,6,193.1999969482422
2016-02-25,1,1,0.9999999999448441,6,195.5399932861328
2016-02-26,1,1,0.999999999892685,6,195.08999633789065
2016-02-29,1,1,0.9999998641940365,6,193.55999755859372
2016-03-01,1,1,0.9999921255997939,6,198.1100006103516
2016-03-02,1,1,0.9999899871861275,6,199.0
2016-03-03,1,1,0.9999725901752231,6,199.77999877929688
2016-03-04,1,1,0.9999800011863196,6,200.42999267578125
2016-03-07,1,1,0.9999976768498373,6,200.58999633789065
2016-03-08,1,1,0.9999999689601151,6,198.3999938964844
2016-03-09,1,1,0.9999999741754756,6,199.3800048828125
2016-03-10,1,1,0.999999987844113,6,199.5399932861328
2016-03-11,1,1,0.9999999986851229,6,202.75999450683597
2016-03-14,1,1,0.9999997623155144,6,202.5
2016-03-15,1,1,0.9999917983647126,6,202.1699981689453
2016-03-16,1,1,0.9995497577862759,6,203.33999633789065
2016-03-17,1,1,0.9997327612667174,6,204.6300048828125
2016-03-18,1,1,0.9996309224408968,6,204.3800048828125
2016-03-21,1,1,0.9956678865832492,6,204.6699981689453
2016-03-22,1,1,0.994588740265829,6,204.55999755859372
2016-03-23,1,1,0.9920489150038408,6,203.2100067138672
2016-03-24,1,1,0.9379707700662346,6,203.1199951171875
2016-03-28,1,1,0.8020632095560439,6,203.2400054931641
2016-03-29,1,1,0.725004205072116,6,205.1199951171875
2016-03-30,0,0,0.08097105237402355,6,206.0200042724609
2016-03-31,0,0,0.0037066108660080525,6,205.5200042724609
2016-04-01,0,0,0.0003719735159698725,6,206.9199981689453
2016-04-04,0,0,0.00047159636960553944,6,206.25
2016-04-05,0,0,0.001350008281779226,6,204.19000244140625
2016-04-06,0,0,0.0008259911572559265,6,206.4199981689453
2016-04-07,0,0,0.005149651292294083,6,203.9499969482422
2016-04-08,0,0,0.0023505797993413147,6,204.5
2016-04-11,0,0,0.003070436532592645,6,204.0200042724609
2016-04-12,0,0,0.0006003623951814962,6,205.9199981689453
2016-04-13,0,0,0.000509522835289402,6,208.0
2016-04-14,0,0,0.0002818251416220113,6,208.00999450683597
2016-04-15,0,0,0.00019207659804860837,6,207.77999877929688
2016-04-18,0,0,0.0002310670056824451,6,209.2400054931641
2016-04-19,0,0,0.00024543669498939104,6,209.8999938964844
2016-04-20,0,0,0.00032365757298155856,6,210.1000061035156
2016-04-21,0,0,0.0005368606967084453,6,208.97000122070312
2016-04-22,0,0,0.00085492888502765,6,208.97000122070312
2016-04-25,0,0,0.0017867849906591231,6,208.6100006103516
2016-04-26,0,0,0.00285995019437134,6,208.9199981689453
2016-04-27,0,0,0.0061477431619277115,6,209.3500061035156
2016-04-28,0,0,0.01722625521755571,6,207.4499969482422
2016-04-29,1,0,0.6164909758034621,6,206.3300018310547
2016-05-02,1,0,0.6875623864665747,6,207.97000122070312
2016-05-03,1,0,0.7905733163791451,6,206.16000366210935
2016-05-04,1,0,0.756285371445082,6,205.00999450683597
2016-05-05,1,0,0.7966284663450851,6,204.97000122070312
2016-05-06,0,0,0.23127938734797066,6,205.72000122070312
2016-05-09,0,0,0.012320750761766858,6,205.88999938964844
2016-05-10,0,0,0.0005982271510992757,6,208.4499969482422
2016-05-11,0,0,0.0006656794715179047,6,206.5
2016-05-12,0,0,0.0007211700548639142,6,206.55999755859372
2016-05-13,0,0,0.0010935127637157847,6,204.75999450683597
2016-05-16,0,0,0.0006029940867737732,6,206.77999877929688
2016-05-17,0,0,0.0011275398591251474,6,204.8500061035156
2016-05-18,0,0,0.0015118376848389451,6,204.91000366210935
2016-05-19,0,0,0.0024912762659211334,6,204.1999969482422
2016-05-20,0,0,0.0005678413549768338,6,205.4900054931641
2016-05-23,0,0,0.0014617604903437071,6,205.2100067138672
2016-05-24,0,0,0.0003567541001731556,6,207.8699951171875
2016-05-25,0,0,0.0002483596356706724,6,209.27999877929688
2016-05-26,0,0,0.0002562818031254649,6,209.33999633789065
2016-05-27,0,0,0.0004246076586390162,6,210.2400054931641
2016-05-31,0,0,0.0002586402942821883,6,209.83999633789065
2016-06-01,0,0,0.000332035657727599,6,210.2700042724609
2016-06-02,0,0,0.00031371061656569133,6,210.91000366210935
2016-06-03,0,0,0.0002629158643005708,6,210.27999877929688
2016-06-06,0,0,0.000371974603384677,6,211.3500061035156
2016-06-07,0,0,0.0009413826625651244,6,211.67999267578125
2016-06-08,0,0,0.0007682977578364777,6,212.3699951171875
2016-06-09,0,0,0.0009687937772353352,6,212.0800018310547
2016-06-10,0,0,0.02506637881163526,6,210.07000732421875
2016-06-13,1,1,0.9999771719732264,6,208.4499969482422
2016-06-14,1,1,0.9999995191707011,6,208.0399932861328
2016-06-15,1,1,0.9999992935929009,6,207.75
2016-06-16,1,1,0.999988913741821,6,208.3699951171875
2016-06-17,1,1,0.9999833118148469,6,206.5200042724609
2016-06-20,1,1,0.9995555417247025,6,207.8500061035156
2016-06-21,1,1,0.9997988699284411,6,208.44000244140625
2016-06-22,1,1,0.9999999934070818,6,208.1000061035156
2016-06-23,1,1,0.9950052442838145,6,210.80999755859372
2016-06-24,1,1,1.0,6,203.2400054931641
2016-06-27,1,1,0.9999999999814699,6,199.6000061035156
2016-06-28,1,1,0.9997492998499377,6,203.1999969482422
2016-06-29,1,1,0.9977500634335194,6,206.66000366210935
2016-06-30,1,1,0.9976855302882867,6,209.47999572753903
2016-07-01,1,1,0.9971372773520829,6,209.9199981689453
2016-07-05,1,1,0.9982192770456881,6,208.41000366210935
2016-07-06,1,1,0.9986601038606422,6,209.66000366210935
2016-07-07,1,1,0.9986121338955177,6,209.52999877929688
2016-07-08,1,1,0.9993902375341538,6,212.6499938964844
2016-07-11,1,1,0.9992195960430656,6,213.3999938964844
2016-07-12,1,1,0.9994589808260895,6,214.9499969482422
2016-07-13,1,1,0.9995435454531397,6,214.9199981689453
2016-07-14,1,1,0.9997338035579912,6,216.1199951171875
2016-07-15,1,1,0.9997079629095813,6,215.8300018310547
2016-07-18,1,1,0.9997917090758907,6,216.41000366210935
2016-07-19,1,1,0.9998545677357926,6,216.19000244140625
2016-07-20,1,1,0.9999149251307642,6,217.08999633789065
2016-07-21,1,1,0.9998672216259672,6,216.2700042724609
2016-07-22,1,1,0.9997118915430202,6,217.2400054931641
2016-07-25,1,1,0.9676954778863627,6,216.6499938964844
2016-07-26,1,1,0.965081423406045,6,216.75
2016-07-27,1,1,0.7012052607041946,6,216.5200042724609
2016-07-28,0,0,0.06953332728006631,6,216.7700042724609
2016-07-29,0,0,0.0015196397125918177,6,217.1199951171875
2016-08-01,0,0,0.0003072825931016408,6,216.94000244140625
2016-08-02,0,0,0.00034587013489649623,6,215.5500030517578
2016-08-03,0,0,0.00023858061783967125,6,216.17999267578125
2016-08-04,0,0,0.0002574214791968232,7,216.41000366210935
2016-08-05,0,0,0.00020674840008137645,7,218.17999267578125
2016-08-08,0,0,0.00023337269655289192,7,218.0500030517578
2016-08-09,0,0,0.00036293592772453933,7,218.17999267578125
2016-08-10,0,0,0.0003693358722334148,7,217.63999938964844
2016-08-11,0,0,0.0005366631267801452,7,218.6499938964844
2016-08-12,0,0,0.0008940030620131947,7,218.4600067138672
2016-08-15,0,0,0.0007079361956551288,7,219.08999633789065
2016-08-16,0,0,0.0006022452957447274,7,217.9600067138672
2016-08-17,0,0,0.0007715993623847886,7,218.3699951171875
2016-08-18,0,0,0.002278894243599646,7,218.8600006103516
2016-08-19,0,0,0.0013620528572857965,7,218.5399932861328
2016-08-22,0,0,0.0010275567583855408,7,218.52999877929688
2016-08-23,0,0,0.0036793708043930166,7,218.97000122070312
2016-08-24,0,0,0.0011903348941530959,7,217.8500061035156
2016-08-25,0,0,0.004641382714307698,7,217.6999969482422
2016-08-26,0,0,0.004717773467594605,7,217.2899932861328
2016-08-29,0,0,0.15498570367826076,7,218.3600006103516
2016-08-30,1,0,0.7296516989967404,7,218.0
2016-08-31,1,0,0.8001040729626616,7,217.3800048828125
2016-09-01,0,0,0.3845742283180126,7,217.38999938964844
2016-09-02,1,0,0.5186205506407725,7,218.3699951171875
2016-09-06,0,0,0.28339951524723095,7,219.02999877929688
2016-09-07,0,0,0.0407322314702607,7,219.00999450683597
2016-09-08,0,0,0.004660912389707981,7,218.50999450683597
2016-09-09,0,0,0.003921734026638021,7,213.27999877929688
2016-09-12,0,0,0.0002324969997156399,7,216.33999633789065
2016-09-13,0,0,0.0058084577373943855,7,213.22999572753903
2016-09-14,0,0,0.016537091127496524,7,213.1499938964844
2016-09-15,0,0,0.0017394125458318358,7,215.27999877929688
2016-09-16,0,0,0.0004157929207168908,7,213.3699951171875
2016-09-19,0,0,0.00040704214414426877,7,213.41000366210935
2016-09-20,0,0,0.0005262260397298321,7,213.4199981689453
2016-09-21,0,0,0.0006582217403633781,7,215.82000732421875
2016-09-22,0,0,0.002085064619211023,7,217.17999267578125
2016-09-23,0,0,0.001897489364720126,7,215.9900054931641
2016-09-26,0,0,0.0007326693019518689,7,214.2400054931641
2016-09-27,0,0,0.0011667586278718688,7,215.57000732421875
2016-09-28,0,0,0.0024470768143658827,7,216.63999938964844
2016-09-29,0,0,0.0013167284400030577,7,214.67999267578125
2016-09-30,0,0,0.0027859379058948978,7,216.3000030517578
2016-10-03,0,0,0.001801405721351763,7,215.77999877929688
2016-10-04,0,0,0.0018488693884297575,7,214.67999267578125
2016-10-05,0,0,0.003505878788210144,7,215.6300048828125
2016-10-06,0,0,0.004426283215783605,7,215.77999877929688
2016-10-07,0,0,0.0007526176834794802,7,215.0399932861328
2016-10-10,0,0,0.0006652803535770555,7,216.16000366210935
2016-10-11,0,0,0.0012557936396938856,7,213.42999267578125
2016-10-12,0,0,0.002113183227095245,7,213.7100067138672
2016-10-13,0,0,0.0023828720190391013,7,213.00999450683597
2016-10-14,0,0,0.001470377042495843,7,213.1199951171875
2016-10-17,0,0,0.0012527168296567438,7,212.3800048828125
2016-10-18,0,0,0.0007871743730993909,7,213.7100067138672
2016-10-19,0,0,0.0003594053081311086,7,214.27999877929688
2016-10-20,0,0,0.0004553402285362754,7,213.8800048828125
2016-10-21,0,0,0.0003827802195947539,7,213.97999572753903
2016-10-24,0,0,0.0003799940008079654,7,214.88999938964844
2016-10-25,0,0,0.000441680038446906,7,214.1699981689453
2016-10-26,0,0,0.0001806549432293085,7,213.7400054931641
2016-10-27,0,0,0.00036879668516675434,7,213.1699981689453
2016-10-28,0,0,0.0009948309054062965,7,212.5399932861328
2016-10-31,0,0,0.004885711787452761,7,212.5500030517578
2016-11-01,0,0,0.16524494974110804,7,211.00999450683597
2016-11-02,1,0,0.9342157901219101,7,209.7400054931641
2016-11-03,1,0,0.9999999476351102,7,208.77999877929688
2016-11-04,1,0,0.999999998900055,7,208.5500030517578
2016-11-07,1,0,0.9958673157829221,7,213.1499938964844
2016-11-08,1,0,0.9994874763053877,7,214.1100006103516
2016-11-09,1,0,0.7851958856254292,7,216.3800048828125
2016-11-10,1,0,0.9625955706379564,7,216.9199981689453
2016-11-11,1,0,0.9994124222483356,7,216.4199981689453
2016-11-14,1,0,0.9984240332314513,7,216.58999633789065
2016-11-15,1,0,0.9486500600589846,7,218.27999877929688
2016-11-16,1,0,0.9619064487950585,7,217.8699951171875
2016-11-17,1,0,0.9966088086300633,7,218.9900054931641
2016-11-18,1,0,0.996205261951303,7,218.5
2016-11-21,1,0,0.981710092983488,7,220.1499938964844
2016-11-22,1,0,0.9199629566166619,7,220.5800018310547
2016-11-23,1,0,0.8723730622260696,7,220.6999969482422
2016-11-25,1,0,0.8198485676897008,7,221.5200042724609
2016-11-28,1,0,0.6004902755809776,7,220.47999572753903
2016-11-29,0,0,0.32061416990048625,7,220.91000366210935
2016-11-30,0,0,0.09589184140629593,7,220.3800048828125
2016-12-01,0,0,0.15988979056701844,7,219.57000732421875
2016-12-02,0,0,0.2674449066570928,7,219.67999267578125
2016-12-05,0,0,0.21974313619832334,7,221.0
2016-12-06,0,0,0.007309815753313169,7,221.6999969482422
2016-12-07,0,0,0.0014613832783223354,7,224.6000061035156
2016-12-08,0,0,0.0005106142693237099,7,225.1499938964844
2016-12-09,0,0,0.0019919758894910533,7,226.50999450683597
2016-12-12,0,0,0.011322411528657109,7,226.25
2016-12-13,0,0,0.007244332032389949,7,227.75999450683597
2016-12-14,0,0,0.0004969590980547251,7,225.8800048828125
2016-12-15,0,0,0.000519463596916513,7,226.80999755859372
2016-12-16,0,0,0.0003689624799086637,7,225.0399932861328
2016-12-19,0,0,0.0005928153697125731,7,225.52999877929688
2016-12-20,0,0,0.0003294535433287638,7,226.3999938964844
2016-12-21,0,0,0.000238478967980712,7,225.7700042724609
2016-12-22,0,0,0.00026809760061903836,7,225.3800048828125
2016-12-23,0,0,0.0003024951448061871,7,225.7100067138672
2016-12-27,0,0,0.00019432575544060224,7,226.2700042724609
2016-12-28,0,0,0.00015477445702820428,7,224.3999938964844
2016-12-29,0,0,0.00017918235225357324,7,224.3500061035156
2016-12-30,0,0,0.0007579705739910991,7,223.52999877929688
2017-01-03,0,0,0.0003909626964744142,7,225.2400054931641
2017-01-04,0,0,0.0007740040718976335,7,226.5800018310547
2017-01-05,0,0,0.0003893619931727653,7,226.3999938964844
2017-01-06,0,0,0.00045374275421012717,7,227.2100067138672
2017-01-09,0,0,0.0005527134548941994,7,226.4600067138672
2017-01-10,0,0,0.0011796724861919026,7,226.4600067138672
2017-01-11,0,0,0.0014424364970615925,7,227.1000061035156
2017-01-12,0,0,0.002525543117185929,7,226.52999877929688
2017-01-13,0,0,0.007616953754554174,7,227.0500030517578
2017-01-17,0,0,0.010101282544304388,7,226.25
2017-01-18,0,0,0.002851100473738721,7,226.75
2017-01-19,0,0,0.0009278616037672478,7,225.91000366210935
2017-01-20,0,0,0.0022915630034315527,7,226.7400054931641
2017-01-23,0,0,0.001349641797436199,7,226.1499938964844
2017-01-24,0,0,0.001235783698255166,7,227.6000061035156
2017-01-25,0,0,0.0009155541952267377,7,229.57000732421875
2017-01-26,0,0,0.0016803072827922014,7,229.3300018310547
2017-01-27,0,0,0.0020032981613368026,7,228.97000122070312
2017-01-30,0,0,0.0004463877056366844,7,227.5500030517578
2017-01-31,0,0,0.0002858267742605078,7,227.52999877929688
2017-02-01,0,0,0.0003044628200358366,7,227.6199951171875
2017-02-02,0,0,0.0002711275776786982,7,227.7700042724609
2017-02-03,0,0,8.857010628852162e-05,8,229.33999633789065
2017-02-06,0,0,7.258741565056361e-05,8,228.92999267578125
2017-02-07,0,0,8.07222251757958e-05,8,228.94000244140625
2017-02-08,0,0,7.638498230444309e-05,8,229.2400054931641
2017-02-09,0,0,9.797244931324398e-05,8,230.6000061035156
2017-02-10,0,0,0.00011978959118164833,8,231.50999450683597
2017-02-13,0,0,0.00012700391072279597,8,232.7700042724609
2017-02-14,0,0,0.00021627835596359378,8,233.6999969482422
2017-02-15,0,0,0.00031562574720700855,8,234.9199981689453
2017-02-16,0,0,0.0003747078593657492,8,234.72000122070312
2017-02-17,0,0,0.0002827417544060717,8,235.08999633789065
2017-02-21,0,0,0.0007497356214984888,8,236.4900054931641
2017-02-22,0,0,0.0003272912738967324,8,236.27999877929688
2017-02-23,0,0,0.0001554393229092528,8,236.44000244140625
2017-02-24,0,0,0.00017256820202320812,8,236.7400054931641
2017-02-27,0,0,0.00028780656009650963,8,237.1100006103516
2017-02-28,0,0,0.0009127499827778154,8,236.47000122070312
2017-03-01,0,0,0.005365127704222353,8,239.77999877929688
2017-03-02,0,0,0.0015538074242008614,8,238.2700042724609
2017-03-03,0,0,0.0010649397227734075,8,238.4199981689453
2017-03-06,0,0,0.00036425948597846675,8,237.7100067138672
2017-03-07,0,0,0.0004157208246754521,8,237.0
2017-03-08,0,0,0.0005049875845451218,8,236.55999755859372
2017-03-09,0,0,0.0007412424278172423,8,236.8600006103516
2017-03-10,0,0,0.0005958643400878826,8,237.69000244140625
2017-03-13,0,0,0.00044532782790300773,8,237.80999755859372
2017-03-14,0,0,0.0003410778546519802,8,236.8999938964844
2017-03-15,0,0,0.00016458521116269553,8,238.9499969482422
2017-03-16,0,0,0.00015727721792511024,8,238.47999572753903
2017-03-17,0,0,0.0001282193398466001,8,237.02999877929688
2017-03-20,0,0,0.00014560619901900587,8,236.7700042724609
2017-03-21,0,0,0.00024279411285639432,8,233.72999572753903
2017-03-22,0,0,0.00017307822614357843,8,234.27999877929688
2017-03-23,0,0,0.00017678852600222522,8,234.02999877929688
2017-03-24,0,0,0.00014895005468859763,8,233.8600006103516
2017-03-27,0,0,0.0002231987203517014,8,233.6199951171875
2017-03-28,0,0,0.00020028966903354623,8,235.32000732421875
2017-03-29,0,0,0.0002909135283295555,8,235.5399932861328
2017-03-30,0,0,0.00010287210837649896,8,236.2899932861328
2017-03-31,0,0,8.006490319425711e-05,8,235.7400054931641
2017-04-03,0,0,8.149956437646288e-05,8,235.3300018310547
2017-04-04,0,0,7.20424751701661e-05,8,235.47999572753903
2017-04-05,0,0,5.887751141074843e-05,8,234.77999877929688
2017-04-06,0,0,6.0080080632880805e-05,8,235.44000244140625
2017-04-07,0,0,6.838778485956775e-05,8,235.1999969482422
2017-04-10,0,0,0.00010961481877213967,8,235.33999633789065
2017-04-11,0,0,0.0003175661744189079,8,235.05999755859372
2017-04-12,0,0,0.0009544524596626296,8,234.02999877929688
2017-04-13,0,0,0.0012659543885909928,8,232.50999450683597
2017-04-17,0,0,0.0001632895037685786,8,234.57000732421875
2017-04-18,0,0,0.0001257151166753909,8,233.8699951171875
2017-04-19,0,0,0.00041536346317816886,8,233.44000244140625
2017-04-20,0,0,0.00016177808465444595,8,235.33999633789065
2017-04-21,0,0,0.0002440887911827422,8,234.58999633789065
2017-04-24,0,0,0.0001044115489339701,8,237.1699981689453
2017-04-25,0,0,0.00015004102312605176,8,238.5500030517578
2017-04-26,0,0,9.539339571778037e-05,8,238.3999938964844
2017-04-27,0,0,0.000138522125826056,8,238.6000061035156
2017-04-28,0,0,0.00010221523295019442,8,238.0800018310547
2017-05-01,0,0,0.00022045850823804468,8,238.67999267578125
2017-05-02,0,0,0.0001222999267446737,8,238.7700042724609
2017-05-03,0,0,0.00010987651225248555,8,238.47999572753903
2017-05-04,0,0,0.00015720234035481747,8,238.75999450683597
2017-05-05,0,0,0.00014872610473847284,8,239.6999969482422
2017-05-08,0,0,0.00029603289011298267,8,239.66000366210935
2017-05-09,0,0,0.0002580934196487251,8,239.44000244140625
2017-05-10,0,0,0.00017954269096455978,8,239.8699951171875
2017-05-11,0,0,0.00014283783340101816,8,239.3800048828125
2017-05-12,0,0,0.0001766499177991828,8,238.97999572753903
2017-05-15,0,0,0.00014018961218151128,8,240.3000030517578
2017-05-16,0,0,0.00013121804168457024,8,240.0800018310547
2017-05-17,0,0,0.0011899332015119141,8,235.82000732421875
2017-05-18,0,0,0.00023976746915356197,8,236.7700042724609
2017-05-19,0,0,0.00010708523225063761,8,238.30999755859372
2017-05-22,0,0,0.00010965117861638584,8,239.5200042724609
2017-05-23,0,0,0.00012530074297245362,8,240.0500030517578
2017-05-24,0,0,0.00024033447141482586,8,240.6100006103516
2017-05-25,0,0,0.0002747271096813888,8,241.75999450683597
2017-05-26,0,0,0.0003314195749482818,8,241.7100067138672
2017-05-30,0,0,0.00016382687035476764,8,241.5
2017-05-31,0,0,0.00015750884195041157,8,241.44000244140625
2017-06-01,0,0,0.0003832725846041455,8,243.3600006103516
2017-06-02,0,0,0.0004855968420278474,8,244.1699981689453
2017-06-05,0,0,0.00029067845564400207,8,243.9900054931641
2017-06-06,0,0,0.00019773996217746932,8,243.2100067138672
2017-06-07,0,0,0.00022643164816918323,8,243.66000366210935
2017-06-08,0,0,0.0002941631228888106,8,243.77999877929688
2017-06-09,0,0,0.0001797584251377078,8,243.41000366210935
2017-06-12,0,0,0.00012021427365429872,8,243.3600006103516
2017-06-13,0,0,0.00021438977061203094,8,244.5500030517578
2017-06-14,0,0,0.00018412259180687642,8,244.2400054931641
2017-06-15,0,0,0.00021812667325909915,8,243.7700042724609
2017-06-16,0,0,0.00017677015721996432,8,242.63999938964844
2017-06-19,0,0,0.00018101840651934777,8,244.66000366210935
2017-06-20,0,0,0.00013368327611292704,8,243.00999450683597
2017-06-21,0,0,0.00021015632694697129,8,242.9499969482422
2017-06-22,0,0,0.00023847953874117506,8,242.83999633789065
2017-06-23,0,0,0.00028489130847786874,8,243.1300048828125
2017-06-26,0,0,0.0003043244760865145,8,243.2899932861328
2017-06-27,0,0,0.00015265496585497793,8,241.3300018310547
2017-06-28,0,0,0.00027727687299503793,8,243.4900054931641
2017-06-29,0,0,0.00012144323425040097,8,241.3500061035156
2017-06-30,0,0,0.00014675476423310011,8,241.8000030517578
2017-07-03,0,0,0.00015283183912652047,8,242.2100067138672
2017-07-05,0,0,0.00013649119864309961,8,242.7700042724609
2017-07-06,0,0,8.833630893403263e-05,8,240.5500030517578
2017-07-07,0,0,0.00017881403536771176,8,242.1100006103516
2017-07-10,0,0,0.00017473477580403504,8,242.3699951171875
2017-07-11,0,0,0.0002563613536619926,8,242.19000244140625
2017-07-12,0,0,0.00038289163655188353,8,244.00999450683597
2017-07-13,0,0,0.0005950769563443272,8,244.4199981689453
2017-07-14,0,0,0.0007458203728068522,8,245.55999755859372
2017-07-17,0,0,0.0004099864859858288,8,245.52999877929688
2017-07-18,0,0,0.0003522355119150171,8,245.66000366210935
2017-07-19,0,0,0.00030286644000324965,8,246.9900054931641
2017-07-20,0,0,0.00037635576254323665,8,247.1000061035156
2017-07-21,0,0,0.0005049652243008391,8,246.8800048828125
2017-07-24,0,0,0.0004829161541735241,8,246.82000732421875
2017-07-25,0,0,0.0005035780462088092,8,247.4199981689453
2017-07-26,0,0,0.0003485043631985582,8,247.42999267578125
2017-07-27,0,0,0.0001593014957570162,8,247.1999969482422
2017-07-28,0,0,0.00013586997378546545,8,246.91000366210935
2017-07-31,0,0,0.00013855056272037042,8,246.7700042724609
2017-08-01,0,0,0.0001514105101163621,8,247.32000732421875
2017-08-02,0,0,0.0001240260522481745,8,247.44000244140625
2017-08-03,0,0,0.00014818135725450443,8,246.9600067138672
2017-08-04,0,0,2.9113645785280896e-05,9,247.41000366210935
2017-08-07,0,0,3.3829020399126376e-05,9,247.8699951171875
2017-08-08,0,0,5.106311229115667e-05,9,247.25999450683597
2017-08-09,0,0,0.00018159646248346473,9,247.25
2017-08-10,0,0,0.003931320709507767,9,243.75999450683597
2017-08-11,0,0,0.0028079550488704853,9,244.1199951171875
2017-08-14,0,0,7.817475028357766e-05,9,246.5399932861328
2017-08-15,0,0,5.239696225550966e-05,9,246.50999450683597
2017-08-16,0,0,5.026463100528505e-05,9,246.94000244140625
2017-08-17,0,0,0.00048686604410282005,9,243.08999633789065
2017-08-18,0,0,0.00011801924079053973,9,242.7100067138672
2017-08-21,0,0,6.303101976219293e-05,9,242.8999938964844
2017-08-22,0,0,4.7558530059239313e-05,9,245.44000244140625
2017-08-23,0,0,4.77551967450765e-05,9,244.55999755859372
2017-08-24,0,0,3.840188475846373e-05,9,243.9900054931641
2017-08-25,0,0,3.969163801634005e-05,9,244.55999755859372
2017-08-28,0,0,3.941798519299966e-05,9,244.57000732421875
2017-08-29,0,0,3.176292731273217e-05,9,244.8500061035156
2017-08-30,0,0,3.50160878295828e-05,9,246.00999450683597
2017-08-31,0,0,5.164281892832344e-05,9,247.4900054931641
2017-09-01,0,0,7.110514973848203e-05,9,247.83999633789065
2017-09-05,0,0,4.005884078151817e-05,9,246.05999755859372
2017-09-06,0,0,4.500661456037916e-05,9,246.8999938964844
2017-09-07,0,0,4.24203711666592e-05,9,246.8699951171875
2017-09-08,0,0,3.7639765299602326e-05,9,246.5800018310547
2017-09-11,0,0,0.00011443742377464626,9,249.2100067138672
2017-09-12,0,0,5.2643582317697856e-05,9,250.0500030517578
2017-09-13,0,0,5.5577575385948814e-05,9,250.1699981689453
2017-09-14,0,0,4.6567115298352005e-05,9,250.08999633789065
2017-09-15,0,0,3.9121903008741065e-05,9,249.19000244140625
2017-09-18,0,0,5.9595437146273743e-05,9,249.72000122070312
2017-09-19,0,0,6.114331720577435e-05,9,249.97000122070312
2017-09-20,0,0,2.6329160835312707e-05,9,250.05999755859372
2017-09-21,0,0,3.109714743111639e-05,9,249.38999938964844
2017-09-22,0,0,3.960284358861849e-05,9,249.44000244140625
2017-09-25,0,0,2.969123351704987e-05,9,248.92999267578125
2017-09-26,0,0,2.8194894824058954e-05,9,249.0800018310547
2017-09-27,0,0,3.1465846785777475e-05,9,250.0500030517578
2017-09-28,0,0,3.088049645475501e-05,9,250.3500061035156
2017-09-29,0,0,2.9373079969035606e-05,9,251.22999572753903
2017-10-02,0,0,4.1714299493406685e-05,9,252.32000732421875
2017-10-03,0,0,6.204522014919837e-05,9,252.8600006103516
2017-10-04,0,0,5.1792002014887045e-05,9,253.16000366210935
2017-10-05,0,0,8.857461895507038e-05,9,254.66000366210935
2017-10-06,0,0,7.371190581719375e-05,9,254.3699951171875
2017-10-09,0,0,4.1791577414993315e-05,9,253.9499969482422
2017-10-10,0,0,4.048484832912836e-05,9,254.6199951171875
2017-10-11,0,0,4.927192157344368e-05,9,255.0200042724609
2017-10-12,0,0,6.008583121745423e-05,9,254.63999938964844
2017-10-13,0,0,0.0001054357055327132,9,254.9499969482422
2017-10-16,0,0,8.947795690255345e-05,9,255.2899932861328
2017-10-17,0,0,8.918089640107172e-05,9,255.47000122070312
2017-10-18,0,0,7.707182002839693e-05,9,255.72000122070312
2017-10-19,0,0,9.433956645325106e-05,9,255.7899932861328
2017-10-20,0,0,0.000142928136678324,9,257.1099853515625
2017-10-23,0,0,0.00020023875142621982,9,256.1099853515625
2017-10-24,0,0,0.00029496597897484016,9,256.5599975585937
2017-10-25,0,0,0.0001455092070110501,9,255.2899932861328
2017-10-26,0,0,0.00018145616028535815,9,255.6199951171875
2017-10-27,0,0,0.00013724353790673806,9,257.7099914550781
2017-10-30,0,0,3.789400761037933e-05,9,256.75
2017-10-31,0,0,4.1432094342153324e-05,9,257.1499938964844
2017-11-01,0,0,7.077354497352529e-05,9,257.489990234375
2017-11-02,0,0,6.775355649353124e-05,9,257.5899963378906
2017-11-03,0,0,7.838222350665804e-05,9,258.45001220703125
2017-11-06,0,0,9.704324566401513e-05,9,258.8500061035156
2017-11-07,0,0,0.00012871870259413947,9,258.6700134277344
2017-11-08,0,0,0.000240974613177932,9,259.1099853515625
2017-11-09,0,0,0.00042361035081986946,9,258.1700134277344
2017-11-10,0,0,0.0003294607591295821,9,258.0899963378906
2017-11-13,0,0,0.0004433529647418477,9,258.3299865722656
2017-11-14,0,0,0.0011707753767196446,9,257.7300109863281
2017-11-15,0,0,0.00204613184053132,9,256.44000244140625
2017-11-16,0,0,0.00019872785271157642,9,258.6199951171875
2017-11-17,0,0,0.0001100695530607579,9,257.8599853515625
2017-11-20,0,0,0.00011435474313392188,9,258.29998779296875
2017-11-21,0,0,0.00011620682324326022,9,259.989990234375
2017-11-22,0,0,8.281130998955807e-05,9,259.760009765625
2017-11-24,0,0,7.071080817782431e-05,9,260.3599853515625
2017-11-27,0,0,9.208158391908338e-05,9,260.2300109863281
2017-11-28,0,0,0.00016784724803528236,9,262.8699951171875
2017-11-29,0,0,0.00017771299212060305,9,262.7099914550781
2017-11-30,0,0,0.00024445182593249093,9,265.010009765625
2017-12-01,0,0,0.0003326294503023851,9,264.4599914550781
2017-12-04,0,0,0.00021400133833846707,9,264.1400146484375
2017-12-05,0,0,0.0001130474341528597,9,263.19000244140625
2017-12-06,0,0,8.753610576091681e-05,9,263.239990234375
2017-12-07,0,0,5.436796851463054e-05,9,264.07000732421875
2017-12-08,0,0,8.531947242810198e-05,9,265.510009765625
2017-12-11,0,0,0.00016039971815714736,9,266.3099975585937
2017-12-12,0,0,0.00016299993681136672,9,266.7799987792969
2017-12-13,0,0,0.00013934632318147634,9,266.75
2017-12-14,0,0,0.00018952497038305724,9,265.6600036621094
2017-12-15,0,0,0.00025874452848582464,9,266.510009765625
2017-12-18,0,0,0.0008188956920177138,9,268.20001220703125
2017-12-19,0,0,0.0005298632677443855,9,267.1700134277344
2017-12-20,0,0,0.00022388581722419275,9,267.0299987792969
2017-12-21,0,0,0.0007276006195295995,9,267.5799865722656
2017-12-22,0,0,0.0005023966423672896,9,267.510009765625
2017-12-26,0,0,0.00020964067652324645,9,267.19000244140625
2017-12-27,0,0,0.00011550957774428059,9,267.32000732421875
2017-12-28,0,0,0.00012659818749438626,9,267.8699951171875
2017-12-29,0,0,5.5847056889922585e-05,9,266.8599853515625
2018-01-02,0,0,3.8944503225349444e-05,9,268.7699890136719
2018-01-03,0,0,4.620825806576428e-05,9,270.4700012207031
2018-01-04,0,0,7.97110496111114e-05,9,271.6099853515625
2018-01-05,0,0,0.00016379566344079243,9,273.4200134277344
2018-01-08,0,0,0.0001509751318507115,9,273.9200134277344
2018-01-09,0,0,0.00015382954992134107,9,274.5400085449219
2018-01-10,0,0,0.0001121661661169802,9,274.1199951171875
2018-01-11,0,0,0.00015296237920846091,9,276.1199951171875
2018-01-12,0,0,0.0006113663385295218,9,277.9200134277344
2018-01-16,0,0,0.0011038568714315379,9,276.9700012207031
2018-01-17,0,0,0.005309380062001172,9,279.6099853515625
2018-01-18,0,0,0.002335748308532895,9,279.1400146484375
2018-01-19,0,0,0.0035219151227875237,9,280.4100036621094
2018-01-22,0,0,0.025675862760335608,9,282.69000244140625
2018-01-23,0,0,0.034841254217254605,9,283.2900085449219
2018-01-24,0,0,0.06906049910459561,9,283.17999267578125
2018-01-25,0,0,0.22504724773820803,9,283.29998779296875
2018-01-26,1,1,0.9525128907192847,9,286.5799865722656
2018-01-29,1,1,0.999568600923613,9,284.67999267578125
2018-01-30,1,1,0.9999285985173031,9,281.760009765625
2018-01-31,1,1,0.9974564149700138,9,281.8999938964844
2018-02-01,1,1,0.9969214276439291,9,281.5799865722656
2018-02-02,1,1,0.9994256591486106,9,275.45001220703125
2018-02-05,1,1,1.0,10,263.92999267578125
2018-02-06,1,1,1.0,10,269.1300048828125
2018-02-07,1,1,0.9999999999999929,10,267.6700134277344
2018-02-08,1,1,1.0,10,257.6300048828125
2018-02-09,1,1,1.0,10,261.5
2018-02-12,1,1,0.9999999999993792,10,265.3399963378906
2018-02-13,1,1,0.9999999999992957,10,266.0
2018-02-14,1,1,0.9999999998482059,10,269.5899963378906
2018-02-15,1,1,0.9999999999856195,10,273.0299987792969
2018-02-16,1,1,0.999999999968578,10,273.1099853515625
2018-02-20,1,1,0.9999999998693072,10,271.3999938964844
2018-02-21,1,1,0.9999999998223137,10,270.04998779296875
2018-02-22,1,1,0.9999999998300124,10,270.3999938964844
2018-02-23,1,1,0.9999999999978542,10,274.7099914550781
2018-02-26,1,1,0.999999999999039,10,277.8999938964844
2018-02-27,1,1,0.9999999999934399,10,274.42999267578125
2018-02-28,1,1,0.9999999999917444,10,271.6499938964844
2018-03-01,1,1,0.9999999999974118,10,267.70001220703125
2018-03-02,1,1,0.9999999999966782,10,269.0799865722656
2018-03-05,1,1,0.999999999999436,10,272.19000244140625
2018-03-06,1,1,0.9999999999922453,10,272.8800048828125
2018-03-07,1,1,0.999999978117269,10,272.7799987792969
2018-03-08,1,1,0.9999999947228302,10,274.1000061035156
2018-03-09,1,1,0.9999999999971996,10,278.8699951171875
2018-03-12,1,1,0.9999999977913641,10,278.5199890136719
2018-03-13,1,1,0.9999986726492657,10,276.7200012207031
2018-03-14,1,1,0.99999639083758,10,275.29998779296875
2018-03-15,1,1,0.9994192495713604,10,275.0
2018-03-16,1,1,0.9748702964353722,10,274.20001220703125
2018-03-19,1,1,0.998440531247877,10,270.489990234375
2018-03-20,1,1,0.99830376224003,10,270.95001220703125
2018-03-21,1,1,0.9972104162191026,10,270.42999267578125
2018-03-22,1,1,0.9999997851418891,10,263.6700134277344
2018-03-23,1,1,0.9999999888002948,10,258.04998779296875
2018-03-26,1,1,0.9999913947798792,10,265.1099853515625
2018-03-27,1,1,0.9999992218571511,10,260.6000061035156
2018-03-28,1,1,0.9999996049501111,10,259.8299865722656
2018-03-29,1,1,0.99999678605956,10,263.1499938964844
2018-04-02,1,1,0.9999999742130615,10,257.4700012207031
2018-04-03,1,1,0.9999989727524872,10,260.7699890136719
2018-04-04,1,1,0.9999990711714611,10,263.5599975585937
2018-04-05,1,1,0.9999993997274997,10,265.6400146484375
2018-04-06,1,1,0.999999952764423,10,259.7200012207031
2018-04-09,1,1,0.999999856794886,10,261.0
2018-04-10,1,1,0.999999934255721,10,265.1499938964844
2018-04-11,1,1,0.9999999467454753,10,263.760009765625
2018-04-12,1,1,0.999999981655437,10,265.92999267578125
2018-04-13,1,1,0.9999999868460456,10,265.1499938964844
2018-04-16,1,1,0.9999999963043456,10,267.3299865722656
2018-04-17,1,1,0.9999999998403544,10,270.19000244140625
2018-04-18,1,1,0.9999999996319735,10,270.3900146484375
2018-04-19,1,1,0.9999999991403525,10,268.8900146484375
2018-04-20,1,1,0.9999999944831846,10,266.6099853515625
2018-04-23,1,1,0.9999999978972518,10,266.57000732421875
2018-04-24,1,1,0.9999214071659001,10,262.9800109863281
2018-04-25,1,1,0.9999797056185693,10,263.6300048828125
2018-04-26,1,1,0.9999965836720411,10,266.3099975585937
2018-04-27,1,1,0.9998643287863977,10,266.5599975585937
2018-04-30,1,1,0.9998948704444326,10,264.510009765625
2018-05-01,1,1,0.9973588045929589,10,264.9800109863281
2018-05-02,1,1,0.9688348243624889,10,263.20001220703125
2018-05-03,1,1,0.7929446723232827,10,262.6199951171875
2018-05-04,1,1,0.836906267945519,10,266.0199890136719
2018-05-07,1,1,0.8523512221922851,10,266.9200134277344
2018-05-08,0,0,0.23962001454192244,10,266.9200134277344
2018-05-09,0,0,0.06828401855272717,10,269.5
2018-05-10,0,0,0.023238892148749146,10,272.0199890136719
2018-05-11,0,0,0.022562502415922357,10,272.8500061035156
2018-05-14,0,0,0.005414849158625371,10,272.9800109863281
2018-05-15,0,0,0.0010560041125868241,10,271.1000061035156
2018-05-16,0,0,0.0003332604057228079,10,272.239990234375
2018-05-17,0,0,0.0003186432206728417,10,272.010009765625
2018-05-18,0,0,0.0004897425214162183,10,271.3299865722656
2018-05-21,0,0,0.0011180954330829225,10,273.3699951171875
2018-05-22,0,0,0.003841690805223991,10,272.6099853515625
2018-05-23,0,0,0.002831906219146978,10,273.3599853515625
2018-05-24,0,0,0.0002633092613665065,10,272.79998779296875
2018-05-25,0,0,0.00023656950013496657,10,272.1499938964844
2018-05-29,0,0,0.05180172046280036,10,269.0199890136719
2018-05-30,0,0,0.06270608484206922,10,272.6099853515625
2018-05-31,0,0,0.15821270367538426,10,270.94000244140625
2018-06-01,1,0,0.5623558095049632,10,273.6000061035156
2018-06-04,0,0,0.24792302642051972,10,274.8999938964844
2018-06-05,0,0,0.03867137634272623,10,275.1000061035156
2018-06-06,0,0,0.020275308201481757,10,277.3999938964844
2018-06-07,0,0,0.0017133699398845955,10,277.3699951171875
2018-06-08,0,0,0.00020598246593630243,10,278.19000244140625
2018-06-11,0,0,0.00012233499634995082,10,278.5599975585937
2018-06-12,0,0,0.00013018319657427362,10,278.9200134277344
2018-06-13,0,0,0.0002070113486045058,10,278.0299987792969
2018-06-14,0,0,9.637317854432584e-05,10,278.7300109863281
2018-06-15,0,0,6.125866616356756e-05,10,277.1300048828125
2018-06-18,0,0,6.995714452560296e-05,10,276.5599975585937
2018-06-19,0,0,3.575954157830729e-05,10,275.5
2018-06-20,0,0,3.7186916587539625e-05,10,275.9700012207031
2018-06-21,0,0,8.105406474666269e-05,10,274.239990234375
2018-06-22,0,0,5.325777362706528e-05,10,274.739990234375
2018-06-25,0,0,0.001947572618520403,10,271.0
2018-06-26,0,0,0.0008964160279731711,10,271.6000061035156
2018-06-27,0,0,0.005010688389020464,10,269.3500061035156
2018-06-28,0,0,0.002905071642900556,10,270.8900146484375
2018-06-29,0,0,0.0004282993367791565,10,271.2799987792969
2018-07-02,0,0,0.00024397683609421786,10,271.8599853515625
2018-07-03,0,0,0.000497917151258047,10,270.8999938964844
2018-07-05,0,0,8.851717995757741e-05,10,273.1099853515625
2018-07-06,0,0,2.0149045387770426e-05,10,275.4200134277344
2018-07-09,0,0,1.876369480267406e-05,10,277.8999938964844
2018-07-10,0,0,2.413920101290582e-05,10,278.8999938964844
2018-07-11,0,0,3.3001871985175395e-05,10,276.8599853515625
2018-07-12,0,0,4.562369592288293e-05,10,279.3699951171875
2018-07-13,0,0,4.391796977709774e-05,10,279.5899963378906
2018-07-16,0,0,7.541110642826908e-05,10,279.3399963378906
2018-07-17,0,0,0.00010854962302743099,10,280.4700012207031
2018-07-18,0,0,0.0001861235945543757,10,281.0599975585937
2018-07-19,0,0,0.0001609995017681916,10,280.0
2018-07-20,0,0,0.00021516963831505739,10,279.67999267578125
2018-07-23,0,0,0.000196831923045209,10,280.20001220703125
2018-07-24,0,0,0.0015756914497750414,10,281.6099853515625
2018-07-25,0,0,0.006557606389496537,10,284.010009765625
2018-07-26,0,0,0.02194582168432647,10,283.3399963378906
2018-07-27,0,0,0.005650882036226427,10,281.4200134277344
2018-07-30,0,0,0.00267044364608966,10,279.95001220703125
2018-07-31,0,0,0.000750716659238446,10,281.3299865722656
2018-08-01,0,0,0.001112487764916986,10,280.8599853515625
2018-08-02,0,0,0.0003203797332191441,10,282.3900146484375
2018-08-03,0,0,9.822117140124488e-05,10,283.6000061035156
2018-08-06,0,0,3.797964626983978e-05,11,284.6400146484375
2018-08-07,0,0,3.7767025540062476e-05,11,285.5799865722656
2018-08-08,0,0,4.631354585795437e-05,11,285.4599914550781
2018-08-09,0,0,2.1636397429912948e-05,11,285.07000732421875
2018-08-10,0,0,4.3834566691007224e-05,11,283.1600036621094
2018-08-13,0,0,0.00023987263754933252,11,282.1000061035156
2018-08-14,0,0,4.4347756997892844e-05,11,283.8999938964844
2018-08-15,0,0,0.00011000819812440696,11,281.7799987792969
2018-08-16,0,0,6.110164820778711e-05,11,284.0599975585937
2018-08-17,0,0,5.0185512031393726e-05,11,285.0599975585937
2018-08-20,0,0,4.7241672921703755e-05,11,285.6700134277344
2018-08-21,0,0,4.563000147002314e-05,11,286.3399963378906
2018-08-22,0,0,2.053818999839503e-05,11,286.1700134277344
2018-08-23,0,0,2.239227417662813e-05,11,285.7900085449219
2018-08-24,0,0,3.359916983309989e-05,11,287.510009765625
2018-08-27,0,0,0.0001224334376122273,11,289.7799987792969
2018-08-28,0,0,0.00011143911888738987,11,289.9200134277344
2018-08-29,0,0,0.00017607628785974933,11,291.4800109863281
2018-08-30,0,0,0.00020551935118791532,11,290.29998779296875
2018-08-31,0,0,6.952646547163222e-05,11,290.3099975585937
2018-09-04,0,0,0.0001119788148741775,11,289.8099975585937
2018-09-05,0,0,0.00019320106888429057,11,289.0299987792969
2018-09-06,0,0,0.00035292725750704304,11,288.1600036621094
2018-09-07,0,0,0.0005060484595417701,11,287.6000061035156
2018-09-10,0,0,0.00028143507744236997,11,288.1000061035156
2018-09-11,0,0,0.0001593477559822598,11,289.04998779296875
2018-09-12,0,0,8.451520916069835e-05,11,289.1199951171875
2018-09-13,0,0,0.0001362054492310847,11,290.8299865722656
2018-09-14,0,0,5.829247632400317e-05,11,290.8800048828125
2018-09-17,0,0,0.00016055140279621117,11,289.3399963378906
2018-09-18,0,0,6.560359673994415e-05,11,290.9100036621094
2018-09-19,0,0,3.2055483863756724e-05,11,291.2200012207031
2018-09-20,0,0,5.619091909715059e-05,11,293.5799865722656
2018-09-21,0,0,3.6087979319417615e-05,11,291.989990234375
2018-09-24,0,0,3.052610186132299e-05,11,291.0199890136719
2018-09-25,0,0,2.8184709002717305e-05,11,290.75
2018-09-26,0,0,3.1116784483704286e-05,11,289.8800048828125
2018-09-27,0,0,1.809840229111861e-05,11,290.69000244140625
2018-09-28,0,0,1.582558693232892e-05,11,290.7200012207031
2018-10-01,0,0,1.885652852005149e-05,11,291.7300109863281
2018-10-02,0,0,1.549447085844166e-05,11,291.5599975585937
2018-10-03,0,0,1.4947618330424264e-05,11,291.7200012207031
2018-10-04,0,0,0.00015713337808543918,11,289.44000244140625
2018-10-05,0,0,0.00041342618918420476,11,287.82000732421875
2018-10-08,0,0,0.00381692187420093,11,287.82000732421875
2018-10-09,0,0,0.005458396466173172,11,287.3999938964844
2018-10-10,1,1,0.9999795652078662,11,278.29998779296875
2018-10-11,1,1,0.9999999999945315,11,272.1700134277344
2018-10-12,1,1,0.9999997683150517,11,275.95001220703125
2018-10-15,1,1,0.9999997705557787,11,274.3999938964844
2018-10-16,1,1,0.9999995794720955,11,280.3999938964844
2018-10-17,1,1,0.9999996070509071,11,280.45001220703125
2018-10-18,1,1,0.9999999875116083,11,276.3999938964844
2018-10-19,1,1,0.9999999768031984,11,276.25
2018-10-22,1,1,0.9999999732360964,11,275.010009765625
2018-10-23,1,1,0.9999999919652094,11,273.6099853515625
2018-10-24,1,1,0.9999999999999982,11,265.32000732421875
2018-10-25,1,1,0.9999999999999973,11,270.0799865722656
2018-10-26,1,1,1.0,11,265.3299865722656
2018-10-29,1,1,1.0,11,263.8599853515625
2018-10-30,1,1,1.0,11,267.7699890136719
2018-10-31,1,1,1.0,11,270.6300048828125
2018-11-01,1,1,1.0,11,273.510009765625
2018-11-02,1,1,1.0,11,271.8900146484375
2018-11-05,1,1,1.0,11,273.3900146484375
2018-11-06,1,1,1.0,11,275.1199951171875
2018-11-07,1,1,0.9999999999999973,11,281.010009765625
2018-11-08,1,1,0.9999999999983586,11,280.5
2018-11-09,1,1,0.9999999999898304,11,277.760009765625
2018-11-12,1,1,0.9999999999996438,11,272.57000732421875
2018-11-13,1,1,0.9999999999751092,11,272.0599975585937
2018-11-14,1,1,0.9999999999924496,11,270.20001220703125
2018-11-15,1,1,0.9999999999324491,11,273.0199890136719
2018-11-16,1,1,0.9999999999492637,11,273.7300109863281
2018-11-19,1,1,0.9999999999983213,11,269.1000061035156
2018-11-20,1,1,0.9999999999999885,11,264.1199951171875
2018-11-21,1,1,0.9999999996593094,11,265.0199890136719
2018-11-23,1,1,0.9999999994723741,11,263.25
2018-11-26,1,1,0.9999999759127486,11,267.5
2018-11-27,1,1,0.9999999856271877,11,268.3999938964844
2018-11-28,1,1,0.9999999981558716,11,274.5799865722656
2018-11-29,1,1,0.9999999897111445,11,273.9800109863281
2018-11-30,1,1,0.9999999709300464,11,275.6499938964844
2018-12-03,1,1,0.9999999963336927,11,279.29998779296875
2018-12-04,1,1,0.9999999999998139,11,270.25
2018-12-06,1,1,0.9999999999998974,11,269.8399963378906
2018-12-07,1,1,0.9999999999999982,11,263.57000732421875
2018-12-10,1,1,0.9999999999999947,11,264.07000732421875
2018-12-11,1,1,0.9999999999998943,11,264.1300048828125
2018-12-12,1,1,0.9999999999901394,11,265.4599914550781
2018-12-13,1,1,0.9999999999813349,11,265.3699951171875
2018-12-14,1,1,0.9999999999994325,11,260.4700012207031
2018-12-17,1,1,0.9999999999999991,11,255.3600006103516
2018-12-18,1,1,1.0,11,255.0800018310547
2018-12-19,1,1,1.0,11,251.25999450683597
2018-12-20,1,1,1.0,11,247.1699981689453
2018-12-21,1,1,1.0,11,240.6999969482422
2018-12-24,1,1,1.0,11,234.33999633789065
2018-12-26,1,1,1.0,11,246.17999267578125
2018-12-27,1,1,1.0,11,248.07000732421875
2018-12-28,1,1,1.0,11,247.75
2018-12-31,1,1,1.0,11,249.9199981689453
2019-01-02,1,1,1.0,11,250.17999267578125
2019-01-03,1,1,1.0,11,244.2100067138672
2019-01-04,1,1,1.0,11,252.38999938964844
2019-01-07,1,1,1.0,11,254.3800048828125
2019-01-08,1,1,1.0,11,256.7699890136719
2019-01-09,1,1,1.0,11,257.9700012207031
2019-01-10,1,1,1.0,11,258.8800048828125
2019-01-11,1,1,1.0,11,258.9800109863281
2019-01-14,1,1,1.0,11,257.3999938964844
2019-01-15,1,1,1.0,11,260.3500061035156
2019-01-16,1,1,1.0,11,260.9800109863281
2019-01-17,1,1,1.0,11,262.9599914550781
2019-01-18,1,1,1.0,11,266.4599914550781
2019-01-22,1,1,1.0,11,262.8599853515625
2019-01-23,1,1,1.0,11,263.4100036621094
2019-01-24,1,1,1.0,11,263.54998779296875
2019-01-25,1,1,0.9999999999956595,11,265.7799987792969
2019-01-28,1,1,0.9999999999790683,11,263.760009765625
2019-01-29,1,1,0.9999999999717835,11,263.4100036621094
2019-01-30,1,1,0.9999999999993596,11,267.5799865722656
2019-01-31,1,1,0.9999999999999716,11,269.92999267578125
2019-02-01,1,1,0.9999999999987423,11,270.0599975585937
2019-02-04,1,1,0.9999949397688342,11,271.9599914550781
2019-02-05,1,1,0.9999755263434941,11,273.1000061035156
2019-02-06,1,1,0.9991275416945867,12,272.739990234375
2019-02-07,1,1,0.99817907486132,12,270.1400146484375
2019-02-08,1,1,0.9921567746946579,12,270.4700012207031
2019-02-11,1,1,0.9948424298077881,12,270.6199951171875
2019-02-12,1,1,0.9998310587918869,12,274.1000061035156
2019-02-13,1,1,0.998797429350892,12,274.989990234375
2019-02-14,1,1,0.9987043769025654,12,274.3800048828125
2019-02-15,1,1,0.9976942320031663,12,277.3699951171875
2019-02-19,1,1,0.9756652509890473,12,277.8500061035156
2019-02-20,1,1,0.9797752734142281,12,278.4100036621094
2019-02-21,1,1,0.9650525425710285,12,277.4200134277344
2019-02-22,1,1,0.9597611230382933,12,279.1400146484375
2019-02-25,1,1,0.9492684135489918,12,279.5199890136719
2019-02-26,1,1,0.9866110626498136,12,279.32000732421875
2019-02-27,1,1,0.9910226776870709,12,279.20001220703125
2019-02-28,1,1,0.8223473901324398,12,278.67999267578125
2019-03-01,0,0,0.06975142088720805,12,280.4200134277344
2019-03-04,0,0,0.004903602460769967,12,279.3999938964844
2019-03-05,0,0,0.00046168689577281963,12,279.0199890136719
2019-03-06,0,0,0.000701990272441585,12,277.3299865722656
2019-03-07,0,0,0.0020534417447363464,12,275.010009765625
2019-03-08,0,0,0.0014399862491369893,12,274.4599914550781
2019-03-11,0,0,0.0003760966617783486,12,278.44000244140625
2019-03-12,0,0,0.00029919587764126564,12,279.489990234375
2019-03-13,0,0,9.60222949496865e-05,12,281.3399963378906
2019-03-14,0,0,9.07568781308348e-05,12,281.1600036621094
2019-03-15,0,0,7.274959324564893e-05,12,281.3099975585937
2019-03-18,0,0,3.9568723370310345e-05,12,282.3299865722656
2019-03-19,0,0,5.3997008462909476e-05,12,282.3999938964844
2019-03-20,0,0,7.828851314194776e-05,12,281.54998779296875
2019-03-21,0,0,0.0001302130851602027,12,284.7300109863281
2019-03-22,0,0,0.002851526335281539,12,279.25
2019-03-25,0,0,0.003122335305876211,12,279.0400085449219
2019-03-26,0,0,0.0013240050582478563,12,281.1199951171875
2019-03-27,0,0,0.0018216064055400888,12,279.6499938964844
2019-03-28,0,0,0.0016808859794838,12,280.7099914550781
2019-03-29,0,0,0.002289007952541899,12,282.4800109863281
2019-04-01,0,0,0.00458763862982866,12,285.8299865722656
2019-04-02,0,0,0.005942500467390492,12,285.9700012207031
2019-04-03,0,0,0.0065496681010564365,12,286.4200134277344
2019-04-04,0,0,0.00801274699980515,12,287.17999267578125
2019-04-05,0,0,0.021865762002497725,12,288.57000732421875
2019-04-08,0,0,0.002630271669645085,12,288.7900085449219
2019-04-09,0,0,0.0009675684130977473,12,287.3099975585937
2019-04-10,0,0,0.000528055125371848,12,288.2900085449219
2019-04-11,0,0,0.0006443279776413199,12,288.2099914550781
2019-04-12,0,0,0.001273214293040376,12,290.1600036621094
2019-04-15,0,0,0.0010237313651426973,12,289.9700012207031
2019-04-16,0,0,0.0008856568256704029,12,290.1600036621094
2019-04-17,0,0,0.0003514947612107643,12,289.45001220703125
2019-04-18,0,0,0.0001543803139084486,12,290.0199890136719
2019-04-22,0,0,7.760091411254585e-05,12,290.2699890136719
2019-04-23,0,0,0.00023813989763850547,12,292.8800048828125
2019-04-24,0,0,0.00015400545862202675,12,292.2300109863281
2019-04-25,0,0,0.0003061264380627929,12,292.04998779296875
2019-04-26,0,0,0.00018531434314052707,12,293.4100036621094
2019-04-29,0,0,0.00015903067856517448,12,293.8699951171875
2019-04-30,0,0,0.00018572417809673407,12,294.0199890136719
2019-05-01,0,0,0.0006076786973675543,12,291.8099975585937
2019-05-02,0,0,0.0002569980326887955,12,291.17999267578125
2019-05-03,0,0,3.524986299668565e-05,12,294.0299987792969
2019-05-06,0,0,0.0007075645968157636,12,292.82000732421875
2019-05-07,0,0,0.38747675656642994,12,287.92999267578125
2019-05-08,1,1,0.9820296580874017,12,287.5299987792969
2019-05-09,1,1,0.9993312799609245,12,286.6600036621094
2019-05-10,1,1,0.8169427281833069,12,288.1000061035156
2019-05-13,1,1,0.9999644639464356,12,280.8599853515625
2019-05-14,1,1,0.9995262741253332,12,283.3999938964844
2019-05-15,1,1,0.9972265373214536,12,285.0599975585937
2019-05-16,1,1,0.9940604860774017,12,287.70001220703125
2019-05-17,1,1,0.9973557495091054,12,285.8399963378906
2019-05-20,1,1,0.9990403589986475,12,283.95001220703125
2019-05-21,1,1,0.9990974605652109,12,286.510009765625
2019-05-22,1,1,0.9992261835961537,12,285.6300048828125
2019-05-23,1,1,0.9999308666994424,12,282.1400146484375
2019-05-24,1,1,0.9999460716415244,12,282.7799987792969
2019-05-28,1,1,0.9999935319731804,12,280.1499938964844
2019-05-29,1,1,0.9999987236821211,12,278.2699890136719
2019-05-30,1,1,0.9999822281214632,12,279.0299987792969
2019-05-31,1,1,0.9999996691301659,12,275.2699890136719
2019-06-03,1,1,0.9999999404542947,12,274.57000732421875
2019-06-04,1,1,0.999999908781383,12,280.5299987792969
2019-06-05,1,1,0.9999940463319281,12,282.9599914550781
2019-06-06,1,1,0.9999942604161951,12,284.79998779296875
2019-06-07,1,1,0.9999963514168236,12,287.6499938964844
2019-06-10,1,1,0.999996327864476,12,288.9700012207031
2019-06-11,1,1,0.9991655553845463,12,288.8999938964844
2019-06-12,1,1,0.9968271091826815,12,288.3900146484375
2019-06-13,1,1,0.9961931335670576,12,289.5799865722656
2019-06-14,1,1,0.989299038636687,12,289.260009765625
2019-06-17,1,1,0.9778396204999157,12,289.3699951171875
2019-06-18,1,1,0.99154711029472,12,292.3999938964844
2019-06-19,1,1,0.9886767944034982,12,293.0599975585937
2019-06-20,1,1,0.9974801742969023,12,295.8599853515625
2019-06-21,1,1,0.9980740005531874,12,294.0
2019-06-24,1,1,0.997869222934279,12,293.6400146484375
2019-06-25,1,1,0.9983326707556309,12,290.760009765625
2019-06-26,1,1,0.9989289021602844,12,290.4700012207031
2019-06-27,1,1,0.9987843144304055,12,291.5
2019-06-28,1,1,0.9998186915000608,12,293.0
2019-07-01,1,1,0.9999344552314721,12,295.6600036621094
2019-07-02,1,1,0.9311042867793353,12,296.42999267578125
2019-07-03,1,1,0.7358949390149075,12,298.79998779296875
2019-07-05,0,0,0.15610798861087385,12,298.4599914550781
2019-07-08,0,0,0.004098020448142783,12,296.82000732421875
2019-07-09,0,0,0.00022588867520893105,12,297.19000244140625
2019-07-10,0,0,9.98063067109218e-05,12,298.6099853515625
2019-07-11,0,0,0.00011879723399037728,12,299.3099975585937
2019-07-12,0,0,8.304988167282401e-05,12,300.6499938964844
2019-07-15,0,0,0.00012041471985486348,12,300.75
2019-07-16,0,0,0.00010863274469833788,12,299.7799987792969
2019-07-17,0,0,7.435511158650747e-05,12,297.739990234375
2019-07-18,0,0,4.747680120032805e-05,12,298.8299865722656
2019-07-19,0,0,0.00013906581026705995,12,297.1700134277344
2019-07-22,0,0,4.101511631465844e-05,12,297.8999938964844
2019-07-23,0,0,2.292381242644504e-05,12,300.0299987792969
2019-07-24,0,0,2.8176723131460717e-05,12,301.44000244140625
2019-07-25,0,0,3.7715395983329555e-05,12,300.0
2019-07-26,0,0,2.7850630143783907e-05,12,302.010009765625
2019-07-29,0,0,3.099408351042643e-05,12,301.4599914550781
2019-07-30,0,0,7.743897671266154e-05,12,300.7200012207031
2019-07-31,0,0,0.0009718059971228637,12,297.42999267578125
2019-08-01,0,0,0.05739945370056224,12,294.8399963378906
2019-08-02,0,0,0.14338888672286246,12,292.6199951171875
2019-08-05,1,1,0.9999999930030805,12,283.82000732421875
2019-08-06,1,1,0.9999940057003724,12,287.79998779296875
2019-08-07,1,1,0.9999993729939706,13,287.9700012207031
2019-08-08,1,1,0.999998459448932,13,293.6199951171875
2019-08-09,1,1,0.9999997276021764,13,291.6199951171875
2019-08-12,1,1,0.99999999938633,13,288.07000732421875
2019-08-13,1,1,0.9999999857742075,13,292.54998779296875
2019-08-14,1,1,0.9999999999999893,13,283.8999938964844
2019-08-15,1,1,0.9999999999999671,13,284.6499938964844
2019-08-16,1,1,0.9999999999998863,13,288.8500061035156
2019-08-19,1,1,0.9999999999999649,13,292.3299865722656
2019-08-20,1,1,0.9999999999999916,13,290.0899963378906
2019-08-21,1,1,0.9999999999999991,13,292.45001220703125
2019-08-22,1,1,0.9999999999999947,13,292.3599853515625
2019-08-23,1,1,1.0,13,284.8500061035156
2019-08-26,1,1,1.0,13,288.0
2019-08-27,1,1,1.0,13,286.8699951171875
2019-08-28,1,1,1.0,13,288.8900146484375
2019-08-29,1,1,1.0,13,292.5799865722656
2019-08-30,1,1,1.0,13,292.45001220703125
2019-09-03,1,1,0.9999999999996136,13,290.739990234375
2019-09-04,1,1,0.9999999999978759,13,294.0400085449219
2019-09-05,1,1,0.999999999999873,13,297.82000732421875
2019-09-06,1,1,0.9999999999955174,13,298.04998779296875
2019-09-09,1,1,0.9999999999899334,13,298.20001220703125
2019-09-10,1,1,0.999999999957466,13,298.1300048828125
2019-09-11,1,1,0.9999999994217212,13,300.25
2019-09-12,1,1,0.9999986124021997,13,301.2900085449219
2019-09-13,1,1,0.9999955061217374,13,301.0899963378906
2019-09-16,1,1,0.9999361660562127,13,300.1600036621094
2019-09-17,1,1,0.9996076734866014,13,300.9200134277344
2019-09-18,1,1,0.9992662548534015,13,301.1000061035156
2019-09-19,1,1,0.9970912109155966,13,301.0799865722656
2019-09-20,1,1,0.998803503565982,13,298.2799987792969
2019-09-23,1,1,0.9730493184122754,13,298.2099914550781
2019-09-24,1,1,0.9813624486882871,13,295.8699951171875
2019-09-25,1,1,0.9543394534781621,13,297.6199951171875
2019-09-26,1,1,0.8827118326549694,13,297.0
2019-09-27,1,1,0.9343165681074511,13,295.3999938964844
2019-09-30,1,1,0.8232196815599254,13,296.7699890136719
2019-10-01,1,1,0.9896545057274003,13,293.239990234375
2019-10-02,1,1,0.9999945019736548,13,288.0599975585937
2019-10-03,1,1,0.9999501992626333,13,290.4200134277344
2019-10-04,1,1,0.9970007061029049,13,294.3500061035156
2019-10-07,1,1,0.9993274432756302,13,293.0799865722656
2019-10-08,1,1,0.9999992770134798,13,288.5299987792969
2019-10-09,1,1,0.9999800842178086,13,291.2699890136719
2019-10-10,1,1,0.9999099210469659,13,293.239990234375
2019-10-11,1,1,0.9995290287723159,13,296.2799987792969
2019-10-14,1,1,0.9993008574727654,13,295.95001220703125
2019-10-15,1,1,0.9995824165634597,13,298.8800048828125
2019-10-16,1,1,0.9996447643849363,13,298.3999938964844
2019-10-17,1,1,0.9996223505964025,13,299.2799987792969
2019-10-18,1,1,0.9987501052346578,13,297.9700012207031
2019-10-21,1,1,0.9987439960429509,13,299.989990234375
2019-10-22,1,1,0.9976344604061228,13,299.010009765625
2019-10-23,1,1,0.9977491570378318,13,299.8800048828125
2019-10-24,1,1,0.9977834967709869,13,300.3699951171875
2019-10-25,1,1,0.9979448305556922,13,301.6000061035156
2019-10-28,1,1,0.9972307932582052,13,303.29998779296875
2019-10-29,1,1,0.9921807390013431,13,303.2099914550781
2019-10-30,1,1,0.9701120823150755,13,304.1400146484375
2019-10-31,1,1,0.8330065602721914,13,303.3299865722656
2019-11-01,0,0,0.24678476630075882,13,306.1400146484375
2019-11-04,0,0,0.051041290284261666,13,307.3699951171875
2019-11-05,0,0,0.04227947929903578,13,307.0299987792969
2019-11-06,0,0,0.005409505094074996,13,307.1000061035156
2019-11-07,0,0,0.0011934719970285745,13,308.17999267578125
2019-11-08,0,0,0.000271829559749578,13,308.94000244140625
2019-11-11,0,0,0.00037332179726777396,13,308.3500061035156
2019-11-12,0,0,0.00035102910854534984,13,309.0
2019-11-13,0,0,0.0006057128078075265,13,309.1000061035156
2019-11-14,0,0,0.0005842785050395893,13,309.54998779296875
2019-11-15,0,0,0.00046351964891156225,13,311.7900085449219
2019-11-18,0,0,0.0005609241031971088,13,312.0199890136719
2019-11-19,0,0,0.001293185918005576,13,311.92999267578125
2019-11-20,0,0,0.0004948418323410637,13,310.7699890136719
2019-11-21,0,0,0.0005779824770704877,13,310.2699890136719
2019-11-22,0,0,0.00024518049523729237,13,310.9599914550781
2019-11-25,0,0,0.00014417488297195484,13,313.3699951171875
2019-11-26,0,0,0.00014387087197585393,13,314.0799865722656
2019-11-27,0,0,0.0001986431408888881,13,315.4800109863281
2019-11-29,0,0,0.0004031470022719998,13,314.3099975585937
2019-12-02,0,0,0.0030271932918593137,13,311.6400146484375
2019-12-03,0,0,0.016309634548557363,13,309.54998779296875
2019-12-04,0,0,0.0031014088354580937,13,311.4599914550781
2019-12-05,0,0,0.0010345522415773087,13,312.0199890136719
2019-12-06,0,0,0.00030333896700017075,13,314.8699951171875
2019-12-09,0,0,0.004285396815351341,13,313.8800048828125
2019-12-10,0,0,0.003895807722451691,13,313.5299987792969
2019-12-11,0,0,0.001348273901403161,13,314.4200134277344
2019-12-12,0,0,0.0005146577601532515,13,317.1300048828125
2019-12-13,0,0,0.00020704703286760734,13,317.32000732421875
2019-12-16,0,0,0.0001632302257171674,13,319.5
2019-12-17,0,0,0.00018324586750000625,13,319.57000732421875
2019-12-18,0,0,0.00021145499730284103,13,319.5899963378906
2019-12-19,0,0,0.0003591770007383467,13,320.8999938964844
2019-12-20,0,0,0.00037167342335176347,13,320.7300109863281
2019-12-23,0,0,0.0003221229519125189,13,321.2200012207031
2019-12-24,0,0,0.00017863761361537237,13,321.2300109863281
2019-12-26,0,0,0.0002151963910018847,13,322.94000244140625
2019-12-27,0,0,0.0002608082255222372,13,322.8599853515625
2019-12-30,0,0,0.0008700491740171037,13,321.0799865722656
2019-12-31,0,0,0.000800588825960738,13,321.8599853515625
2020-01-02,0,0,0.0024239023544588333,13,324.8699951171875
2020-01-03,0,0,0.0013463765282099352,13,322.4100036621094
2020-01-06,0,0,0.0012745344770404572,13,323.6400146484375
2020-01-07,0,0,0.0004230751803045731,13,322.7300109863281
2020-01-08,0,0,0.0006021435032755629,13,324.45001220703125
2020-01-09,0,0,0.000664454946040913,13,326.6499938964844
2020-01-10,0,0,0.0003708574165701476,13,325.7099914550781
2020-01-13,0,0,0.0002513344751875671,13,327.95001220703125
2020-01-14,0,0,0.0002145236658071496,13,327.45001220703125
2020-01-15,0,0,0.00016008558405507687,13,328.19000244140625
2020-01-16,0,0,0.00020155505008624832,13,330.9200134277344
2020-01-17,0,0,0.00017299864851332778,13,331.95001220703125
2020-01-21,0,0,0.00023679309156006943,13,331.29998779296875
2020-01-22,0,0,0.00029745922192381166,13,331.3399963378906
2020-01-23,0,0,0.00026622877242972617,13,331.7200012207031
2020-01-24,0,0,0.0007012461638585223,13,328.7699890136719
2020-01-27,0,0,0.20999077541883798,13,323.5
2020-01-28,0,0,0.15184696426787014,13,326.8900146484375
2020-01-29,0,0,0.11921125514896125,13,326.6199951171875
2020-01-30,0,0,0.03459592463884614,13,327.67999267578125
2020-01-31,1,1,0.8673254731030184,13,321.7300109863281
2020-02-03,1,1,0.9899222433765547,13,324.1199951171875
2020-02-04,1,1,0.9899094502270803,13,329.0599975585937
2020-02-05,1,1,0.9931138390879456,13,332.8599853515625
2020-02-06,1,1,0.9992259884367573,14,333.9800109863281
2020-02-07,1,1,0.9992873086352619,14,332.20001220703125
2020-02-10,1,1,0.9994801347462585,14,334.67999267578125
2020-02-11,1,1,0.9991736839113472,14,335.260009765625
2020-02-12,1,1,0.9992383351930817,14,337.4200134277344
2020-02-13,1,1,0.9991819576470152,14,337.0599975585937
2020-02-14,1,1,0.9981725353208512,14,337.6000061035156
2020-02-18,1,1,0.9984042599495095,14,336.7300109863281
2020-02-19,1,1,0.9984663049648159,14,338.3399963378906
2020-02-20,1,1,0.9991004744656172,14,336.95001220703125
2020-02-21,1,1,0.9998556251250446,14,333.4800109863281
2020-02-24,1,1,0.9999999999999689,14,322.4200134277344
2020-02-25,1,1,1.0,14,312.6499938964844
2020-02-26,1,1,1.0,14,311.5
2020-02-27,1,1,1.0,14,297.510009765625
2020-02-28,1,1,1.0,14,296.260009765625
2020-03-02,1,1,1.0,14,309.0899963378906
2020-03-03,1,1,1.0,14,300.239990234375
2020-03-04,1,1,1.0,14,312.8599853515625
2020-03-05,1,1,1.0,14,302.4599914550781
2020-03-06,1,1,1.0,14,297.4599914550781
2020-03-09,1,1,1.0,14,274.2300109863281
2020-03-10,1,1,1.0,14,288.4200134277344
2020-03-11,1,1,1.0,14,274.3599853515625
2020-03-12,1,1,1.0,14,248.1100006103516
2020-03-13,1,1,1.0,14,269.32000732421875
2020-03-16,1,1,1.0,14,239.8500061035156
2020-03-17,1,1,1.0,14,252.8000030517578
2020-03-18,1,1,1.0,14,240.0
2020-03-19,1,1,1.0,14,240.50999450683597
2020-03-20,1,1,1.0,14,228.8000030517578
2020-03-23,1,1,1.0,14,222.9499969482422
2020-03-24,1,1,1.0,14,243.1499938964844
2020-03-25,1,1,1.0,14,246.7899932861328
2020-03-26,1,1,1.0,14,261.20001220703125
2020-03-27,1,1,1.0,14,253.4199981689453
2020-03-30,1,1,1.0,14,261.6499938964844
2020-03-31,1,1,1.0,14,257.75
2020-04-01,1,1,1.0,14,246.1499938964844
2020-04-02,1,1,1.0,14,251.8300018310547
2020-04-03,1,1,1.0,14,248.19000244140625
2020-04-06,1,1,1.0,14,264.8599853515625
2020-04-07,1,1,1.0,14,265.1300048828125
2020-04-08,1,1,1.0,14,274.0299987792969
2020-04-09,1,1,1.0,14,278.20001220703125
2020-04-13,1,1,1.0,14,275.6600036621094
2020-04-14,1,1,1.0,14,283.7900085449219
2020-04-15,1,1,1.0,14,277.760009765625
2020-04-16,1,1,1.0,14,279.1000061035156
2020-04-17,1,1,1.0,14,286.6400146484375
2020-04-20,1,1,1.0,14,281.5899963378906
2020-04-21,1,1,1.0,14,273.0400085449219
2020-04-22,1,1,1.0,14,279.1000061035156
2020-04-23,1,1,1.0,14,279.0799865722656
2020-04-24,1,1,1.0,14,282.9700012207031
2020-04-27,1,1,1.0,14,287.04998779296875
2020-04-28,1,1,1.0,14,285.7300109863281
2020-04-29,1,1,1.0,14,293.2099914550781
2020-04-30,1,1,1.0,14,290.4800109863281
2020-05-01,1,1,1.0,14,282.7900085449219
2020-05-04,1,1,1.0,14,283.57000732421875
2020-05-05,1,1,1.0,14,286.19000244140625
2020-05-06,1,1,1.0,14,284.25
2020-05-07,1,1,1.0,14,287.67999267578125
2020-05-08,1,1,1.0,14,292.44000244140625
2020-05-11,1,1,1.0,14,292.5
2020-05-12,1,1,1.0,14,286.6700134277344
2020-05-13,1,1,1.0,14,281.6000061035156
2020-05-14,1,1,1.0,14,284.9700012207031
2020-05-15,1,1,1.0,14,286.2799987792969
2020-05-18,1,1,1.0,14,295.0
2020-05-19,1,1,1.0,14,291.9700012207031
2020-05-20,1,1,1.0,14,296.92999267578125
2020-05-21,1,1,1.0,14,294.8800048828125
2020-05-22,1,1,1.0,14,295.44000244140625
2020-05-26,1,1,1.0,14,299.0799865722656
2020-05-27,1,1,1.0,14,303.5299987792969
2020-05-28,1,1,1.0,14,302.9700012207031
2020-05-29,1,1,1.0,14,304.32000732421875
2020-06-01,1,1,1.0,14,305.54998779296875
2020-06-02,1,1,1.0,14,308.0799865722656
2020-06-03,1,1,1.0,14,312.17999267578125
2020-06-04,1,1,1.0,14,311.3599853515625
2020-06-05,1,1,1.0,14,319.3399963378906
2020-06-08,1,1,1.0,14,323.20001220703125
2020-06-09,1,1,1.0,14,320.7900085449219
2020-06-10,1,1,1.0,14,319.0
2020-06-11,1,1,1.0,14,300.6099853515625
2020-06-12,1,1,1.0,14,304.2099914550781
2020-06-15,1,1,1.0,14,307.04998779296875
2020-06-16,1,1,1.0,14,312.9599914550781
2020-06-17,1,1,1.0,14,311.6600036621094
2020-06-18,1,1,1.0,14,311.7799987792969
2020-06-19,1,1,1.0,14,308.6400146484375
2020-06-22,1,1,1.0,14,310.6199951171875
2020-06-23,1,1,1.0,14,312.04998779296875
2020-06-24,1,1,1.0,14,304.0899963378906
2020-06-25,1,1,1.0,14,307.3500061035156
2020-06-26,1,1,1.0,14,300.04998779296875
2020-06-29,1,1,1.0,14,304.4599914550781
2020-06-30,1,1,1.0,14,308.3599853515625
2020-07-01,1,1,1.0,14,310.5199890136719
2020-07-02,1,1,1.0,14,312.2300109863281
2020-07-06,1,1,1.0,14,317.04998779296875
2020-07-07,1,1,1.0,14,313.7799987792969
2020-07-08,1,1,1.0,14,316.17999267578125
2020-07-09,1,1,1.0,14,314.3800048828125
2020-07-10,1,1,1.0,14,317.5899963378906
2020-07-13,1,1,1.0,14,314.8399963378906
2020-07-14,1,1,1.0,14,318.9200134277344
2020-07-15,1,1,1.0,14,321.8500061035156
2020-07-16,1,1,1.0,14,320.7900085449219
2020-07-17,1,1,0.9999999999999982,14,321.7200012207031
2020-07-20,1,1,0.9999999999999858,14,324.32000732421875
2020-07-21,1,1,0.9999999999999893,14,325.010009765625
2020-07-22,1,1,0.9999999999999716,14,326.8599853515625
2020-07-23,1,1,0.9999999999999964,14,322.9599914550781
2020-07-24,1,1,0.9999999999999414,14,320.8800048828125
2020-07-27,1,1,0.9999999999999432,14,323.2200012207031
2020-07-28,1,1,0.9999999999998117,14,321.1700134277344
2020-07-29,1,1,0.9999999999871889,14,325.1199951171875
2020-07-30,1,1,0.9999999999948272,14,323.9599914550781
2020-07-31,1,1,0.9999999999808651,14,326.5199890136719
2020-08-03,1,1,0.9999999996248246,14,328.7900085449219
2020-08-04,1,1,0.9999999997821494,14,330.0599975585937
2020-08-05,1,1,0.9999999979271497,14,332.1099853515625
2020-08-06,1,1,0.9999999999422977,15,334.3299865722656
2020-08-07,1,1,0.9999999915739934,15,334.57000732421875
2020-08-10,1,1,0.9999999999120393,15,335.57000732421875
2020-08-11,1,1,0.9999999909226558,15,332.79998779296875
2020-08-12,1,1,0.9999930276919019,15,337.44000244140625
2020-08-13,1,1,0.999984926110546,15,336.8299865722656
2020-08-14,1,1,0.9999599379370097,15,336.8399963378906
2020-08-17,1,1,0.9996243683481706,15,337.9100036621094
2020-08-18,1,1,0.9997170969457084,15,338.6400146484375
2020-08-19,1,1,0.9999117263345377,15,337.2300109863281
2020-08-20,1,1,0.9999969799595436,15,338.2799987792969
2020-08-21,1,1,0.9999994728886147,15,339.4800109863281
2020-08-24,1,1,0.999999327637259,15,342.9200134277344
2020-08-25,1,1,0.9999997979483419,15,344.1199951171875
2020-08-26,1,1,0.9999999959495733,15,347.57000732421875
2020-08-27,1,1,0.9999999999935199,15,348.3299865722656
2020-08-28,1,1,0.9999999989335286,15,350.5799865722656
2020-08-31,1,1,0.9999999999998179,15,349.3099975585937
2020-09-01,1,1,0.9999999999997797,15,352.6000061035156
2020-09-02,1,1,0.9999999999999929,15,357.70001220703125
2020-09-03,1,1,1.0,15,345.3900146484375
2020-09-04,1,1,0.9999999999999654,15,342.57000732421875
2020-09-08,1,1,0.9999999999916263,15,333.2099914550781
2020-09-09,1,1,0.9999999977527905,15,339.7900085449219
2020-09-10,1,1,0.9999999647974238,15,333.8900146484375
2020-09-11,1,1,0.9999507085226275,15,334.0599975585937
2020-09-14,1,1,0.9998487505796871,15,338.4599914550781
2020-09-15,1,1,0.9997742499425477,15,340.1700134277344
2020-09-16,1,1,0.9998008483221809,15,338.82000732421875
2020-09-17,1,1,0.9998522858542589,15,335.8399963378906
2020-09-18,1,1,0.994186122935839,15,330.6499938964844
2020-09-21,1,1,0.9995781324023055,15,326.9700012207031
2020-09-22,1,1,0.997923012682038,15,330.29998779296875
2020-09-23,1,1,0.999751716533189,15,322.6400146484375
2020-09-24,1,1,0.9995149174058454,15,323.5
2020-09-25,1,1,0.9922071964768049,15,328.7300109863281
2020-09-28,1,1,0.9791410421588463,15,334.19000244140625
2020-09-29,1,1,0.9516878407866968,15,332.3699951171875
2020-09-30,1,1,0.894831481428876,15,334.8900146484375
2020-10-01,1,1,0.8573304338429549,15,337.0400085449219
2020-10-02,1,1,0.9979461898844223,15,333.8399963378906
2020-10-05,1,1,0.9999905520059035,15,339.760009765625
2020-10-06,1,1,0.9999999952642251,15,334.92999267578125
2020-10-07,1,1,0.9999994808161767,15,340.760009765625
2020-10-08,1,1,0.9999995742510004,15,343.7799987792969
2020-10-09,1,1,0.9999969639328362,15,346.8500061035156
2020-10-12,1,1,0.9999986456465685,15,352.42999267578125
2020-10-13,1,1,0.9999987798378981,15,350.1300048828125
2020-10-14,1,1,0.9999992350531061,15,347.92999267578125
2020-10-15,1,1,0.9999999713612531,15,347.5
2020-10-16,1,1,0.9999999998533884,15,347.2900085449219
2020-10-19,1,1,0.9999999999984981,15,342.010009765625
2020-10-20,1,1,0.999999999996982,15,343.3800048828125
2020-10-21,1,1,0.9999999999999813,15,342.7300109863281
2020-10-22,1,1,0.9999999999999352,15,344.6099853515625
2020-10-23,1,1,0.9999999999985345,15,345.7799987792969
2020-10-26,1,1,1.0,15,339.3900146484375
2020-10-27,1,1,1.0,15,338.2200012207031
2020-10-28,1,1,1.0,15,326.6600036621094
2020-10-29,1,1,1.0,15,329.9800109863281
2020-10-30,1,1,1.0,15,326.5400085449219
2020-11-02,1,1,1.0,15,330.20001220703125
2020-11-03,1,1,1.0,15,336.0299987792969
2020-11-04,1,1,0.9999999981416838,15,343.5400085449219
2020-11-05,1,1,0.9999997916508468,15,350.239990234375
2020-11-06,1,1,0.9992218254578572,15,350.1600036621094
2020-11-09,1,1,0.9998493772468229,15,354.5599975585937
2020-11-10,1,1,0.9995836881798974,15,354.0400085449219
2020-11-11,1,1,0.9991487168267718,15,356.6700134277344
2020-11-12,1,1,0.999900779770231,15,353.2099914550781
2020-11-13,1,1,0.9992445137065384,15,358.1000061035156
2020-11-16,1,1,0.9999900444422939,15,362.5700073242188
2020-11-17,1,1,0.9999538487779763,15,360.6199951171875
2020-11-18,1,1,0.9999629265507005,15,356.2799987792969
2020-11-19,1,1,0.9998418759821607,15,357.7799987792969
2020-11-20,1,1,0.999641552916792,15,355.3299865722656
2020-11-23,1,1,0.9999888159379574,15,357.4599914550781
2020-11-24,1,1,0.999998589997219,15,363.2200012207031
2020-11-25,1,1,0.999999999409944,15,362.6600036621094
2020-11-27,1,1,0.9999999882630588,15,363.6700134277344
2020-11-30,1,1,0.9999999907425243,15,362.05999755859375
2020-12-01,1,1,0.9999999942502535,15,366.0199890136719
2020-12-02,1,1,0.9999998154906812,15,366.7900085449219
2020-12-03,1,1,0.9999761944434405,15,366.6900024414063
2020-12-04,1,1,0.9997461977573303,15,369.8500061035156
2020-12-07,1,1,0.9999400660013643,15,369.0899963378906
2020-12-08,1,1,0.9978829968632452,15,370.1700134277344
2020-12-09,1,1,0.99978000762852,15,366.8500061035156
2020-12-10,1,1,0.9998598249480767,15,366.7300109863281
2020-12-11,1,1,0.9999987257234172,15,366.2999877929688
2020-12-14,1,1,0.9999998953084664,15,364.6600036621094
2020-12-15,1,1,0.9999610604467984,15,369.5899963378906
2020-12-16,1,1,0.9999072279858936,15,370.1700134277344
2020-12-17,1,1,0.9999593111927311,15,372.239990234375
2020-12-18,1,1,0.9992970559223995,15,369.1799926757813
2020-12-21,1,1,0.9999999746914637,15,367.8599853515625
2020-12-22,1,1,0.9999989300735329,15,367.239990234375
2020-12-23,1,1,0.9999921660225636,15,367.5700073242188
2020-12-24,1,1,0.9996818072075808,15,369.0
2020-12-28,1,1,0.9997393607041872,15,372.1700134277344
2020-12-29,1,1,0.999993982901807,15,371.4599914550781
2020-12-30,1,1,0.9999960975490325,15,371.989990234375
2020-12-31,1,1,0.9999919244173272,15,373.8800048828125
2021-01-04,1,1,0.9999999996793338,15,368.7900085449219
2021-01-05,1,1,0.9999998376840303,15,371.3299865722656
2021-01-06,1,1,0.9999996609063035,15,373.5499877929688
2021-01-07,1,1,0.9996879217442762,15,379.1000061035156
2021-01-08,1,1,0.9997400897962538,15,381.260009765625
2021-01-11,1,1,0.9999983217893766,15,378.6900024414063
2021-01-12,1,1,0.9999898886012751,15,378.7699890136719
2021-01-13,1,1,0.9999457522031874,15,379.7900085449219
2021-01-14,1,1,0.9999803505914894,15,378.4599914550781
2021-01-15,1,1,0.9999969088858833,15,375.7000122070313
2021-01-19,1,1,0.9999783940178146,15,378.6499938964844
2021-01-20,1,1,0.9997421950087361,15,383.8900146484375
2021-01-21,1,1,0.9998288375499182,15,384.239990234375
2021-01-22,1,1,0.9999138581864373,15,382.8800048828125
2021-01-25,1,1,0.9999973476177674,15,384.3900146484375
2021-01-26,1,1,0.9999899911739625,15,383.7900085449219
2021-01-27,1,1,1.0,15,374.4100036621094
2021-01-28,1,1,0.9999999999997309,15,377.6300048828125
2021-01-29,1,1,0.9999999999999991,15,370.0700073242188
2021-02-01,1,1,0.999999999975473,15,376.2300109863281
2021-02-02,1,1,0.999999546189528,15,381.5499877929688
2021-02-03,1,1,0.9991742421431704,15,381.8500061035156
2021-02-04,1,1,0.9957201826932472,15,386.1900024414063
2021-02-05,1,1,0.9938644762208525,16,387.7099914550781
2021-02-08,1,1,0.9967752850585442,16,390.510009765625
2021-02-09,1,1,0.999712278317685,16,390.25
2021-02-10,1,1,0.9998820732268889,16,390.0799865722656
2021-02-11,1,1,0.9990179526648812,16,390.7099914550781
2021-02-12,1,1,0.9960559120982683,16,392.6400146484375
2021-02-16,1,1,0.9999577524945145,16,392.2999877929688
2021-02-17,1,1,0.9998760337640226,16,392.3900146484375
2021-02-18,1,1,0.9997776480492929,16,390.7200012207031
2021-02-19,1,1,0.9989726074199216,16,390.0299987792969
2021-02-22,1,1,0.9999370135274963,16,387.0299987792969
2021-02-23,1,1,0.9998115015191386,16,387.5
2021-02-24,1,1,0.9975283314730603,16,391.7699890136719
2021-02-25,1,1,0.9999999999999822,16,382.3299865722656
2021-02-26,1,1,0.9999999999754974,16,380.3599853515625
2021-03-01,1,1,0.999999987887854,16,389.5799865722656
2021-03-02,1,1,0.9999996318866511,16,386.5400085449219
2021-03-03,1,1,0.9999999843971207,16,381.4200134277344
2021-03-04,1,1,0.9999999997471543,16,376.7000122070313
2021-03-05,1,1,0.9999408734967845,16,383.6300048828125
2021-03-08,1,1,0.9999902951818765,16,381.7200012207031
2021-03-09,1,1,0.9999207403465747,16,387.1700134277344
2021-03-10,1,1,0.9980408986816711,16,389.5799865722656
2021-03-11,1,1,0.9970422744146218,16,393.5299987792969
2021-03-12,1,1,0.9883389834643485,16,394.05999755859375
2021-03-15,1,1,0.9764302465755965,16,396.4100036621094
2021-03-16,1,1,0.9602652254325726,16,395.9100036621094
2021-03-17,1,1,0.8941759182885738,16,397.260009765625
2021-03-18,1,1,0.9911767378731585,16,391.4800109863281
2021-03-19,1,1,0.973620928769847,16,389.4800109863281
2021-03-22,1,1,0.7744589048528904,16,392.5899963378906
2021-03-23,0,0,0.40929563554721077,16,389.5
2021-03-24,0,0,0.045684118778195504,16,387.5199890136719
2021-03-25,0,0,0.008888886714261815,16,389.7000122070313
2021-03-26,0,0,0.010683405812833223,16,395.9800109863281
2021-03-29,0,0,0.012406970168092918,16,395.7799987792969
2021-03-30,0,0,0.0042337574927951765,16,394.7300109863281
2021-03-31,0,0,0.018055316240382577,16,396.3299865722656
2021-04-01,0,0,0.048385075631641905,16,400.6099853515625
2021-04-05,0,0,0.16217919778276682,16,406.3599853515625
2021-04-06,1,0,0.7051843347765321,16,406.1199951171875
2021-04-07,0,0,0.39714679971807126,16,406.5899963378906
2021-04-08,0,0,0.08147626250035472,16,408.5199890136719
2021-04-09,0,0,0.005915850971334167,16,411.489990234375
2021-04-12,0,0,0.0009078814043359895,16,411.6400146484375
2021-04-13,0,0,0.0002711035384638675,16,412.8599853515625
2021-04-14,0,0,0.0003575563173270398,16,411.4500122070313
2021-04-15,0,0,0.0004873262566931203,16,415.8699951171875
2021-04-16,0,0,0.0063533593686026,16,417.260009765625
2021-04-19,0,0,0.04634062675635144,16,415.2099914550781
2021-04-20,0,0,0.19687874620120424,16,412.1700134277344
2021-04-21,1,0,0.6653219098915343,16,416.0700073242188
2021-04-22,1,0,0.9900237751565293,16,412.2699890136719
2021-04-23,1,0,0.9968181001451456,16,416.739990234375
2021-04-26,1,0,0.989740518889176,16,417.6099853515625
2021-04-27,1,0,0.9858339173047196,16,417.5199890136719
2021-04-28,1,0,0.9752887928752647,16,417.3999938964844
2021-04-29,1,0,0.9900485241076559,16,420.05999755859375
2021-04-30,1,0,0.9850990418206178,16,417.2999877929688
2021-05-03,1,0,0.909159150323504,16,418.2000122070313
2021-05-04,1,0,0.9142537031857959,16,415.6199951171875
2021-05-05,1,0,0.8411269450883273,16,415.75
2021-05-06,0,0,0.46521333290741895,16,419.0700073242188
2021-05-07,0,0,0.012115911493513817,16,422.1199951171875
2021-05-10,0,0,0.00856027331739703,16,417.9400024414063
2021-05-11,0,0,0.1568933902340608,16,414.2099914550781
2021-05-12,1,0,0.9999995452120588,16,405.4100036621094
2021-05-13,1,0,0.9987815400954628,16,410.2799987792969
2021-05-14,0,0,0.37291055434707177,16,416.5799865722656
2021-05-17,0,0,0.017822677365892412,16,415.5199890136719
2021-05-18,0,0,0.010530993777675782,16,411.9400024414063
2021-05-19,0,0,0.013658730175108812,16,410.8599853515625
2021-05-20,0,0,0.005935359296255875,16,415.2799987792969
2021-05-21,0,0,0.0005922668994034955,16,414.9400024414063
2021-05-24,0,0,4.7994603404873215e-05,16,419.1700134277344
2021-05-25,0,0,6.689972501455844e-05,16,418.239990234375
2021-05-26,0,0,1.649576172443511e-05,16,419.0700073242188
2021-05-27,0,0,8.879511098183475e-06,16,419.2900085449219
2021-05-28,0,0,1.3992333864292668e-05,16,420.0400085449219
2021-06-01,0,0,2.7552980511992108e-05,16,419.6700134277344
2021-06-02,0,0,3.1078331199318835e-05,16,420.3299865722656
2021-06-03,0,0,4.351927220156274e-05,16,418.7699890136719
2021-06-04,0,0,1.1063620310931319e-05,16,422.6000061035156
2021-06-07,0,0,8.270117436656816e-06,16,422.1900024414063
2021-06-08,0,0,2.2895891106100774e-05,16,422.2799987792969
2021-06-09,0,0,0.00011167028182627597,16,421.6499938964844
2021-06-10,0,0,0.00028580682249024187,16,423.6099853515625
2021-06-11,0,0,7.277972621498285e-05,16,424.30999755859375
2021-06-14,0,0,0.00011293820267514387,16,425.260009765625
2021-06-15,0,0,0.000331504935335054,16,424.4800109863281
2021-06-16,0,0,0.003926805372243899,16,422.1099853515625
2021-06-17,0,0,0.006428079117077181,16,421.9700012207031
2021-06-18,0,0,0.12869979985392002,16,414.9200134277344
2021-06-21,0,0,0.006840582052523441,16,420.8599853515625
2021-06-22,0,0,0.0001253919128609064,16,423.1099853515625
2021-06-23,0,0,3.8249487839943144e-05,16,422.6000061035156
2021-06-24,0,0,3.806654275974391e-05,16,425.1000061035156
2021-06-25,0,0,3.5426533481767e-05,16,426.6099853515625
2021-06-28,0,0,4.1596137795950234e-05,16,427.4700012207031
2021-06-29,0,0,7.320974055559826e-05,16,427.7000122070313
2021-06-30,0,0,4.8873970185420145e-05,16,428.05999755859375
2021-07-01,0,0,4.685407974291306e-05,16,430.4299926757813
2021-07-02,0,0,3.0152296858794293e-05,16,433.7200012207031
2021-07-06,0,0,0.00010326643872590231,16,432.9299926757813
2021-07-07,0,0,8.635536236441789e-05,16,434.4599914550781
2021-07-08,0,0,0.0025210101881645024,16,430.9200134277344
2021-07-09,0,0,6.86742321447177e-05,16,435.5199890136719
2021-07-12,0,0,5.5061166884054475e-05,16,437.0799865722656
2021-07-13,0,0,0.00010261037155143625,16,435.5899963378906
2021-07-14,0,0,5.424721727975784e-05,16,436.239990234375
2021-07-15,0,0,0.00015332995476129504,16,434.75
2021-07-16,0,0,0.0005593158652941977,16,431.3399963378906
2021-07-19,1,0,0.9133611076838695,16,424.9700012207031
2021-07-20,1,0,0.9277214962372337,16,431.05999755859375
2021-07-21,0,0,0.41517877397264347,16,434.5499877929688
2021-07-22,0,0,0.04267476961261552,16,435.4599914550781
2021-07-23,0,0,0.002459024947697452,16,439.9400024414063
2021-07-26,0,0,0.0007938027993033279,16,441.0199890136719
2021-07-27,0,0,0.005595466211978255,16,439.010009765625
2021-07-28,0,0,0.001400066873046965,16,438.8299865722656
2021-07-29,0,0,0.00044309557047160665,16,440.6499938964844
2021-07-30,0,0,0.0002666878165348668,16,438.510009765625
2021-08-02,0,0,0.0011988995035524682,16,437.5899963378906
2021-08-03,0,0,0.0003891668276189122,16,441.1499938964844
2021-08-04,0,0,0.000171220063197643,16,438.9800109863281
2021-08-05,0,0,0.00019259607517565464,16,441.760009765625
2021-08-06,0,0,4.127727672680962e-05,17,442.489990234375
2021-08-09,0,0,5.24886456278681e-05,17,442.1300048828125
2021-08-10,0,0,5.5316146486248685e-05,17,442.6799926757813
2021-08-11,0,0,5.6748749535647707e-05,17,443.7799987792969
2021-08-12,0,0,4.643765440892136e-05,17,445.1099853515625
2021-08-13,0,0,3.7596654001791176e-05,17,445.9200134277344
2021-08-16,0,0,3.278146228356147e-05,17,446.9700012207031
2021-08-17,0,0,5.895218152421091e-05,17,444.0400085449219
2021-08-18,0,0,0.00027482658326356276,17,439.1799926757813
2021-08-19,0,0,0.0003178795458432778,17,439.8599853515625
2021-08-20,0,0,0.00010607451331154589,17,443.3599853515625
2021-08-23,0,0,3.945878390134899e-05,17,447.260009765625
2021-08-24,0,0,3.621297883179551e-05,17,447.9700012207031
2021-08-25,0,0,3.1641789075085516e-05,17,448.9100036621094
2021-08-26,0,0,6.419002352804101e-05,17,446.260009765625
2021-08-27,0,0,2.5395336909010225e-05,17,450.25
2021-08-30,0,0,3.269733617976195e-05,17,452.2300109863281
2021-08-31,0,0,4.761809117348825e-05,17,451.55999755859375
2021-09-01,0,0,3.473858900385453e-05,17,451.7999877929688
2021-09-02,0,0,3.8884405818022554e-05,17,453.1900024414063
2021-09-03,0,0,5.036460488820062e-05,17,453.0799865722656
2021-09-07,0,0,9.419427498218855e-05,17,451.4599914550781
2021-09-08,0,0,0.0002388885423324946,17,450.9100036621094
2021-09-09,0,0,0.0005065227994530789,17,448.9800109863281
2021-09-10,0,0,0.0015393152428777091,17,445.4400024414063
2021-09-13,0,0,0.0007140768558240286,17,446.5799865722656
2021-09-14,0,0,0.0012014900261108669,17,444.1700134277344
2021-09-15,0,0,0.0004133422102500293,17,447.8800048828125
2021-09-16,0,0,0.0005390274337628985,17,447.1700134277344
2021-09-17,0,0,0.003054477074783904,17,441.3999938964844
2021-09-20,0,0,0.15011947040651097,17,434.0400085449219
2021-09-21,1,0,0.7879652063944157,17,433.6300048828125
2021-09-22,1,0,0.5349245541073596,17,437.8599853515625
2021-09-23,0,0,0.02291385172685935,17,443.1799926757813
2021-09-24,0,0,0.00023658753617374176,17,443.9100036621094
2021-09-27,0,0,0.0001414441562287349,17,442.6400146484375
2021-09-28,0,0,0.0020581829154200917,17,433.7200012207031
2021-09-29,0,0,0.0015767171194280454,17,434.4500122070313
2021-09-30,0,0,0.011249424088712653,17,429.1400146484375
2021-10-01,0,0,0.0009879781077333073,17,434.239990234375
2021-10-04,0,0,0.0018706277073154357,17,428.6400146484375
2021-10-05,0,0,0.00028499087578895144,17,433.1000061035156
2021-10-06,0,0,0.00012682030399079712,17,434.8999938964844
2021-10-07,0,0,5.602403906042958e-05,17,438.6600036621094
2021-10-08,0,0,5.878087007373863e-05,17,437.8599853515625
2021-10-11,0,0,0.0001504524092226363,17,434.6900024414063
2021-10-12,0,0,0.0001005380309295991,17,433.6199951171875
2021-10-13,0,0,7.303864992117927e-05,17,435.1799926757813
2021-10-14,0,0,5.0175049700863345e-05,17,442.5
2021-10-15,0,0,0.00013392143836646428,17,445.8699951171875
2021-10-18,0,0,0.00019488991456102688,17,447.1900024414063
2021-10-19,0,0,0.0008822836542816473,17,450.6400146484375
2021-10-20,0,0,0.0007185020156974119,17,452.4100036621094
2021-10-21,0,0,0.0006267884766241327,17,453.5899963378906
2021-10-22,0,0,0.0005947936825473137,17,453.1199951171875
2021-10-25,0,0,0.0005908471124729838,17,455.5499877929688
2021-10-26,0,0,0.00045533468803689493,17,455.9599914550781
2021-10-27,0,0,0.0005135492754876013,17,453.9400024414063
2021-10-28,0,0,0.001913429864169955,17,458.3200073242188
2021-10-29,0,0,0.0009470265612604548,17,459.25
2021-11-01,0,0,0.006615619674612633,17,460.0400085449219
2021-11-02,0,0,0.0011129793233032198,17,461.8999938964844
2021-11-03,0,0,0.0004223439639498053,17,464.7200012207031
2021-11-04,0,0,0.00011772152780620993,17,466.9100036621094
2021-11-05,0,0,5.816403764531671e-05,17,468.5299987792969
2021-11-08,0,0,8.512136307792467e-05,17,468.9299926757813
2021-11-09,0,0,9.566488574601139e-05,17,467.3800048828125
2021-11-10,0,0,0.00017047387066380172,17,463.6199951171875
2021-11-11,0,0,0.0003009423533209203,17,463.7699890136719
2021-11-12,0,0,0.00014259815620965377,17,467.2699890136719
2021-11-15,0,0,0.00014300199276294043,17,467.4299926757813
2021-11-16,0,0,0.0001222807209477525,17,469.2799987792969
2021-11-17,0,0,0.00013298911899324668,17,468.1400146484375
2021-11-18,0,0,0.00010281797587950403,17,469.7300109863281
2021-11-19,0,0,8.047251089904034e-05,17,468.8900146484375
2021-11-22,0,0,0.000255228176797782,17,467.5700073242188
2021-11-23,0,0,0.0004214823366046509,17,468.1900024414063
2021-11-24,0,0,0.0004627641482084646,17,469.4400024414063
2021-11-26,0,0,0.056878408684485925,17,458.9700012207031
2021-11-29,0,0,0.0020745761743387117,17,464.6000061035156
2021-11-30,0,0,0.0017298019000967985,17,455.55999755859375
2021-12-01,0,0,0.05811369108645196,17,450.5
2021-12-02,0,0,0.012107573515171721,17,457.3999938964844
2021-12-03,0,0,0.05039616406854303,17,453.4200134277344
2021-12-06,0,0,0.0063950039505502165,17,458.7900085449219
2021-12-07,0,0,0.00011136669214237728,17,468.2799987792969
2021-12-08,0,0,7.043208870202011e-05,17,469.5199890136719
2021-12-09,0,0,7.219205593421938e-05,17,466.3500061035156
2021-12-10,0,0,6.6715486169283e-05,17,470.739990234375
2021-12-13,0,0,5.281546037476402e-05,17,466.5700073242188
2021-12-14,0,0,7.43879716388127e-05,17,463.3599853515625
2021-12-15,0,0,7.072231661638977e-05,17,470.6000061035156
2021-12-16,0,0,7.090191234897683e-05,17,466.4500122070313
2021-12-17,0,0,0.00012262673532508695,17,459.8699951171875
2021-12-20,0,0,0.00022743310856885495,17,454.9800109863281
2021-12-21,0,0,0.00045452364954885765,17,463.05999755859375
2021-12-22,0,0,0.0009406799651171374,17,467.6900024414063
2021-12-23,0,0,0.002391712401574861,17,470.6000061035156
2021-12-27,0,0,0.008700969972464246,17,477.260009765625
2021-12-28,0,0,0.0017395795636315037,17,476.8699951171875
2021-12-29,0,0,0.001002868522460344,17,477.4800109863281
2021-12-30,0,0,0.0013754902833864539,17,476.1600036621094
2021-12-31,0,0,0.00019582953096369525,17,474.9599914550781
2022-01-03,0,0,0.0002606503385463342,17,477.7099914550781
2022-01-04,0,0,0.00011510153063197003,17,477.5499877929688
2022-01-05,0,0,5.9945765134097454e-05,17,468.3800048828125
2022-01-06,0,0,5.11247451543949e-05,17,467.9400024414063
2022-01-07,0,0,4.1710125723744314e-05,17,466.0899963378906
2022-01-10,0,0,4.237767711119399e-05,17,465.510009765625
2022-01-11,0,0,3.5628539247554316e-05,17,469.75
2022-01-12,0,0,3.604246616784626e-05,17,471.0199890136719
2022-01-13,0,0,4.855485146711156e-05,17,464.5299987792969
2022-01-14,0,0,3.4464053290072286e-05,17,464.7200012207031
2022-01-18,0,0,8.607359576379884e-05,17,456.489990234375
2022-01-19,0,0,0.0001212319316951491,17,451.75
2022-01-20,0,0,0.0011786432408529106,17,446.75
2022-01-21,0,0,0.09204289874111393,17,437.9800109863281
2022-01-24,1,0,0.7141579419904704,17,439.8399963378906
2022-01-25,1,0,0.9998980523289616,17,434.4700012207031
2022-01-26,1,0,0.9999965583575375,17,433.3800048828125
2022-01-27,1,0,0.999993747506175,17,431.239990234375
2022-01-28,1,0,0.9852730887849552,17,441.9500122070313
2022-01-31,1,0,0.8149016141442963,17,449.9100036621094
2022-02-01,0,0,0.2737318117048582,17,452.9500122070313
2022-02-02,0,0,0.01684624971715006,17,457.3500061035156
2022-02-03,0,0,0.0022607746712567612,17,446.6000061035156
2022-02-04,0,0,0.0019999131478696894,18,448.7000122070313
2022-02-07,0,0,0.0011147470552817392,18,447.260009765625
2022-02-08,0,0,0.0035472673152906484,18,450.9400024414063
2022-02-09,0,0,0.006072464855777366,18,457.5400085449219
2022-02-10,1,1,0.8395289788828518,18,449.3200073242188
2022-02-11,1,1,0.999385928052305,18,440.4599914550781
2022-02-14,1,1,0.9999269527900491,18,439.0199890136719
2022-02-15,1,1,0.9998449240344189,18,446.1000061035156
2022-02-16,1,1,0.99829393050106,18,446.6000061035156
2022-02-17,1,1,0.9992895340240678,18,437.05999755859375
2022-02-18,1,1,0.9994331746714729,18,434.2300109863281
2022-02-22,1,1,0.9989617549141686,18,429.5700073242188
2022-02-23,1,1,0.998761908012933,18,421.9500122070313
2022-02-24,1,1,0.9873132214413037,18,428.2999877929688
2022-02-25,1,1,0.9791478738791988,18,437.75
2022-02-28,1,1,0.8924622268964323,18,436.6300048828125
2022-03-01,1,1,0.9498816886620834,18,429.9800109863281
2022-03-02,1,1,0.8827367802160492,18,437.8900146484375
2022-03-03,1,1,0.8338456645287357,18,435.7099914550781
2022-03-04,1,1,0.8508317818158931,18,432.1700134277344
2022-03-07,1,1,0.9964172453544857,18,419.4299926757813
2022-03-08,1,1,0.9988265755896287,18,416.25
2022-03-09,1,1,0.9835809103664864,18,427.4100036621094
2022-03-10,1,1,0.9912206702215938,18,425.4800109863281
2022-03-11,1,1,0.975391892412417,18,420.0700073242188
2022-03-14,1,1,0.9984698999377126,18,417.0
2022-03-15,1,1,0.9942607336538594,18,426.1700134277344
2022-03-16,1,1,0.8663395384043857,18,435.6199951171875
2022-03-17,1,1,0.731998526968252,18,441.0700073242188
2022-03-18,1,1,0.6746015747766869,18,444.5199890136719
2022-03-21,1,1,0.9935192667574491,18,444.3900146484375
2022-03-22,1,1,0.9997430461269791,18,449.5899963378906
2022-03-23,1,1,0.9999061875155871,18,443.7999877929688
2022-03-24,1,1,0.9999940375969719,18,450.489990234375
2022-03-25,1,1,0.9999997655756577,18,452.6900024414063
2022-03-28,1,1,0.9999992776701958,18,455.9100036621094
2022-03-29,1,1,0.9999472648573857,18,461.5499877929688
2022-03-30,1,1,0.9986288851408804,18,458.7000122070313
2022-03-31,1,1,0.9959088948722399,18,451.6400146484375
2022-04-01,1,1,0.9981199808278618,18,452.9200134277344
2022-04-04,1,1,0.9964172762915158,18,456.7999877929688
2022-04-05,1,1,0.9991644704563964,18,451.0299987792969
2022-04-06,1,1,0.9974212655751677,18,446.5199890136719
2022-04-07,1,1,0.9887859769183517,18,448.7699890136719
2022-04-08,1,1,0.9927995076555545,18,447.5700073242188
2022-04-11,1,1,0.9392550944894188,18,439.9200134277344
2022-04-12,0,1,0.2583434921093524,18,438.2900085449219
2022-04-13,0,1,0.010218412121404412,18,443.30999755859375
2022-04-14,0,1,0.008026622844156202,18,437.7900085449219
2022-04-18,0,1,0.029745344537082267,18,437.9700012207031
2022-04-19,0,1,0.003797220779393187,18,445.0400085449219
2022-04-20,0,1,0.0006633419180630561,18,444.7099914550781
2022-04-21,0,1,0.002651111544124151,18,438.05999755859375
2022-04-22,0,1,0.05033008615830326,18,426.0400085449219
2022-04-25,0,1,0.0051154358353731584,18,428.510009765625
2022-04-26,0,1,0.4441835639019665,18,416.1000061035156
2022-04-27,1,1,0.9996197905832732,18,417.2699890136719
2022-04-28,1,1,0.9993004260058321,18,427.80999755859375
2022-04-29,1,1,0.9999954682185169,18,412.0
2022-05-02,1,1,0.9999930445328394,18,414.4800109863281
2022-05-03,1,1,0.9999923737192024,18,416.3800048828125
2022-05-04,1,1,0.9855057568076234,18,429.05999755859375
2022-05-05,1,1,0.9998385754301287,18,413.80999755859375
2022-05-06,1,1,0.99993677567908,18,411.3399963378906
2022-05-09,1,1,0.9999969279297626,18,398.1700134277344
2022-05-10,1,1,0.9996589076868383,18,399.0899963378906
2022-05-11,1,1,0.9999964877725972,18,392.75
2022-05-12,1,1,0.9999995513248962,18,392.3399963378906
2022-05-13,1,1,0.999998654978078,18,401.7200012207031
2022-05-16,1,1,0.9999969069623221,18,400.0899963378906
2022-05-17,1,1,0.9999985908101471,18,408.3200073242188
2022-05-18,1,1,0.9999999942379612,18,391.8599853515625
2022-05-19,1,1,0.9999893150875225,18,389.4599914550781
2022-05-20,1,1,0.9999761143067757,18,389.6300048828125
2022-05-23,1,1,0.9999997176839094,18,396.9200134277344
2022-05-24,1,1,0.9999744348172686,18,393.8900146484375
2022-05-25,1,1,0.9975717353055195,18,397.3699951171875
2022-05-26,1,1,0.993368941515897,18,405.30999755859375
2022-05-27,1,1,0.9999583935057367,18,415.260009765625
2022-05-31,1,1,0.9997901651044848,18,412.9299926757813
2022-06-01,1,1,0.9964610789306174,18,409.5899963378906
2022-06-02,1,1,0.9672877043150181,18,417.3900146484375
2022-06-03,1,1,0.9471396147435879,18,410.5400085449219
2022-06-06,1,1,0.9549909714776456,18,411.7900085449219
2022-06-07,1,1,0.9963516284850095,18,415.739990234375
2022-06-08,1,1,0.9890846977794479,18,411.2200012207031
2022-06-09,1,1,0.9909895090751595,18,401.4400024414063
2022-06-10,1,1,0.9986712734486697,18,389.7999877929688
2022-06-13,1,1,0.9999999917983171,18,375.0
2022-06-14,1,1,0.9999988443179689,18,373.8699951171875
2022-06-15,1,1,0.9881543210409338,18,379.2000122070313
2022-06-16,1,1,0.9993245762707267,18,366.6499938964844
2022-06-17,1,1,0.9997706766735986,18,365.8599853515625
2022-06-21,1,1,0.999993454271405,18,375.0700073242188
2022-06-22,1,1,0.9999779142125939,18,374.3900146484375
2022-06-23,1,1,0.9999960489854702,18,378.05999755859375
2022-06-24,1,1,0.99999999997726,18,390.0799865722656
2022-06-27,1,1,1.0,18,388.5899963378906
2022-06-28,1,1,1.0,18,380.6499938964844
2022-06-29,1,1,1.0,18,380.3399963378906
2022-06-30,1,1,0.9999999999999956,18,377.25
2022-07-01,1,1,0.9999999999999378,18,381.239990234375
2022-07-05,1,1,0.9999999999977947,18,381.9599914550781
2022-07-06,1,1,0.9999999999436922,18,383.25
2022-07-07,1,1,0.9999991145404031,18,388.989990234375
2022-07-08,1,1,0.9999125982681637,18,388.6700134277344
2022-07-11,1,1,0.9998766005236355,18,384.2300109863281
2022-07-12,1,1,0.94067102129487,18,380.8299865722656
2022-07-13,1,1,0.9944077742919281,18,378.8299865722656
2022-07-14,1,1,0.9484134536915249,18,377.9100036621094
2022-07-15,1,1,0.6447614164001985,18,385.1300048828125
2022-07-18,0,1,0.37933125931377487,18,381.9500122070313
2022-07-19,1,1,0.9418286810247093,18,392.2699890136719
2022-07-20,1,1,0.9950054853553453,18,394.7699890136719
2022-07-21,1,1,0.9999939825692412,18,398.7900085449219
2022-07-22,1,1,0.9994681057879693,18,395.0899963378906
2022-07-25,1,1,0.987481691118761,18,395.5700073242188
2022-07-26,1,1,0.9931743519857384,18,390.8900146484375
2022-07-27,1,1,0.9999998485518863,18,401.0400085449219
2022-07-28,1,1,0.9999999999840012,18,406.0700073242188
2022-07-29,1,1,0.9999999999960485,18,411.989990234375
2022-08-01,1,1,0.9999999978365022,18,410.7699890136719
2022-08-02,1,1,0.9999999856860393,18,408.05999755859375
2022-08-03,1,1,0.999999999999015,18,414.4500122070313
2022-08-04,1,1,0.9999998612749338,18,414.1700134277344
2022-08-05,1,1,0.9999897530202211,18,413.4700012207031
2022-08-08,1,1,0.9999999996846847,19,412.989990234375
2022-08-09,1,1,0.9999992631332414,19,411.3500061035156
2022-08-10,1,1,0.9999999999961373,19,419.989990234375
2022-08-11,1,1,0.9999999999395182,19,419.989990234375
2022-08-12,1,1,0.9999999986736929,19,427.1000061035156
2022-08-15,1,1,0.9999999999975016,19,428.8599853515625
2022-08-16,1,1,0.9999950118906854,19,429.7000122070313
2022-08-17,1,1,0.9982006318285979,19,426.6499938964844
2022-08-18,1,1,0.9819840688199474,19,427.8900146484375
2022-08-19,1,1,0.9598973795568765,19,422.1400146484375
2022-08-22,1,1,0.9695530458341132,19,413.3500061035156
2022-08-23,1,1,0.9343658316896425,19,412.3500061035156
2022-08-24,1,1,0.638687509387534,19,413.6700134277344
2022-08-25,0,1,0.24844612881361305,19,419.510009765625
2022-08-26,1,1,0.9181963835988244,19,405.30999755859375
2022-08-29,1,1,0.9970408250229903,19,402.6300048828125
2022-08-30,1,1,0.9999113710804186,19,398.2099914550781
2022-08-31,1,1,0.9999999447653491,19,395.1799926757813
2022-09-01,1,1,0.9999999988609831,19,396.4200134277344
2022-09-02,1,1,0.9999999553501803,19,392.239990234375
2022-09-06,1,1,0.9999999959750276,19,390.760009765625
2022-09-07,1,1,0.9995694390094315,19,397.7799987792969
2022-09-08,1,1,0.9999946382408078,19,400.3800048828125
2022-09-09,1,1,0.9996508162649793,19,406.6000061035156
2022-09-12,1,1,0.9999707683448238,19,410.9700012207031
2022-09-13,1,1,0.9999999999440723,19,393.1000061035156
2022-09-14,1,1,0.9999999949154725,19,394.6000061035156
2022-09-15,1,1,0.9999999142809922,19,390.1199951171875
2022-09-16,1,1,0.9999996568753515,19,385.55999755859375
2022-09-19,1,1,0.999759335453151,19,388.5499877929688
2022-09-20,1,1,0.9996978203345365,19,384.0899963378906
2022-09-21,1,1,0.9999700792057722,19,377.3900146484375
2022-09-22,1,1,0.9999988805078135,19,374.2200012207031
2022-09-23,1,1,0.9999999999996714,19,367.9500122070313
2022-09-26,1,1,0.9999999999913873,19,364.30999755859375
2022-09-27,1,1,0.9999999999711893,19,363.3800048828125
2022-09-28,1,1,0.9999420641172452,19,370.5299987792969
2022-09-29,1,1,0.9999931867330744,19,362.7900085449219
2022-09-30,1,1,0.9999978803454026,19,357.17999267578125
2022-10-03,1,1,0.999937334198226,19,366.6099853515625
2022-10-04,1,1,0.9989767501691157,19,377.9700012207031
2022-10-05,1,1,0.9998073686410788,19,377.0899963378906
2022-10-06,1,1,0.999983001079239,19,373.2000122070313
2022-10-07,1,1,0.99999998759432,19,362.7900085449219
2022-10-10,1,1,0.9999999999995444,19,360.0199890136719
2022-10-11,1,1,0.9999974015997662,19,357.739990234375
2022-10-12,1,1,0.9999975519030152,19,356.5599975585937
2022-10-13,1,1,0.9999295333837664,19,365.9700012207031
2022-10-14,1,1,0.9999944183835363,19,357.6300048828125
2022-10-17,1,1,0.9999582412052901,19,366.8200073242188
2022-10-18,1,1,0.9993689168036759,19,371.1300048828125
2022-10-19,1,1,0.9998112133177885,19,368.5
2022-10-20,1,1,0.9997660127780965,19,365.4100036621094
2022-10-21,1,1,0.9999743637875904,19,374.2900085449219
2022-10-24,1,1,0.999999682086269,19,378.8699951171875
2022-10-25,1,1,0.9999999992481561,19,384.9200134277344
2022-10-26,1,1,0.9999960420210798,19,382.0199890136719
2022-10-27,1,1,0.9999999940754978,19,379.9800109863281
2022-10-28,1,1,0.9999999999998033,19,389.0199890136719
2022-10-31,1,1,0.999998822073998,19,386.2099914550781
2022-11-01,1,1,0.9975392534006412,19,384.5199890136719
2022-11-02,1,1,0.9956309988352948,19,374.8699951171875
2022-11-03,1,1,0.996020003279431,19,371.010009765625
2022-11-04,1,1,0.9995077194306441,19,376.3500061035156
2022-11-07,1,1,0.9999947295439573,19,379.9500122070313
2022-11-08,1,1,0.999995127936921,19,382.0
2022-11-09,1,1,0.9999510325268499,19,374.1300048828125
2022-11-10,1,1,0.9999999999930651,19,394.6900024414063
2022-11-11,1,1,0.9999999999999831,19,398.510009765625
2022-11-14,1,1,0.9999999877057029,19,395.1199951171875
2022-11-15,1,1,0.9999999867372322,19,398.489990234375
2022-11-16,1,1,0.9999999988128829,19,395.4500122070313
2022-11-17,1,1,0.9999999995060884,19,394.239990234375
2022-11-18,1,1,0.999999684787296,19,396.0299987792969
2022-11-21,1,1,0.9999970978723084,19,394.5899963378906
2022-11-22,1,1,0.9999894131035323,19,399.8999938964844
2022-11-23,1,1,0.9999983642503765,19,402.4200134277344
2022-11-25,1,1,0.9999937393300296,19,402.3299865722656
2022-11-28,1,1,0.9991857088743509,19,395.9100036621094
2022-11-29,1,1,0.9997061925739582,19,395.2300109863281
2022-11-30,1,1,0.9999999588075115,19,407.6799926757813
2022-12-01,1,1,0.9999999994579474,19,407.3800048828125
2022-12-02,1,1,0.9999999999888978,19,406.9100036621094
2022-12-05,1,1,0.9999997066323716,19,399.5899963378906
2022-12-06,1,1,0.9999957972786818,19,393.8299865722656
2022-12-07,1,1,0.9999995898523275,19,393.1600036621094
2022-12-08,1,1,0.9999999998656,19,396.239990234375
2022-12-09,1,1,0.9585979696642634,19,393.2799987792969
2022-12-12,1,1,0.8909449132153222,19,398.9500122070313
2022-12-13,1,1,0.9992961345214922,19,401.9700012207031
2022-12-14,1,1,0.9689796058406328,19,399.3999938964844
2022-12-15,1,1,0.7667567488457068,19,389.6300048828125
2022-12-16,0,0,0.31166297234570106,19,383.2699890136719
2022-12-19,0,0,0.025070939073562615,19,380.0199890136719
2022-12-20,0,0,0.0010781078485651383,19,380.5400085449219
2022-12-21,0,0,0.00019870344279842932,19,386.2300109863281
2022-12-22,0,0,0.000463885832348489,19,380.7200012207031
2022-12-23,0,0,0.00025609356567121185,19,382.9100036621094
2022-12-27,0,0,0.0002511418606574529,19,381.3999938964844
2022-12-28,0,0,0.009772130384554671,19,376.6600036621094
2022-12-29,0,0,0.032517561693964976,19,383.4400024414063
2022-12-30,0,0,0.05130350140390112,19,382.4299926757813
2023-01-03,0,0,0.04566184893927104,19,380.8200073242188
2023-01-04,0,0,0.0020918748755477134,19,383.760009765625
2023-01-05,0,0,0.00040374207971881397,19,379.3800048828125
2023-01-06,0,0,0.00045505694965409615,19,388.0799865722656
2023-01-09,0,0,0.0012330850917369328,19,387.8599853515625
2023-01-10,0,0,0.0005489609070254726,19,390.5799865722656
2023-01-11,0,0,0.0010507235299770368,19,395.5199890136719
2023-01-12,0,0,0.0002384778953088269,19,396.9599914550781
2023-01-13,0,0,0.0005616279808703224,19,398.5
2023-01-17,0,0,0.0022028151601252836,19,397.7699890136719
2023-01-18,0,0,0.04294739457609967,19,391.489990234375
2023-01-19,0,0,0.1569811838478899,19,388.6400146484375
2023-01-20,1,0,0.848539179226398,19,395.8800048828125
2023-01-23,1,0,0.8165669229797348,19,400.6300048828125
2023-01-24,1,0,0.9726842707015987,19,400.2000122070313
2023-01-25,1,0,0.9855001970177574,19,400.3500061035156
2023-01-26,1,0,0.9999860747880063,19,404.75
2023-01-27,1,0,0.999999995633976,19,405.6799926757813
2023-01-30,1,0,0.9996454186762335,19,400.5899963378906
2023-01-31,1,0,0.9999918499197724,19,406.4800109863281
2023-02-01,1,0,0.9999990514080266,19,410.7999877929688
2023-02-02,1,0,0.9999891111827613,19,416.7799987792969
2023-02-03,1,0,0.9996581144544643,19,412.3500061035156
2023-02-06,1,0,0.8987508690995191,19,409.8299865722656
2023-02-07,0,0,4.7046170858096277e-05,20,415.1900024414063
2023-02-08,0,0,2.2743567551807897e-05,20,410.6499938964844
2023-02-09,0,0,1.9924889537929564e-05,20,407.0899963378906
2023-02-10,0,0,7.347056369198499e-05,20,408.0400085449219
2023-02-13,0,0,9.394347707298925e-05,20,412.8299865722656
2023-02-14,0,0,5.562010134194161e-05,20,412.6400146484375
2023-02-15,0,0,0.00027785378621620986,20,413.9800109863281
2023-02-16,0,0,0.0003021325143118462,20,408.2799987792969
2023-02-17,0,0,4.715750503493565e-05,20,407.260009765625
2023-02-21,0,0,7.888180996371794e-05,20,399.0899963378906
2023-02-22,0,0,3.1479703502570036e-05,20,398.5400085449219
2023-02-23,0,0,1.050365488965708e-05,20,400.6600036621094
2023-02-24,0,0,8.899400990616993e-06,20,396.3800048828125
2023-02-27,0,0,3.1667949313211384e-06,20,397.7300109863281
2023-02-28,0,0,3.518338011777355e-06,20,396.260009765625
2023-03-01,0,0,6.855907434688042e-06,20,394.739990234375
2023-03-02,0,0,8.129818619188065e-06,20,397.80999755859375
2023-03-03,0,0,4.088499070544328e-06,20,404.1900024414063
2023-03-06,0,0,2.531799660083995e-06,20,404.4700012207031
2023-03-07,0,0,2.0502181365962545e-06,20,398.2699890136719
2023-03-08,0,0,2.5661294381262123e-06,20,398.9200134277344
2023-03-09,0,0,5.377361722706873e-06,20,391.55999755859375
2023-03-10,0,0,6.416030127156098e-06,20,385.9100036621094
2023-03-13,0,0,1.3516029136641253e-05,20,385.3599853515625
2023-03-14,0,0,2.52156736765956e-06,20,391.7300109863281
2023-03-15,0,0,8.415424868135125e-06,20,389.2799987792969
2023-03-16,0,0,1.5787840189744126e-06,20,396.1099853515625
2023-03-17,0,0,4.456132090052347e-06,20,389.989990234375
2023-03-20,0,0,4.250329300019483e-06,20,393.739990234375
2023-03-21,0,0,2.7157446045275373e-06,20,398.9100036621094
2023-03-22,0,0,2.015217367094356e-06,20,392.1099853515625
2023-03-23,0,0,2.9949542289190973e-06,20,393.1700134277344
2023-03-24,0,0,4.109409413201731e-06,20,395.75
2023-03-27,0,0,5.323894944065455e-06,20,396.489990234375
2023-03-28,0,0,4.557650085542165e-06,20,395.6000061035156
2023-03-29,0,0,3.2272324713621137e-06,20,401.3500061035156
2023-03-30,0,0,2.6210209011744336e-06,20,403.7000122070313
2023-03-31,0,0,2.2147564059172834e-06,20,409.3900146484375
2023-04-03,0,0,2.7666915574994325e-06,20,410.9500122070313
2023-04-04,0,0,4.205429662236574e-06,20,408.6700134277344
2023-04-05,0,0,3.548464710683869e-06,20,407.6000061035156
2023-04-06,0,0,7.702484311242264e-06,20,409.1900024414063
2023-04-10,0,0,1.7881374400055287e-05,20,409.6099853515625
2023-04-11,0,0,2.0895440222141247e-05,20,409.7200012207031
2023-04-12,0,0,7.886944795946208e-06,20,408.0499877929688
2023-04-13,0,0,1.5235579929435775e-05,20,413.4700012207031
2023-04-14,0,0,4.895075151279206e-06,20,412.4599914550781
2023-04-17,0,0,1.1497631760691255e-05,20,413.9400024414063
2023-04-18,0,0,8.599338398566906e-06,20,414.2099914550781
2023-04-19,0,0,4.4261916257215e-06,20,414.1400146484375
2023-04-20,0,0,1.0662365302434341e-05,20,411.8800048828125
2023-04-21,0,0,8.35888596085641e-06,20,412.2000122070313
2023-04-24,0,0,7.925584127107326e-06,20,412.6300048828125
2023-04-25,0,0,6.810810537128305e-06,20,406.0799865722656
2023-04-26,0,0,5.731604275299425e-06,20,404.3599853515625
2023-04-27,0,0,3.13833313580655e-06,20,412.4100036621094
2023-04-28,0,0,2.8218002971055127e-06,20,415.9299926757813
2023-05-01,0,0,4.313694177323053e-06,20,415.510009765625
2023-05-02,0,0,2.1280607915403017e-06,20,410.8399963378906
2023-05-03,0,0,2.080222482395555e-06,20,408.0199890136719
2023-05-04,0,0,2.798885149997661e-06,20,405.1300048828125
2023-05-05,0,0,1.772216690033258e-06,20,412.6300048828125
2023-05-08,0,0,1.795924824932405e-06,20,412.739990234375
2023-05-09,0,0,2.1113332256712983e-06,20,410.9299926757813
2023-05-10,0,0,1.9899555132540174e-06,20,412.8500061035156
2023-05-11,0,0,1.6378612229894967e-06,20,412.1300048828125
2023-05-12,0,0,1.9712650543776015e-06,20,411.5899963378906
2023-05-15,0,0,1.7063013634543348e-06,20,413.010009765625
2023-05-16,0,0,2.4135331736552742e-06,20,410.25
2023-05-17,0,0,2.1164511182662473e-06,20,415.2300109863281
2023-05-18,0,0,3.853424991011822e-06,20,419.2300109863281
2023-05-19,0,0,4.296233646886808e-06,20,418.6199951171875
2023-05-22,0,0,3.828942005634218e-06,20,418.7900085449219
2023-05-23,0,0,8.1646957975899e-06,20,414.0899963378906
2023-05-24,0,0,1.2437992539400623e-05,20,411.0899963378906
2023-05-25,0,0,8.948418204296039e-06,20,414.6499938964844
2023-05-26,0,0,7.202867161468119e-06,20,420.0199890136719
2023-05-30,0,0,2.6543097395222987e-06,20,420.1799926757813
2023-05-31,0,0,4.46754170349595e-06,20,417.8500061035156
2023-06-01,0,0,6.5169048488251135e-06,20,421.8200073242188
2023-06-02,0,0,1.2208998449738075e-05,20,427.9200134277344
2023-06-05,0,0,5.6286990272643894e-06,20,427.1000061035156
2023-06-06,0,0,4.431498807430671e-06,20,428.0299987792969
2023-06-07,0,0,5.658365169706229e-06,20,426.5499877929688
2023-06-08,0,0,5.939724217414233e-06,20,429.1300048828125
2023-06-09,0,0,6.377603107228299e-06,20,429.8999938964844
2023-06-12,0,0,1.0385707427542318e-05,20,433.7999877929688
2023-06-13,0,0,1.1067166464567368e-05,20,436.6600036621094
2023-06-14,0,0,1.1100029505131244e-05,20,437.1799926757813
2023-06-15,0,0,1.0848329125359001e-05,20,442.6000061035156
2023-06-16,0,0,4.749613644711907e-06,20,439.4599914550781
2023-06-20,0,0,4.659753313290764e-06,20,437.1799926757813
2023-06-21,0,0,5.092292942512008e-06,20,434.9400024414063
2023-06-22,0,0,9.902311941776794e-06,20,436.510009765625
2023-06-23,0,0,7.111057280989644e-06,20,433.2099914550781
2023-06-26,0,0,3.7533810316472728e-06,20,431.4400024414063
2023-06-27,0,0,3.651168197964125e-06,20,436.1700134277344
2023-06-28,0,0,3.3874090735149543e-06,20,436.3900146484375
2023-06-29,0,0,5.383848784639609e-06,20,438.1099853515625
2023-06-30,0,0,5.258038386203087e-06,20,443.2799987792969
2023-07-03,0,0,4.9900324644014975e-06,20,443.7900085449219
2023-07-05,0,0,6.210810997515999e-06,20,443.1300048828125
2023-07-06,0,0,8.100206030205238e-06,20,439.6600036621094
2023-07-07,0,0,4.794814950198789e-06,20,438.5499877929688
2023-07-10,0,0,4.5864066489435145e-06,20,439.6600036621094
2023-07-11,0,0,3.966361027595039e-06,20,442.4599914550781
2023-07-12,0,0,2.2539630656930975e-06,20,446.0199890136719
2023-07-13,0,0,2.145677760627819e-06,20,449.55999755859375
2023-07-14,0,0,2.3858496938410053e-06,20,449.2799987792969
2023-07-17,0,0,1.983812470252712e-06,20,450.8399963378906
2023-07-18,0,0,2.9930328451241725e-06,20,454.1900024414063
2023-07-19,0,0,4.016071532375929e-06,20,455.2000122070313
2023-07-20,0,0,4.014485765813836e-06,20,452.1799926757813
2023-07-21,0,0,2.9683099221671215e-06,20,452.1799926757813
2023-07-24,0,0,5.302979230927939e-06,20,454.2000122070313
2023-07-25,0,0,7.426992829420658e-06,20,455.4400024414063
2023-07-26,0,0,4.608780777798414e-06,20,455.510009765625
2023-07-27,0,0,6.0605545059914085e-06,20,452.489990234375
2023-07-28,0,0,4.525949637127884e-06,20,456.9200134277344
2023-07-31,0,0,3.682979852294939e-06,20,457.7900085449219
2023-08-01,0,0,3.540952799433055e-06,20,456.4800109863281
2023-08-02,0,0,2.690163147085157e-06,20,450.1300048828125
2023-08-03,0,0,3.000452743340863e-06,20,448.8399963378906
2023-08-04,0,0,3.67266445439028e-06,20,446.80999755859375
2023-08-07,0,0,3.005507088246968e-06,20,450.7099914550781
2023-08-08,0,0,2.304391717968955e-06,20,448.75
2023-08-09,0,0,0.00014104303948296275,21,445.75
2023-08-10,0,0,0.0001463044563121764,21,445.9100036621094
2023-08-11,0,0,6.371799908663989e-05,21,445.6499938964844
2023-08-14,0,0,7.935251841904865e-05,21,448.1099853515625
2023-08-15,0,0,0.00013623828570889893,21,442.8900146484375
2023-08-16,0,0,0.0001619715953321021,21,439.6400146484375
2023-08-17,0,0,0.000329947767637167,21,436.2900085449219
2023-08-18,0,0,0.0002546375693906363,21,436.5
2023-08-21,0,0,0.00022526039237870762,21,439.3399963378906
2023-08-22,0,0,0.00015500580627120174,21,438.1499938964844
2023-08-23,0,0,0.00011570829181398164,21,443.0299987792969
2023-08-24,0,0,0.00015090573969079327,21,436.8900146484375
2023-08-25,0,0,8.000726799576667e-05,21,439.9700012207031
2023-08-28,0,0,7.347266092983601e-05,21,442.760009765625
2023-08-29,0,0,3.5187015207031984e-05,21,449.1600036621094
2023-08-30,0,0,3.6015310999724366e-05,21,451.010009765625
2023-08-31,0,0,3.0664811360333184e-05,21,450.3500061035156
2023-09-01,0,0,7.945896952396622e-05,21,451.1900024414063
2023-09-05,0,0,0.00010139394746760987,21,449.239990234375
2023-09-06,0,0,0.00015913648682498697,21,446.2200012207031
2023-09-07,0,0,0.00012462353403034325,21,444.8500061035156
2023-09-08,0,0,0.00012643913697004265,21,445.5199890136719
2023-09-11,0,0,0.00012935126273707826,21,448.4500122070313
2023-09-12,0,0,0.0001003053879331855,21,445.989990234375
2023-09-13,0,0,7.494914621220471e-05,21,446.510009765625
2023-09-14,0,0,9.83119817829216e-05,21,450.3599853515625
2023-09-15,0,0,8.114064615369854e-05,21,443.3699951171875
2023-09-18,0,0,8.185673548041515e-05,21,443.6300048828125
2023-09-19,0,0,7.617982367949718e-05,21,442.7099914550781
2023-09-20,0,0,8.269635759170518e-05,21,438.6400146484375
2023-09-21,0,0,0.00037922122729092643,21,431.3900146484375
2023-09-22,0,0,0.0002050364614260475,21,430.4200134277344
2023-09-25,0,0,0.0002689608739980815,21,432.2300109863281
2023-09-26,0,0,0.00110667617248375,21,425.8800048828125
2023-09-27,0,0,0.0007170328799798106,21,426.0499877929688
2023-09-28,0,0,0.000279018738760894,21,428.5199890136719
2023-09-29,0,0,0.00031731882036957547,21,427.4800109863281
2023-10-02,0,0,0.0006724941813705394,21,427.30999755859375
2023-10-03,0,0,0.004424603077693561,21,421.5899963378906
2023-10-04,0,0,0.0015828439822951179,21,424.6600036621094
2023-10-05,0,0,0.0019284632611440585,21,424.5
2023-10-06,0,0,0.0017642709970595754,21,429.5400085449219
2023-10-09,0,0,0.00094525392951365,21,432.2900085449219
2023-10-10,0,0,0.0008994876323785299,21,434.5400085449219
2023-10-11,0,0,0.001158592583761307,21,436.3200073242188
2023-10-12,0,0,0.0015565194398042908,21,433.6600036621094
2023-10-13,0,0,0.005613983566909563,21,431.5
2023-10-16,0,0,0.0038747666688661686,21,436.0400085449219
2023-10-17,0,0,0.007065786036376153,21,436.0199890136719
2023-10-18,0,0,0.030544268433905078,21,430.2099914550781
2023-10-19,0,0,0.23440059577395314,21,426.4299926757813
2023-10-20,1,0,0.6011887321556959,21,421.1900024414063
2023-10-23,0,0,0.387175206459614,21,420.4599914550781
2023-10-24,0,0,0.06423335538576455,21,423.6300048828125
2023-10-25,0,0,0.023366818580186837,21,417.5499877929688
2023-10-26,0,0,0.011355941741645677,21,412.5499877929688
2023-10-27,0,0,0.013292494219414381,21,410.6799926757813
2023-10-30,0,0,0.0014360309634684403,21,415.5899963378906
2023-10-31,0,0,0.00015934393799489003,21,418.2000122070313
2023-11-01,0,0,0.00010803896583842947,21,422.6600036621094
2023-11-02,0,0,4.9133614353059736e-05,21,430.760009765625
2023-11-03,0,0,1.6947165566051234e-05,21,434.6900024414063
2023-11-06,0,0,5.7340493806540915e-05,21,435.6900024414063
2023-11-07,0,0,5.06043889473752e-05,21,436.9299926757813
2023-11-08,0,0,4.340643212856177e-05,21,437.25
2023-11-09,0,0,4.4217476586409355e-05,21,433.8399963378906
2023-11-10,0,0,4.877063010867708e-05,21,440.6099853515625
2023-11-13,0,0,3.29024396236787e-05,21,440.1900024414063
2023-11-14,0,0,9.815292656060837e-06,21,448.7300109863281
2023-11-15,0,0,1.3869151069702384e-05,21,449.6799926757813
2023-11-16,0,0,1.1517826982758952e-05,21,450.2300109863281
2023-11-17,0,0,2.5548234160248822e-05,21,450.7900085449219
2023-11-20,0,0,6.231669779788756e-05,21,454.260009765625
2023-11-21,0,0,6.186224497065034e-05,21,453.2699890136719
2023-11-22,0,0,9.122830453657098e-05,21,455.0199890136719
2023-11-24,0,0,0.0004220724105815014,21,455.2999877929688
2023-11-27,0,0,0.00038969901315594885,21,454.4800109863281
2023-11-28,0,0,0.0001398463885608878,21,454.9299926757813
2023-11-29,0,0,7.383766565398261e-05,21,454.6099853515625
2023-11-30,0,0,8.82842557675992e-05,21,456.3999938964844
2023-12-01,0,0,9.93821605031348e-05,21,459.1000061035156
2023-12-04,0,0,0.00011454720448899128,21,456.6900024414063
2023-12-05,0,0,7.11541270974603e-05,21,456.6000061035156
2023-12-06,0,0,5.304488672022447e-05,21,454.760009765625
2023-12-07,0,0,6.515091005974669e-05,21,458.2300109863281
2023-12-08,0,0,8.839250765473809e-05,21,460.2000122070313
2023-12-11,0,0,7.713191615142307e-05,21,461.989990234375
2023-12-12,0,0,8.200081040855576e-05,21,464.1000061035156
2023-12-13,0,0,6.920170901193344e-05,21,470.5
2023-12-14,0,0,7.506453394068592e-05,21,472.010009765625
2023-12-15,0,0,5.2418998457244094e-05,21,469.3299865722656
2023-12-18,0,0,6.471889709432824e-05,21,471.9700012207031
2023-12-19,0,0,6.026104874764678e-05,21,474.8399963378906
2023-12-20,0,0,3.741569533617223e-05,21,468.260009765625
2023-12-21,0,0,3.7331671837470475e-05,21,472.7000122070313
2023-12-22,0,0,3.589282414550358e-05,21,473.6499938964844
2023-12-26,0,0,4.352166178972917e-05,21,475.6499938964844
2023-12-27,0,0,4.389490423867666e-05,21,476.510009765625
2023-12-28,0,0,7.021897949895307e-05,21,476.6900024414063
2023-12-29,0,0,5.908699816785325e-05,21,475.30999755859375
2024-01-02,0,0,5.9701669065677586e-05,21,472.6499938964844
2024-01-03,0,0,6.111252022074247e-05,21,468.7900085449219
2024-01-04,0,0,7.820802944388278e-05,21,467.2799987792969
2024-01-05,0,0,8.278377879485274e-05,21,467.9200134277344
2024-01-08,0,0,8.61437453107763e-05,21,474.6000061035156
2024-01-09,0,0,5.144424951917644e-05,21,473.8800048828125
2024-01-10,0,0,4.6178025922888975e-05,21,476.55999755859375
2024-01-11,0,0,3.6880773563615615e-05,21,476.3500061035156
2024-01-12,0,0,5.23717695560429e-05,21,476.6799926757813
2024-01-16,0,0,6.797372912234913e-05,21,474.9299926757813
2024-01-17,0,0,9.985192801544432e-05,21,472.2900085449219
2024-01-18,0,0,9.088542127485104e-05,21,476.489990234375
2024-01-19,0,0,0.0001431196780394891,21,482.4299926757813
2024-01-22,0,0,0.00020783441244761,21,483.4500122070313
2024-01-23,0,0,0.00020658067289790405,21,484.8599853515625
2024-01-24,0,0,0.00019441618787762678,21,485.3900146484375
2024-01-25,0,0,0.00013525947925468687,21,488.0299987792969
2024-01-26,0,0,0.00017084399004678303,21,487.4100036621094
2024-01-29,0,0,0.00017866656943597945,21,491.2699890136719
2024-01-30,0,0,0.0001500986166301591,21,490.8900146484375
2024-01-31,0,0,0.0001289233968635093,21,482.8800048828125
2024-02-01,0,0,0.00025332577486134755,21,489.2000122070313
2024-02-02,0,0,0.0006374035488444236,21,494.3500061035156
2024-02-05,0,0,0.0009786254512717907,21,492.5499877929688
2024-02-06,0,0,0.0004960747837318519,21,493.9800109863281
2024-02-07,0,0,0.0009325654968470754,21,498.1000061035156
2024-02-08,0,0,0.00014541554059669713,22,498.3200073242188
2024-02-09,0,0,0.0002266521083834375,22,501.2000122070313
2024-02-12,0,0,0.0002939089183614998,22,500.9800109863281
2024-02-13,0,0,0.0004129323260930455,22,494.0799865722656
2024-02-14,0,0,0.0004583963965796692,22,498.5700073242188
2024-02-15,0,0,0.00033238702958412856,22,502.010009765625
2024-02-16,0,0,0.00013805008206175748,22,499.510009765625
2024-02-20,0,0,0.0001281121241119039,22,496.760009765625
2024-02-21,0,0,0.0001172778361546587,22,497.2099914550781
2024-02-22,0,0,0.0007749942802981183,22,507.5
2024-02-23,0,0,0.0006290251974732489,22,507.8500061035156
2024-02-26,0,0,0.0006782767367246958,22,505.989990234375
2024-02-27,0,0,0.0004279112717919398,22,506.9299926757813
2024-02-28,0,0,0.00038395705578046633,22,506.260009765625
2024-02-29,0,0,0.00032790195369642084,22,508.0799865722656
2024-03-01,0,0,0.00026755462043155014,22,512.8499755859375
2024-03-04,0,0,9.591333155680868e-05,22,512.2999877929688
2024-03-05,0,0,9.489046167537724e-05,22,507.1799926757813
2024-03-06,0,0,0.00010835106556268306,22,509.75
2024-03-07,0,0,0.00012270495177882766,22,514.8099975585938
2024-03-08,0,0,0.00011461208406482648,22,511.7200012207031
2024-03-11,0,0,9.867906961778817e-05,22,511.2799987792969
2024-03-12,0,0,0.0001366398712782813,22,516.780029296875
2024-03-13,0,0,0.0001376229337052799,22,515.969970703125
2024-03-14,0,0,8.377081321388313e-05,22,514.9500122070312
2024-03-15,0,0,6.076737301302914e-05,22,509.8299865722656
2024-03-18,0,0,7.682221938793652e-05,22,512.8599853515625
2024-03-19,0,0,9.839287209761353e-05,22,515.7100219726562
2024-03-20,0,0,0.00015162119497461792,22,520.47998046875
2024-03-21,0,0,4.4905446466584566e-05,22,522.2000122070312
2024-03-22,0,0,4.391475860652304e-05,22,521.2100219726562
2024-03-25,0,0,4.383645711995648e-05,22,519.77001953125
2024-03-26,0,0,4.283962414597625e-05,22,518.8099975585938
2024-03-27,0,0,4.8542518549593724e-05,22,523.1699829101562
2024-03-28,0,0,4.661346681579881e-05,22,523.0700073242188
2024-04-01,0,0,5.163032001936954e-05,22,522.1599731445312
2024-04-02,0,0,5.363286701651463e-05,22,518.8400268554688
2024-04-03,0,0,6.315572438940722e-05,22,519.4099731445312
2024-04-04,0,0,7.381082186056262e-05,22,513.0700073242188
2024-04-05,0,0,7.540220507705163e-05,22,518.4299926757812
2024-04-08,0,0,6.454395419091746e-05,22,518.719970703125
2024-04-09,0,0,5.772339602078963e-05,22,519.3200073242188
2024-04-10,0,0,0.0001016889594103866,22,514.1199951171875
2024-04-11,0,0,0.00011148449511380894,22,518.0
2024-04-12,0,0,0.0001040204778231913,22,510.8500061035156
2024-04-15,0,0,0.0002846325941401489,22,504.4500122070313
2024-04-16,0,0,0.0002863108148713907,22,503.5299987792969
2024-04-17,0,0,0.0003504974756683867,22,500.5499877929688
2024-04-18,0,0,0.0005959432339399406,22,499.5199890136719
2024-04-19,0,0,0.0006992415133433555,22,495.1600036621094
2024-04-22,0,0,0.00016573795207368067,22,499.7200012207031
2024-04-23,0,0,7.307720267717886e-05,22,505.6499938964844
2024-04-24,0,0,8.137256047717649e-05,22,505.4100036621094
2024-04-25,0,0,0.00014695043873391863,22,503.489990234375
2024-04-26,0,0,8.28078193291837e-05,22,508.260009765625
2024-04-29,0,0,4.693696699199354e-05,22,510.05999755859375
2024-04-30,0,0,7.810405546494225e-05,22,501.9800109863281
2024-05-01,0,0,7.455491084807271e-05,22,500.3500061035156
2024-05-02,0,0,6.320190515378289e-05,22,505.0299987792969
2024-05-03,0,0,5.7662976209659195e-05,22,511.2900085449219
2024-05-06,0,0,8.995827644245498e-05,22,516.5700073242188
2024-05-07,0,0,8.616107815524843e-05,22,517.1400146484375
2024-05-08,0,0,8.791927645298939e-05,22,517.1900024414062
2024-05-09,0,0,7.698970338587559e-05,22,520.1699829101562
2024-05-10,0,0,6.780550883005688e-05,22,520.8400268554688
2024-05-13,0,0,9.325310617565595e-05,22,520.9099731445312
2024-05-14,0,0,0.00014873688797508984,22,523.2999877929688
2024-05-15,0,0,0.0004193437312588005,22,529.780029296875
2024-05-16,0,0,0.0003394341368067915,22,528.6900024414062
2024-05-17,0,0,0.00033393323244991524,22,529.4500122070312
2024-05-20,0,0,0.0001746865641819905,22,530.0599975585938
2024-05-21,0,0,9.476377973616133e-05,22,531.3599853515625
2024-05-22,0,0,8.727010033788939e-05,22,529.8300170898438
2024-05-23,0,0,8.68144341313095e-05,22,525.9600219726562
2024-05-24,0,0,7.024354353681412e-05,22,529.4400024414062
2024-05-28,0,0,8.790177000505245e-05,22,529.8099975585938
2024-05-29,0,0,9.43836789827768e-05,22,526.0999755859375
2024-05-30,0,0,8.248365996514214e-05,22,522.6099853515625
2024-05-31,0,0,7.000020200233013e-05,22,527.3699951171875
2024-06-03,0,0,7.539798719295071e-05,22,527.7999877929688
2024-06-04,0,0,9.14581667525212e-05,22,528.3900146484375
2024-06-05,0,0,6.911088961426983e-05,22,534.6699829101562
2024-06-06,0,0,6.603431877325536e-05,22,534.6599731445312
2024-06-07,0,0,7.461851451275492e-05,22,534.010009765625
2024-06-10,0,0,6.115556180626766e-05,22,535.6599731445312
2024-06-11,0,0,5.819604262993319e-05,22,536.9500122070312
2024-06-12,0,0,5.497045963702577e-05,22,541.3599853515625
2024-06-13,0,0,8.889619794738522e-05,22,542.4500122070312
2024-06-14,0,0,9.891768013985092e-05,22,542.780029296875
2024-06-17,0,0,9.346745378796398e-05,22,547.0999755859375
2024-06-18,0,0,8.118107715929034e-05,22,548.489990234375
2024-06-20,0,0,6.663809934755268e-05,22,547.0
2024-06-21,0,0,5.3501411318148285e-05,22,544.510009765625
2024-06-24,0,0,5.892696205626118e-05,22,542.739990234375
2024-06-25,0,0,6.327422994227119e-05,22,544.8300170898438
2024-06-26,0,0,5.977225836535879e-05,22,545.510009765625
2024-06-27,0,0,7.449077331183467e-05,22,546.3699951171875
2024-06-28,0,0,0.00011529064322876023,22,544.219970703125
2024-07-01,0,0,0.0003378424680348691,22,545.3400268554688
2024-07-02,0,0,0.00020775109105843436,22,549.010009765625
2024-07-03,0,0,0.00014669951294896182,22,551.4600219726562
2024-07-05,0,0,0.00021872230937665304,22,554.6400146484375
2024-07-08,0,0,0.00020777767003965145,22,555.280029296875
2024-07-09,0,0,0.0002032137758432175,22,555.8200073242188
2024-07-10,0,0,0.00013975423107074947,22,561.3200073242188
2024-07-11,0,0,7.196076711577826e-05,22,556.47998046875
2024-07-12,0,0,7.704517909391321e-05,22,559.989990234375
2024-07-15,0,0,7.758406199489935e-05,22,561.530029296875
2024-07-16,0,0,8.428759185306024e-05,22,564.8599853515625
2024-07-17,0,0,6.557187509014694e-05,22,556.9400024414062
2024-07-18,0,0,7.596437219590755e-05,22,552.6599731445312
2024-07-19,0,0,9.531985557661941e-05,22,548.989990234375
2024-07-22,0,0,6.302183191268195e-05,22,554.6500244140625
2024-07-23,0,0,6.38664767724529e-05,22,553.780029296875
2024-07-24,0,0,0.0004095777122227186,22,541.22998046875
2024-07-25,0,0,0.0007456620322511664,22,538.4099731445312
2024-07-26,0,0,0.000387755109425323,22,544.4400024414062
2024-07-29,0,0,0.000530917568975184,22,544.760009765625
2024-07-30,0,0,0.0029057404827431054,22,542.0
2024-07-31,0,0,0.0038696231288423135,22,550.8099975585938
2024-08-01,0,0,0.005318373657655709,22,543.010009765625
2024-08-02,0,0,0.36266195086635356,22,532.9000244140625
2024-08-05,1,0,1.0,22,517.3800048828125
2024-08-06,1,0,0.999999977905514,22,522.1500244140625
2024-08-07,1,0,0.9999999566651114,22,518.6599731445312
2024-08-08,1,0,0.9999995044718173,22,530.6500244140625
2024-08-09,0,0,0.28865835778699445,23,532.989990234375
2024-08-12,0,0,0.024816491437792552,23,533.27001953125
2024-08-13,0,0,0.0022687305997417502,23,542.0399780273438
2024-08-14,0,0,0.0010471374099203928,23,543.75
2024-08-15,0,0,0.0022642387056507024,23,553.0700073242188
2024-08-16,0,0,0.001523633731362125,23,554.3099975585938
2024-08-19,0,0,0.0025522486559490984,23,559.6099853515625
2024-08-20,0,0,0.0012794761861703067,23,558.7000122070312
2024-08-21,0,0,0.0002647706883931181,23,560.6199951171875
2024-08-22,0,0,0.00023308980597211142,23,556.219970703125
2024-08-23,0,0,0.0002284780766297636,23,562.1300048828125
2024-08-26,0,0,0.00024105928469318416,23,560.7899780273438
2024-08-27,0,0,0.00039357199769313915,23,561.5599975585938
2024-08-28,0,0,0.00022231168390861536,23,558.2999877929688
2024-08-29,0,0,6.641176360297852e-05,23,558.3499755859375
2024-08-30,0,0,8.603044940102212e-05,23,563.6799926757812
2024-09-03,0,0,0.006100151394668906,23,552.0800170898438
2024-09-04,0,0,0.008898380806083005,23,550.9500122070312
2024-09-05,0,0,0.0025450678432864344,23,549.6099853515625
2024-09-06,0,0,0.02986322205071149,23,540.3599853515625
2024-09-09,0,0,0.0013191724578664155,23,546.4099731445312
2024-09-10,0,0,0.0005967351036759545,23,548.7899780273438
2024-09-11,0,0,0.00035523667841555836,23,554.4199829101562
2024-09-12,0,0,0.00028960235467785655,23,559.0900268554688
2024-09-13,0,0,0.00015946501495994856,23,562.010009765625
2024-09-16,0,0,0.00024664956952667136,23,562.8400268554688
2024-09-17,0,0,0.00039899987107839716,23,563.0700073242188
2024-09-18,0,0,0.000572691528819728,23,561.4000244140625
2024-09-19,0,0,0.00011195572046384331,23,570.97998046875
2024-09-20,0,0,8.242697108628384e-05,23,568.25
2024-09-23,0,0,0.0001604073739255782,23,569.6699829101562
2024-09-24,0,0,0.00011926307262690095,23,571.2999877929688
2024-09-25,0,0,0.00013278396277958417,23,570.0399780273438
2024-09-26,0,0,0.00014386578506448298,23,572.2999877929688
2024-09-27,0,0,0.00025281633958210376,23,571.469970703125
2024-09-30,0,0,0.00022941005855058098,23,573.760009765625
2024-10-01,0,0,0.012286159899644999,23,568.6199951171875
2024-10-02,0,0,0.022038047943598246,23,568.8599853515625
2024-10-03,0,0,0.39120111036212923,23,567.8200073242188
2024-10-04,1,1,0.9863715527095672,23,572.97998046875
2024-10-07,1,1,0.9999980603358072,23,567.7999877929688
2024-10-08,1,1,0.9999717209485885,23,573.1699829101562
2024-10-09,1,1,0.9999426510428835,23,577.1400146484375
2024-10-10,1,1,0.9999338955871954,23,576.1300048828125
2024-10-11,1,1,0.9998436897453065,23,579.5800170898438
2024-10-14,1,1,0.9996245244967216,23,584.3200073242188
2024-10-15,1,1,0.9997618391135987,23,579.780029296875
2024-10-16,1,1,0.9992027361668007,23,582.2999877929688
2024-10-17,1,1,0.9991516310119887,23,582.3499755859375
2024-10-18,1,1,0.997647106258908,23,584.5900268554688
2024-10-21,1,1,0.9982835675556228,23,583.6300048828125
2024-10-22,1,1,0.9975158250392203,23,583.3200073242188
2024-10-23,1,1,0.9988328517811733,23,577.989990234375
2024-10-24,1,1,0.9982600304487675,23,579.239990234375
2024-10-25,1,1,0.9998624886403349,23,579.0399780273438
2024-10-28,1,1,0.9995450390810594,23,580.8300170898438
2024-10-29,1,1,0.9996103877030741,23,581.77001953125
2024-10-30,1,1,0.9999262879146568,23,580.010009765625
2024-10-31,1,1,0.9999840978955894,23,568.6400146484375
2024-11-01,1,1,0.9998728192473463,23,571.0399780273438
2024-11-04,1,1,0.9999300361576146,23,569.8099975585938
2024-11-05,1,1,0.998561578813235,23,576.7000122070312
2024-11-06,1,1,0.7065332930928373,23,591.0399780273438
2024-11-07,0,0,0.07861470205676567,23,595.6099853515625
2024-11-08,0,0,0.0037903836256761546,23,598.1900024414062
2024-11-11,0,0,0.0006691900060246175,23,598.760009765625
2024-11-12,0,0,0.0012692415872541277,23,596.9000244140625
2024-11-13,0,0,0.0010639684218126837,23,597.1900024414062
2024-11-14,0,0,0.0008385247213371532,23,593.3499755859375
2024-11-15,0,0,0.000893473452305492,23,585.75
2024-11-18,0,0,0.0004367585677336022,23,588.1500244140625
2024-11-19,0,0,0.0004685486512842986,23,590.2999877929688
2024-11-20,0,0,0.0008602034933699715,23,590.5
2024-11-21,0,0,0.0012241008255651205,23,593.6699829101562
2024-11-22,0,0,0.0006374104901913781,23,595.510009765625
2024-11-25,0,0,0.0004343613249419997,23,597.530029296875
2024-11-26,0,0,0.0007126771265643871,23,600.6500244140625
2024-11-27,0,0,0.0003214069326309342,23,598.8300170898438
2024-11-29,0,0,0.0007213956656626218,23,602.5499877929688
2024-12-02,0,0,0.000574222434357322,23,603.6300048828125
2024-12-03,0,0,0.001147368135242478,23,603.9099731445312
2024-12-04,0,0,0.0008792890251210834,23,607.6599731445312
2024-12-05,0,0,0.0006080965622490447,23,606.6599731445312
2024-12-06,0,0,0.00029952265265661753,23,607.8099975585938
2024-12-09,0,0,0.0007283297622578995,23,604.6799926757812
2024-12-10,0,0,0.0005361128192538675,23,602.7999877929688
2024-12-11,0,0,0.00034500357215573395,23,607.4600219726562
2024-12-12,0,0,0.00037464745913511874,23,604.3300170898438
2024-12-13,0,0,0.0005801221799071269,23,604.2100219726562
2024-12-16,0,0,0.012500481093526063,23,606.7899780273438
2024-12-17,0,0,0.06244458085677761,23,604.2899780273438
2024-12-18,1,0,0.9999993507613942,23,586.280029296875
2024-12-19,1,0,0.9999935323292941,23,586.0999755859375
2024-12-20,1,0,0.9295233493749384,23,591.1500244140625
2024-12-23,1,0,0.5766108366888706,23,594.6900024414062
2024-12-24,0,0,0.10181417052181464,23,601.2999877929688
2024-12-26,0,0,0.004861154232920291,23,601.3400268554688
2024-12-27,0,0,0.0020601579315000264,23,595.010009765625
2024-12-30,0,0,0.0017919112474024152,23,588.219970703125
2024-12-31,0,0,0.0009351417709276198,23,586.0800170898438
2025-01-02,0,0,0.0010535165099658608,23,584.6400146484375
2025-01-03,0,0,0.00048221120985250383,23,591.9500122070312
2025-01-06,0,0,0.00045134009278185007,23,595.3599853515625
2025-01-07,0,0,0.0011336714787820554,23,588.6300048828125
2025-01-08,0,0,0.0010413470761938104,23,589.489990234375
2025-01-10,0,0,0.00411406369722626,23,580.489990234375
2025-01-13,0,0,0.0034216433474846463,23,581.3900146484375
2025-01-14,0,0,0.001950785768300122,23,582.1900024414062
2025-01-15,0,0,0.00036716450909413,23,592.780029296875
2025-01-16,0,0,0.00033912025135293905,23,591.6400146484375
2025-01-17,0,0,0.0003159183822882028,23,597.5800170898438
2025-01-21,0,0,4.878733010644019e-05,23,603.0499877929688
2025-01-22,0,0,6.123227161830346e-05,23,606.4400024414062
2025-01-23,0,0,0.0001160304360645582,23,609.75
2025-01-24,0,0,4.819947188313634e-05,23,607.969970703125
2025-01-27,0,0,0.00018467523608084403,23,599.3699951171875
2025-01-28,0,0,9.878380103905246e-05,23,604.52001953125
2025-01-29,0,0,9.646870479159027e-05,23,601.8099975585938
2025-01-30,0,0,0.0001204098065613596,23,605.0399780273438
2025-01-31,0,0,0.00019583447422034898,23,601.8200073242188
2025-02-03,0,0,0.002393144922146405,23,597.77001953125
2025-02-04,0,0,0.0006525125962924217,23,601.780029296875
2025-02-05,0,0,0.0002086746655696606,23,604.219970703125
2025-02-06,0,0,0.0003140696069670045,23,606.3200073242188
2025-02-07,0,0,0.0005546102549683524,23,600.77001953125
2025-02-10,0,0,0.000639662627843275,23,604.8499755859375
2025-02-11,0,0,0.001307750125598768,24,605.3099975585938
2025-02-12,0,0,0.0005973092316040298,24,603.3599853515625
2025-02-13,0,0,0.00011403958865691044,24,609.72998046875
2025-02-14,0,0,9.204311839556786e-05,24,609.7000122070312
2025-02-18,0,0,0.00010851173241486552,24,611.489990234375
2025-02-19,0,0,8.026441360774021e-05,24,612.9299926757812
2025-02-20,0,0,9.789370261946468e-05,24,610.3800048828125
2025-02-21,0,0,0.0007865238021161618,24,599.9400024414062
2025-02-24,0,0,0.0031772799671390983,24,597.2100219726562
2025-02-25,0,0,0.03447370483725083,24,594.239990234375
2025-02-26,0,0,0.06437207784525593,24,594.5399780273438
2025-02-27,1,1,0.8329015456069606,24,585.0499877929688
2025-02-28,1,1,0.7825721253255865,24,594.1799926757812
2025-03-03,1,1,0.9996309620333695,24,583.77001953125
2025-03-04,1,1,0.9999991290604138,24,576.8599853515625
2025-03-05,1,1,0.9997153805887923,24,583.0599975585938
2025-03-06,1,1,0.999999748969151,24,572.7100219726562
2025-03-07,1,1,0.9999764246309532,24,575.9199829101562
2025-03-10,1,1,0.9999999999969926,24,560.5800170898438
2025-03-11,1,1,0.9999999980317931,24,555.9199829101562
2025-03-12,1,1,0.9999870117347293,24,558.8699951171875
2025-03-13,1,1,0.9999918525646152,24,551.4199829101562
2025-03-14,1,1,0.9989071590466969,24,562.8099975585938
2025-03-17,1,1,0.9977129709294155,24,567.1500244140625
2025-03-18,1,1,0.9992483190854166,24,561.02001953125
2025-03-19,1,1,0.9993345168242623,24,567.1300048828125
2025-03-20,1,1,0.9991532008989568,24,565.489990234375
2025-03-21,1,1,0.9964308067142105,24,563.97998046875
2025-03-24,1,1,0.9995106893207613,24,574.0800170898438
2025-03-25,1,1,0.9996770998876031,24,575.4600219726562
2025-03-26,1,1,0.9997043757413254,24,568.5900268554688
2025-03-27,1,1,0.9990833676125381,24,567.0800170898438
2025-03-28,1,1,0.9994790922688748,24,555.6599731445312
2025-03-31,1,1,0.9998826142459436,24,559.3900146484375
2025-04-01,1,1,0.9998491649921155,24,560.969970703125
2025-04-02,1,1,0.99957531579126,24,564.52001953125
2025-04-03,1,1,1.0,24,536.7000122070312
2025-04-04,1,1,1.0,24,505.2799987792969
2025-04-07,1,1,1.0,24,504.3800048828125
2025-04-08,1,1,1.0,24,496.4800109863281
2025-04-09,1,1,1.0,24,548.6199951171875
2025-04-10,1,1,1.0,24,524.5800170898438
2025-04-11,1,1,1.0,24,533.9400024414062
2025-04-14,1,1,1.0,24,539.1199951171875
2025-04-15,1,1,1.0,24,537.6099853515625
2025-04-16,1,1,1.0,24,525.6599731445312
2025-04-17,1,1,1.0,24,526.4099731445312
2025-04-21,1,1,1.0,24,513.8800048828125
2025-04-22,1,1,1.0,24,527.25
2025-04-23,1,1,1.0,24,535.4199829101562
2025-04-24,1,1,1.0,24,546.6900024414062
2025-04-25,1,1,1.0,24,550.6400146484375
2025-04-28,1,1,1.0,24,550.8499755859375
2025-04-29,1,1,1.0,24,554.3200073242188
2025-04-30,1,1,1.0,24,554.5399780273438
2025-05-01,1,1,1.0,24,558.469970703125
2025-05-02,1,1,1.0,24,566.760009765625
2025-05-05,1,1,1.0,24,563.510009765625
2025-05-06,1,1,1.0,24,558.7999877929688
2025-05-07,1,1,1.0,24,561.1500244140625
2025-05-08,1,1,0.9999999999998983,24,565.0599975585938
2025-05-09,1,1,0.9999999999999671,24,564.3400268554688
2025-05-12,1,1,0.9999999999969864,24,582.989990234375
2025-05-13,1,1,0.9999999999834532,24,586.8400268554688
2025-05-14,1,1,0.9999999999954996,24,587.5900268554688
2025-05-15,1,1,0.9999999999994218,24,590.4600219726562
2025-05-16,1,1,0.9999999999992397,24,594.2000122070312
2025-05-19,1,1,1.0,24,594.8499755859375
2025-05-20,1,1,0.9999999999843157,24,592.8499755859375
2025-05-21,1,1,0.9999999999941833,24,582.8599853515625
2025-05-22,1,1,0.9999999620441116,24,583.0900268554688
2025-05-23,1,1,0.9999999996030651,24,579.1099853515625
2025-05-27,1,1,0.9999997319576424,24,591.1500244140625
2025-05-28,1,1,0.999998683380856,24,587.72998046875
2025-05-29,1,1,0.999999263935563,24,590.0499877929688
2025-05-30,1,1,0.9999860497867025,24,589.3900146484375
2025-06-02,1,1,0.9997269111059301,24,592.7100219726562
2025-06-03,1,1,0.9998099670196487,24,596.0900268554688
2025-06-04,1,1,0.9999323066205437,24,595.9299926757812
2025-06-05,1,1,0.9999572202152442,24,593.0499877929688
2025-06-06,1,1,0.9992361799566193,24,599.1400146484375
2025-06-09,1,1,0.9997102967322905,24,599.6799926757812
2025-06-10,1,1,0.8938405611959315,24,603.0800170898438
2025-06-11,0,1,0.41286737796218576,24,601.3599853515625
2025-06-12,0,1,0.3515832435583073,24,603.75
2025-06-13,1,1,0.9891246412172896,24,597.0
2025-06-16,1,1,0.9828026748235072,24,602.6799926757812
2025-06-17,1,1,0.9999565275215722,24,597.530029296875
2025-06-18,1,1,0.9987407390837039,24,597.4400024414062
2025-06-20,1,1,0.9999930884369289,24,594.280029296875
2025-06-23,1,1,0.999954802809353,24,600.1500244140625
2025-06-24,1,1,0.9966582037573649,24,606.780029296875
2025-06-25,1,1,0.8695067628945861,24,607.1199951171875
2025-06-26,1,1,0.7348555513823302,24,611.8699951171875
2025-06-27,0,0,0.3807618959852416,24,614.9099731445312
2025-06-30,0,0,0.4827256402404599,24,617.8499755859375
2025-07-01,0,0,0.4561619916548442,24,617.6500244140625
2025-07-02,0,0,0.305703993800018,24,620.4500122070312
2025-07-03,0,0,0.203503118100539,24,625.3400268554688
2025-07-07,1,0,0.7587074375753531,24,620.6799926757812
2025-07-08,0,0,0.4815946509114005,24,620.3400268554688
2025-07-09,0,0,0.0823237078044468,24,624.0599975585938
2025-07-10,0,0,0.004853741328146861,24,625.8200073242188
2025-07-11,0,0,0.002364689327203834,24,623.6199951171875
2025-07-14,0,0,0.009205386373600272,24,624.8099975585938
2025-07-15,0,0,0.07993902158880928,24,622.1400146484375
2025-07-16,0,0,0.1366888888991041,24,624.219970703125
2025-07-17,0,0,0.39171163696476274,24,628.0399780273438
2025-07-18,1,0,0.6217704869375573,24,627.5800170898438
2025-07-21,1,0,0.9678242481071528,24,628.77001953125
2025-07-22,1,0,0.9910496506799586,24,628.8599853515625
2025-07-23,1,0,0.9365059359518892,24,634.2100219726562
2025-07-24,1,0,0.8148201763906543,24,634.4199829101562
2025-07-25,0,0,0.37460258236205984,24,637.0999755859375
2025-07-28,0,0,0.070589016626825,24,636.9400024414062
2025-07-29,0,0,0.03131100489756108,24,635.260009765625
2025-07-30,0,0,0.006814177834143094,24,634.4600219726562
2025-07-31,0,0,0.018133112302392264,24,632.0800170898438
2025-08-01,1,0,0.8727170719749423,24,621.719970703125
2025-08-04,1,0,0.5884179060629817,24,631.1699829101562
2025-08-05,0,0,0.31353827335201334,24,627.969970703125
2025-08-06,0,0,0.01617365950037394,24,632.780029296875
2025-08-07,0,0,0.0006583357251504139,24,632.25
2025-08-08,0,0,9.142540875191933e-05,24,637.1799926757812
2025-08-11,0,0,0.00025173827075307496,24,635.9199829101562
2025-08-12,0,0,0.00010809984358222932,24,642.6900024414062
2025-08-13,0,0,8.675753276087912e-05,25,644.8900146484375
2025-08-14,0,0,8.22172270096088e-05,25,644.9500122070312
2025-08-15,0,0,8.612759310428747e-05,25,643.4400024414062
2025-08-18,0,0,7.996808463920904e-05,25,643.2999877929688
2025-08-19,0,0,8.827569522868738e-05,25,639.8099975585938
2025-08-20,0,0,9.882988292380401e-05,25,638.1099853515625
2025-08-21,0,0,0.00014479241761466906,25,635.5499877929688
2025-08-22,0,0,8.784951474549683e-05,25,645.3099975585938
2025-08-25,0,0,9.299303020206656e-05,25,642.469970703125
2025-08-26,0,0,8.810149318950261e-05,25,645.1599731445312
2025-08-27,0,0,0.00010202494621018118,25,646.6300048828125
2025-08-28,0,0,9.259996307478894e-05,25,648.9199829101562
2025-08-29,0,0,0.00015520188705929797,25,645.0499877929688
2025-09-02,0,0,0.0003217430471488241,25,640.27001953125
2025-09-03,0,0,0.0002282156770911608,25,643.739990234375
2025-09-04,0,0,0.00013482784891760008,25,649.1199951171875
2025-09-05,0,0,0.00013759057557521308,25,647.239990234375
2025-09-08,0,0,0.00016744159432182548,25,648.8300170898438
2025-09-09,0,0,0.00013930479577313245,25,650.3300170898438
2025-09-10,0,0,0.000240268571967221,25,652.2100219726562
2025-09-11,0,0,0.00013649903923229652,25,657.6300048828125
2025-09-12,0,0,0.00015463830688787188,25,657.4099731445312
2025-09-15,0,0,0.0002331652008773305,25,660.9099731445312
2025-09-16,0,0,0.0003601595088199711,25,660.0
2025-09-17,0,0,0.0002570236060843384,25,659.1799926757812
2025-09-18,0,0,0.0003211038693614596,25,662.260009765625
2025-09-19,0,0,0.00039494381799693844,25,663.7000122070312
2025-09-22,0,0,0.0010043173895287142,25,666.8400268554688
2025-09-23,0,0,0.001622383051352676,25,663.2100219726562
2025-09-24,0,0,0.0008548558128280102,25,661.0999755859375
2025-09-25,0,0,0.0008197766331949479,25,658.0499877929688
2025-09-26,0,0,0.00031672488281162296,25,661.8200073242188
2025-09-29,0,0,0.0007691306693622298,25,663.6799926757812
2025-09-30,0,0,0.0026915397029409842,25,666.1799926757812
2025-10-01,0,0,0.0024324906970901424,25,668.4500122070312
2025-10-02,0,0,0.004244389385531049,25,669.219970703125
2025-10-03,0,0,0.00588339312572139,25,669.2100219726562
2025-10-06,0,0,0.004993571542623138,25,671.6099853515625
2025-10-07,0,0,0.007231228325041054,25,669.1199951171875
2025-10-08,0,0,0.0027873659339622374,25,673.1099853515625
2025-10-09,0,0,0.0028195550110075187,25,671.1599731445312
2025-10-10,0,0,0.01281338550035778,25,653.02001953125
2025-10-13,0,0,0.0013403476873590579,25,663.0399780273438
2025-10-14,0,0,0.00485335262602394,25,662.22998046875
2025-10-15,0,0,0.0069240489113416214,25,665.1699829101562
2025-10-16,1,0,0.9358736612981611,25,660.6400146484375
2025-10-17,1,0,0.8012429038100136,25,664.3900146484375
2025-10-20,0,0,0.12559593119143414,25,671.2999877929688
2025-10-21,0,0,0.005339159730998088,25,671.2899780273438
2025-10-22,0,0,0.0009263785567253817,25,667.7999877929688
2025-10-23,0,0,0.00038562492982038686,25,671.760009765625
2025-10-24,0,0,0.00026036720848017795,25,677.25
2025-10-27,0,0,0.00044340798992167896,25,685.239990234375
2025-10-28,0,0,0.0005579974653540141,25,687.0599975585938
2025-10-29,0,0,0.0006069672978119515,25,687.3900146484375
2025-10-30,0,0,0.0005023940597175135,25,679.8300170898438
2025-10-31,0,0,0.0007684678856540834,25,682.0599975585938
2025-11-03,0,0,0.0008864981098189481,25,683.3400268554688
2025-11-04,0,0,0.002524918547945675,25,675.239990234375
2025-11-05,0,0,0.001094985465428947,25,677.5800170898438
2025-11-06,0,0,0.003091944825469981,25,670.3099975585938
2025-11-07,0,0,0.00247431912821349,25,670.969970703125
2025-11-10,0,0,0.000509685123066049,25,681.4400024414062
2025-11-11,0,0,0.00040011536819884456,25,683.0
2025-11-12,0,0,0.00041472430706091873,25,683.3800048828125
2025-11-13,0,0,0.0036587365124309277,25,672.0399780273438
2025-11-14,0,0,0.002720129473124341,25,671.9299926757812
2025-11-17,0,0,0.030840208612994875,25,665.6699829101562
2025-11-18,1,0,0.83610926593402,25,660.0800170898438
2025-11-19,1,0,0.9909555543683859,25,662.6300048828125
2025-11-20,1,0,0.9999894509048278,25,652.530029296875
2025-11-21,1,0,0.9977819559008227,25,659.030029296875
2025-11-24,1,0,0.9154893002273935,25,668.72998046875
2025-11-25,0,0,0.4188483424961653,25,675.02001953125
2025-11-26,0,0,0.039334115405522486,25,679.6799926757812
2025-11-28,0,0,0.0017558239933194717,25,683.3900146484375
2025-12-01,0,0,0.0004999002736904883,25,680.27001953125
2025-12-02,0,0,0.0005482081351874877,25,681.530029296875
2025-12-03,0,0,0.0003108112261158447,25,683.8900146484375
2025-12-04,0,0,0.0002701185384830581,25,684.3900146484375
2025-12-05,0,0,0.00019868238993289684,25,685.6900024414062
2025-12-08,0,0,0.0002830697967777243,25,683.6300048828125
2025-12-09,0,0,0.00016602491594626184,25,683.0399780273438
2025-12-10,0,0,0.00011947416558055253,25,687.5700073242188
2025-12-11,0,0,0.00010891870007454359,25,689.1699829101562
2025-12-12,0,0,0.0001126397746107962,25,681.760009765625
2025-12-15,0,0,0.00015894782046902036,25,680.72998046875
2025-12-16,0,0,0.0001784103896219847,25,678.8699951171875
2025-12-17,0,0,0.0003507717555386689,25,671.4000244140625
2025-12-18,0,0,0.00024618008373354427,25,676.469970703125
2025-12-19,0,0,0.00014309506729807644,25,680.5900268554688
2025-12-22,0,0,9.856299729634784e-05,25,684.8300170898438
2025-12-23,0,0,9.029328030064227e-05,25,687.9600219726562
2025-12-24,0,0,0.00010121624513904798,25,690.3800048828125
2025-12-26,0,0,0.00012603755137898006,25,690.3099975585938
2025-12-29,0,0,0.00017420223270203577,25,687.8499755859375
2025-12-30,0,0,0.00025449528574390454,25,687.010009765625
2025-12-31,0,0,0.00028425766536618093,25,681.9199829101562
2026-01-02,0,0,0.0003005365755021563,25,683.1699829101562
2026-01-05,0,0,0.00021359426380883342,25,687.719970703125
2026-01-06,0,0,0.0001545084401958346,25,691.8099975585938
2026-01-07,0,0,0.0002171798362269797,25,689.5800170898438
2026-01-08,0,0,0.0002583315311129484,25,689.510009765625
2026-01-09,0,0,0.00016043233440129502,25,694.0700073242188
2026-01-12,0,0,0.0002007488515898,25,695.1599731445312
2026-01-13,0,0,0.0004623031835784165,25,693.77001953125
2026-01-14,0,0,0.0007111726993352591,25,690.3599853515625
2026-01-15,0,0,0.00034886325365679363,25,692.239990234375
2026-01-16,0,0,0.0008974480793962601,25,691.6599731445312
2026-01-20,0,0,0.00587030709552217,25,677.5800170898438
2026-01-21,0,0,0.0006316613367364478,25,685.4000244140625
2026-01-22,0,0,0.00024268362793207067,25,688.97998046875
2026-01-23,0,0,0.0003125325325351045,25,689.22998046875
2026-01-26,0,0,0.00024815989137875013,25,692.72998046875
2026-01-27,0,0,0.0002329104798673579,25,695.489990234375
2026-01-28,0,0,0.0001821715042158825,25,695.4199829101562
2026-01-29,0,0,0.00022846529195884256,25,694.0399780273438
2026-01-30,0,0,0.00042634534593906414,25,691.969970703125
2026-02-02,0,0,0.00014713068719593474,25,695.4099731445312
2026-02-03,0,0,0.0003742246617879079,25,689.530029296875
2026-02-04,0,0,0.0007603270917767595,25,686.1900024414062
2026-02-05,0,0,0.023117662331429926,25,677.6199951171875
2026-02-06,0,0,0.009663250402942563,25,690.6199951171875
2026-02-09,0,0,0.0004442155923104205,25,693.9500122070312
2026-02-10,0,0,0.00029917667975848757,25,692.1199951171875
2026-02-11,0,0,0.00026719059186094995,25,691.9600219726562
2026-02-12,0,0,0.002580098626911032,26,681.27001953125
2026-02-13,0,0,0.003646482789617308,26,681.75
2026-02-17,0,0,0.0022487097107093492,26,682.8499755859375
2026-02-18,0,0,0.0007589356932653458,26,686.2899780273438
2026-02-19,0,0,0.0011188049421163465,26,684.47998046875
2026-02-20,0,0,0.0003992445285468307,26,689.4299926757812
2026-02-23,0,0,0.002475396140622042,26,682.3900146484375
2026-02-24,0,0,0.000592921734318092,26,687.3499755859375
2026-02-25,0,0,0.00019260632423854056,26,693.1500244140625
2026-02-26,0,0,0.00040709795665293323,26,689.2999877929688
2026-02-27,0,0,0.0008384982793995893,26,685.989990234375
2026-03-02,0,0,0.00073166925946399,26,686.3800048828125
2026-03-03,0,0,0.033912372121748524,26,680.3300170898438
2026-03-04,0,0,0.0113535551871702,26,685.1300048828125
2026-03-05,0,0,0.070504872032881,26,681.3099975585938
2026-03-06,1,1,0.999936244880685,26,672.3800048828125
2026-03-09,1,1,0.9997797400558865,26,678.27001953125
2026-03-10,1,1,0.9991769188521419,26,677.1799926757812
2026-03-11,1,1,0.9958846208536624,26,676.3300170898438
2026-03-12,1,1,0.9999365421364045,26,666.0599975585938
2026-03-13,1,1,0.9998757380118465,26,662.2899780273438
2026-03-16,1,1,0.9139033376188177,26,669.030029296875
2026-03-17,1,1,0.7006860517791031,26,670.7899780273438
2026-03-18,1,1,0.9413929307839186,26,661.4299926757812
2026-03-19,1,1,0.9742526505203133,26,659.7999877929688
2026-03-20,1,1,0.9993877160435841,26,648.5700073242188
2026-03-23,1,1,0.9994126944821706,26,655.3800048828125
2026-03-24,1,1,0.9998850008838658,26,653.1799926757812
2026-03-25,1,1,0.999292141417318,26,656.8200073242188
2026-03-26,1,1,0.999958929479277,26,645.0900268554688
2026-03-27,1,1,0.999999992182099,26,634.0900268554688
2026-03-30,1,1,0.9999999986084891,26,631.969970703125
2026-03-31,1,1,0.9999721234946464,26,650.3400268554688
2026-04-01,1,1,0.9997355536107829,26,655.239990234375
2026-04-02,1,1,0.9997896692450463,26,655.8300170898438
2026-04-06,1,1,0.9998696742141738,26,658.9299926757812
2026-04-07,1,1,0.9999622066908387,26,659.219970703125
2026-04-08,1,1,0.9996834349429081,26,676.010009765625
2026-04-09,1,1,0.999588711118718,26,679.9099731445312
2026-04-10,1,1,0.9991039385358067,26,679.4600219726562
2026-04-13,1,1,0.9997171616357576,26,686.0999755859375
2026-04-14,1,1,0.9997130015681143,26,694.4600219726562
2026-04-15,1,1,0.9997622005942913,26,699.9400024414062
2026-04-16,1,1,0.9998126595843461,26,701.6599731445312
2026-04-17,1,1,0.9999718823054666,26,710.1400146484375
2026-04-20,1,1,0.9999921397069228,26,708.719970703125
2026-04-21,1,1,0.9999352366961423,26,704.0800170898438
2026-04-22,1,1,0.9999888162589007,26,711.2100219726562
2026-04-23,1,1,0.9999667808864506,26,708.4500122070312
2026-04-24,1,1,0.9999950377856893,26,713.9400024414062
2026-04-27,1,1,0.9999986368363479,26,715.1699829101562
2026-04-28,1,1,0.9999979135042032,26,711.6900024414062
2026-04-29,1,1,0.9976242426237816,26,711.5800170898438
2026-04-30,1,1,0.993851339843189,26,718.6599731445312
2026-05-01,1,1,0.9913690247376293,26,720.6500244140625
2026-05-04,1,1,0.983194611939558,26,718.010009765625
2026-05-05,1,1,0.9877732413708177,26,723.77001953125
2026-05-06,1,1,0.8705674019732589,26,733.8300170898438
2026-05-07,0,0,0.18130562591102903,26,731.5800170898438
2026-05-08,0,0,0.08381385721788227,26,737.6199951171875
2026-05-11,0,0,0.018912679302839908,26,739.2999877929688
2026-05-12,0,0,0.00044714743223129324,26,738.1799926757812
2026-05-13,0,0,0.00012033305896220109,26,742.3099975585938
2026-05-14,0,0,0.00011663667557433233,26,748.1699829101562
2026-05-15,0,0,1.0656011561573997e-05,26,739.1699829101562
2026-05-18,0,0,1.1091592461666645e-05,26,738.6500244140625
2026-05-19,0,0,1.3817486888798805e-05,26,733.72998046875
2026-05-20,0,0,2.6855833051744448e-05,26,741.25
2026-05-21,0,0,3.3835304579271727e-05,26,742.719970703125
2026-05-22,0,0,2.2502174098989734e-05,26,745.6400146484375
2026-05-26,0,0,5.740965948135396e-05,26,750.5900268554688
2026-05-27,0,0,5.449600458432744e-05,26,750.4600219726562
2026-05-28,0,0,0.00012078503696401144,26,754.5999755859375
2026-05-29,0,0,5.2534279731103016e-05,26,756.47998046875
2026-06-01,0,0,5.082941212664547e-05,26,758.5399780273438
2026-06-02,0,0,0.00011143314801970331,26,759.5700073242188
2026-06-03,0,0,3.635879289132639e-05,26,754.239990234375
2026-06-04,0,0,2.6901754043599542e-05,26,757.0900268554688
2026-06-05,0,0,0.001398593793373907,26,737.5499877929688
2026-06-08,0,0,0.0001179735810011553,26,739.219970703125
2026-06-09,0,0,0.00045673749980499755,26,737.0499877929688
2026-06-10,0,0,0.008855400998171076,26,725.4299926757812
2026-06-11,0,0,0.0037038960919484206,26,737.760009765625
2026-06-12,0,0,0.0013358590141654466,26,741.75
2026-06-15,0,0,0.0011802253537002544,26,754.8300170898438
2026-06-16,0,0,0.0012450468231294592,26,750.3300170898438
2026-06-17,0,0,0.0028998094287919335,26,740.9600219726562
2026-06-18,0,0,0.0013252498886782032,26,746.739990234375
2026-06-22,0,0,0.0011836123447330304,26,744.3900146484375
2026-06-23,0,0,0.007482317915989782,26,733.5800170898438
2026-06-24,0,0,0.0066687638272921465,26,733.239990234375
2026-06-25,0,0,0.0074556019185168885,26,734.2999877929688
2026-06-26,0,0,0.012439513567181728,26,728.989990234375
2026-06-29,0,0,0.01771044085724074,26,741.0
2026-06-30,0,0,0.04856266459526876,26,746.77001953125
2026-07-01,0,0,0.05607507651178973,26,745.760009765625
2026-07-02,0,0,0.0789315910931901,26,744.780029296875
2026-07-06,0,0,0.12661757330226206,26,751.280029296875
2026-07-07,0,0,0.015024896044597865,26,747.7100219726562
2026-07-08,0,0,0.0019486870405326761,26,745.4000244140625
2026-07-09,0,0,0.0007520546611043871,26,751.7100219726562
2026-07-10,0,0,0.0003726211593783691,26,754.9500122070312
2026-07-13,0,0,6.847909138158011e-05,26,749.1699829101562
2026-07-14,0,0,7.94300753935721e-05,26,751.8300170898438
2026-07-15,0,0,8.174150241980386e-05,26,754.8099975585938
2026-07-16,0,0,9.395737805541313e-05,26,750.719970703125
2026-07-17,0,0,0.00030894523438933084,26,743.2899780273438
2026-07-20,0,0,0.00026516228565068566,26,742.0900268554688
2026-07-21,0,0,7.250842646099921e-05,26,748.280029296875
2026-07-22,0,0,3.468062351793735e-05,26,747.4099731445312
2026-07-23,0,0,6.665941650180803e-05,26,738.1799926757812
2026-07-24,0,0,5.772394118963959e-05,26,738.9299926757812
2026-07-27,0,0,6.581876968793977e-05,26,739.0900268554688
2026-07-28,0,0,0.000117881316030533,26,740.8599853515625
2026-07-29,0,0,0.001989813661508855,26,729.4600219726562
2026-07-30,0,0,0.00024083280935376328,26,741.6900024414062
2026-07-31,0,0,7.839510757067258e-05,26,747.030029296875
2026-08-03,0,0,3.393510280835009e-05,26,757.6699829101562
2026-08-04,0,0,0.00013611928548780964,26,771.3300170898438
2026-08-05,0,0,0.00014002555477057735,26,769.7899780273438
2026-08-06,0,0,8.241205710528279e-05,26,768.5599975585938
2026-08-07,0,0,0.00012633972165285732,26,773.260009765625
2026-08-10,0,0,0.00011632200866347044,26,773.030029296875
2026-08-11,0,0,9.00240344166602e-05,26,770.5599975585938
2026-08-12,0,0,8.796337462712156e-05,26,772.489990234375
2026-08-13,0,0,0.00012789721901658145,26,777.8800048828125
